Customer ID,Age,Income,Education,Country,Customer Segment,Average Spend,Purchases,Response Rate
1,69,58138.00,Graduation,Germany,Low Value,0.00,0,0.0000
2,72,46344.00,Graduation,Canada,Low Value,0.00,0,0.0000
3,61,71613.00,Graduation,United Kingdom,Low Value,0.00,0,0.0000
4,42,26646.00,Graduation,Germany,Low Value,0.00,0,0.0000
5,45,58293.00,PhD,Canada,Low Value,0.00,0,0.0000
6,59,62513.00,Master,United States,Low Value,0.00,0,0.0000
7,55,55635.00,Graduation,Canada,Low Value,0.00,0,0.0000
8,41,33454.00,PhD,United States,Low Value,0.00,0,0.0000
9,52,30351.00,PhD,Australia,Low Value,0.00,0,0.0000
10,76,5648.00,PhD,Germany,Low Value,0.00,0,0.0000
11,43,0.00,Graduation,United Kingdom,Low Value,0.00,0,0.0000
12,50,7500.00,Basic,Canada,Low Value,0.00,0,0.0000
13,67,63033.00,Graduation,Canada,Low Value,0.00,0,0.0000
14,74,59354.00,Master,Australia,Low Value,0.00,0,0.0000
15,39,17323.00,Graduation,Germany,Low Value,0.00,0,0.0000
16,80,82800.00,PhD,Germany,Low Value,0.00,0,0.0000
17,46,41850.00,Graduation,United States,Low Value,0.00,0,0.0000
18,80,37760.00,Graduation,Australia,Low Value,0.00,0,0.0000
19,77,76995.00,Master,Australia,Low Value,0.00,0,0.0000
20,41,33812.00,2n Cycle,United Kingdom,Low Value,0.00,0,0.0000
21,44,37040.00,Graduation,United States,Low Value,0.00,0,0.0000
22,47,2447.00,Graduation,Germany,Low Value,0.00,0,0.0000
23,77,58607.00,PhD,United Kingdom,Low Value,0.00,0,0.0000
24,72,65324.00,PhD,Canada,Low Value,0.00,0,0.0000
25,75,40689.00,Graduation,United States,Low Value,0.00,0,0.0000
26,57,18589.00,Graduation,United Kingdom,Low Value,0.00,0,0.0000
27,50,53359.00,Graduation,United States,Low Value,0.00,0,0.0000
28,40,0.00,Graduation,Australia,Low Value,0.00,0,0.0000
29,37,38360.00,Graduation,Canada,Low Value,0.00,0,0.0000
30,61,84618.00,PhD,United States,Low Value,0.00,0,0.0000
31,37,10979.00,Master,Canada,Low Value,0.00,0,0.0000
32,63,38620.00,Master,Germany,Low Value,0.00,0,0.0000
33,56,40548.00,Graduation,Australia,Low Value,0.00,0,0.0000
34,74,46610.00,PhD,Australia,Low Value,0.00,0,0.0000
35,80,68657.00,Master,United Kingdom,Low Value,0.00,0,0.0000
36,75,49389.00,Master,United Kingdom,Low Value,0.00,0,0.0000
37,56,67353.00,PhD,United Kingdom,Low Value,0.00,0,0.0000
38,50,23718.00,2n Cycle,Germany,Low Value,0.00,0,0.0000
39,53,42429.00,Graduation,United States,Low Value,0.00,0,0.0000
40,83,48948.00,PhD,Australia,Low Value,0.00,0,0.0000
41,46,80011.00,Graduation,Germany,Low Value,0.00,0,0.0000
42,41,20559.00,Master,United States,Low Value,0.00,0,0.0000
43,69,21994.00,Graduation,United Kingdom,Low Value,0.00,0,0.0000
44,67,0.00,PhD,United Kingdom,Low Value,0.00,0,0.0000
45,51,7500.00,Master,United States,Low Value,0.00,0,0.0000
46,50,79941.00,Graduation,Germany,Low Value,0.00,0,0.0000
47,30,7500.00,2n Cycle,Canada,Low Value,0.00,0,0.0000
48,58,41728.00,Graduation,United Kingdom,Low Value,0.00,0,0.0000
49,75,0.00,Graduation,Canada,Low Value,0.00,0,0.0000
50,72,72550.00,PhD,Germany,Low Value,0.00,0,0.0000
51,69,65486.00,Graduation,Australia,Low Value,0.00,0,0.0000
52,62,79143.00,Master,Canada,Low Value,0.00,0,0.0000
53,49,35790.00,Graduation,Canada,Low Value,0.00,0,0.0000
54,49,82582.00,Graduation,Canada,Low Value,0.00,0,0.0000
55,48,66373.00,Graduation,Australia,Low Value,0.00,0,0.0000
56,71,82384.00,Master,United Kingdom,Low Value,0.00,0,0.0000
57,60,70287.00,Graduation,Germany,Low Value,0.00,0,0.0000
58,38,27938.00,Graduation,Canada,Low Value,0.00,0,0.0000
59,44,0.00,Graduation,Canada,Low Value,0.00,0,0.0000
60,58,55954.00,PhD,Australia,Low Value,0.00,0,0.0000
61,44,75777.00,Master,United Kingdom,Low Value,0.00,0,0.0000
62,51,66653.00,Graduation,United Kingdom,Low Value,0.00,0,0.0000
63,74,61823.00,Graduation,Canada,Low Value,0.00,0,0.0000
64,75,67680.00,PhD,Australia,Low Value,0.00,0,0.0000
65,78,70666.00,Graduation,Canada,Low Value,0.00,0,0.0000
66,55,25721.00,Graduation,United Kingdom,Low Value,0.00,0,0.0000
67,59,32474.00,Graduation,United Kingdom,Low Value,0.00,0,0.0000
68,47,88194.00,2n Cycle,United Kingdom,Low Value,0.00,0,0.0000
69,68,69096.00,Graduation,United States,Low Value,0.00,0,0.0000
70,56,74854.00,Graduation,Australia,Low Value,0.00,0,0.0000
71,72,66991.00,Master,Australia,Low Value,0.00,0,0.0000
72,53,0.00,2n Cycle,Germany,Low Value,0.00,0,0.0000
73,67,65031.00,Graduation,Germany,Low Value,0.00,0,0.0000
74,51,60631.00,PhD,Germany,Low Value,0.00,0,0.0000
75,74,28332.00,Graduation,United States,Low Value,0.00,0,0.0000
76,49,40246.00,Graduation,Germany,Low Value,0.00,0,0.0000
77,54,75251.00,Master,United States,Low Value,0.00,0,0.0000
78,50,75825.00,Graduation,United Kingdom,Low Value,0.00,0,0.0000
79,50,26326.00,2n Cycle,Australia,Low Value,0.00,0,0.0000
80,61,56046.00,Graduation,Australia,Low Value,0.00,0,0.0000
81,41,29760.00,Graduation,Canada,Low Value,0.00,0,0.0000
82,57,26304.00,Graduation,Canada,Low Value,0.00,0,0.0000
83,53,23559.00,2n Cycle,Australia,Low Value,0.00,0,0.0000
84,63,38620.00,Master,Germany,Low Value,0.00,0,0.0000
85,39,81361.00,Graduation,United Kingdom,Low Value,0.00,0,0.0000
86,66,29440.00,Graduation,United Kingdom,Low Value,0.00,0,0.0000
87,56,36138.00,Master,United Kingdom,Low Value,0.00,0,0.0000
88,69,50388.00,Graduation,United States,Low Value,0.00,0,0.0000
89,53,79593.00,Graduation,Germany,Low Value,0.00,0,0.0000
90,59,54178.00,Graduation,Canada,Low Value,0.00,0,0.0000
91,69,0.00,PhD,United Kingdom,Low Value,0.00,0,0.0000
92,69,0.00,Graduation,United Kingdom,Low Value,0.00,0,0.0000
93,53,0.00,Master,United States,Low Value,0.00,0,0.0000
94,54,42394.00,Master,United Kingdom,Low Value,0.00,0,0.0000
95,56,23626.00,PhD,Canada,Low Value,0.00,0,0.0000
96,43,30096.00,Graduation,Germany,Low Value,0.00,0,0.0000
97,66,47916.00,Graduation,United Kingdom,Low Value,0.00,0,0.0000
98,54,51813.00,Graduation,Canada,Low Value,0.00,0,0.0000
99,75,78497.00,2n Cycle,Germany,Low Value,0.00,0,0.0000
100,43,50150.00,PhD,Germany,Low Value,0.00,0,0.0000
101,66,47823.00,2n Cycle,Canada,Low Value,0.00,0,0.0000
102,67,34554.00,PhD,Australia,Low Value,0.00,0,0.0000
103,47,85693.00,Graduation,Australia,Low Value,0.00,0,0.0000
104,81,65846.00,PhD,United Kingdom,Low Value,0.00,0,0.0000
105,67,87195.00,Graduation,Canada,Low Value,0.00,0,0.0000
106,47,24594.00,Basic,United Kingdom,Low Value,0.00,0,0.0000
107,62,49096.00,Graduation,Australia,Low Value,0.00,0,0.0000
108,57,52413.00,Graduation,Australia,Low Value,0.00,0,0.0000
109,48,38557.00,Graduation,Canada,Low Value,0.00,0,0.0000
110,66,89058.00,Master,United States,Low Value,0.00,0,0.0000
111,47,77298.00,Graduation,United Kingdom,Low Value,0.00,0,0.0000
112,35,68126.00,PhD,United States,Low Value,0.00,0,0.0000
113,63,57288.00,Master,United States,Low Value,0.00,0,0.0000
114,35,86037.00,Graduation,Canada,Low Value,0.00,0,0.0000
115,46,43974.00,PhD,Germany,Low Value,0.00,0,0.0000
116,64,50785.00,Graduation,Germany,Low Value,0.00,0,0.0000
117,56,90765.00,Graduation,United States,Low Value,0.00,0,0.0000
118,48,36550.00,2n Cycle,Germany,Low Value,0.00,0,0.0000
119,59,30753.00,2n Cycle,United States,Low Value,0.00,0,0.0000
120,57,21918.00,Graduation,United States,Low Value,0.00,0,0.0000
121,73,56129.00,Master,Germany,Low Value,0.00,0,0.0000
122,59,32557.00,Master,United States,Low Value,0.00,0,0.0000
123,41,19510.00,Master,Australia,Low Value,0.00,0,0.0000
124,50,30992.00,Graduation,Canada,Low Value,0.00,0,0.0000
125,43,101970.00,Graduation,United Kingdom,Low Value,0.00,0,0.0000
126,61,71488.00,2n Cycle,Canada,Low Value,0.00,0,0.0000
127,42,79607.00,Graduation,United States,Low Value,0.00,0,0.0000
128,73,54348.00,Master,Canada,Low Value,0.00,0,0.0000
129,65,0.00,PhD,Australia,Low Value,0.00,0,0.0000
130,70,77376.00,PhD,Australia,Low Value,0.00,0,0.0000
131,74,62998.00,Graduation,Germany,Low Value,0.00,0,0.0000
132,68,61331.00,Master,Canada,Low Value,0.00,0,0.0000
133,57,73448.00,Graduation,United Kingdom,Low Value,0.00,0,0.0000
134,63,0.00,Graduation,United Kingdom,Low Value,0.00,0,0.0000
135,62,41551.00,PhD,Australia,Low Value,0.00,0,0.0000
136,59,62981.00,PhD,Canada,Low Value,0.00,0,0.0000
137,50,9548.00,Basic,United States,Low Value,0.00,0,0.0000
138,67,33762.00,PhD,Australia,Low Value,0.00,0,0.0000
139,53,35860.00,PhD,Australia,Low Value,0.00,0,0.0000
140,61,36921.00,PhD,United States,Low Value,0.00,0,0.0000
141,34,92859.00,Master,Australia,Low Value,0.00,0,0.0000
142,50,65104.00,Master,United States,Low Value,0.00,0,0.0000
143,64,86111.00,Graduation,United Kingdom,Low Value,0.00,0,0.0000
144,52,68352.00,PhD,Canada,Low Value,0.00,0,0.0000
145,38,41883.00,Graduation,Canada,Low Value,0.00,0,0.0000
146,50,59809.00,Graduation,United States,Low Value,0.00,0,0.0000
147,51,23957.00,Graduation,Canada,Low Value,0.00,0,0.0000
148,45,38547.00,Graduation,Germany,Low Value,0.00,0,0.0000
149,53,35688.00,2n Cycle,Australia,Low Value,0.00,0,0.0000
150,60,49605.00,Master,United Kingdom,Low Value,0.00,0,0.0000
151,73,59354.00,Master,Canada,Low Value,0.00,0,0.0000
152,57,65747.00,Graduation,Canada,Low Value,0.00,0,0.0000
153,54,46344.00,2n Cycle,Canada,Low Value,0.00,0,0.0000
154,38,34176.00,Graduation,United Kingdom,Low Value,0.00,0,0.0000
155,74,61010.00,PhD,Germany,Low Value,0.00,0,0.0000
156,77,69372.00,Graduation,Canada,Low Value,0.00,0,0.0000
157,68,49967.00,Graduation,Australia,Low Value,0.00,0,0.0000
158,48,60199.00,Graduation,United Kingdom,Low Value,0.00,0,0.0000
159,49,55375.00,Graduation,Canada,Low Value,0.00,0,0.0000
160,71,80317.00,Graduation,Australia,Low Value,0.00,0,0.0000
161,68,30523.00,Master,Australia,Low Value,0.00,0,0.0000
162,81,70356.00,PhD,Australia,Low Value,0.00,0,0.0000
163,42,23228.00,Graduation,Australia,Low Value,0.00,0,0.0000
164,51,74165.00,PhD,United States,Low Value,0.00,0,0.0000
165,53,157243.00,PhD,United States,Low Value,0.00,0,0.0000
166,60,43482.00,Graduation,Canada,Low Value,0.00,0,0.0000
167,73,62551.00,Graduation,Canada,Low Value,0.00,0,0.0000
168,67,52332.00,Graduation,United States,Low Value,0.00,0,0.0000
169,38,66951.00,Graduation,Germany,Low Value,0.00,0,0.0000
170,69,26091.00,Graduation,Canada,Low Value,0.00,0,0.0000
171,61,33456.00,Graduation,Germany,Low Value,0.00,0,0.0000
172,44,28718.00,Graduation,Canada,Low Value,0.00,0,0.0000
173,56,50447.00,Graduation,Germany,Low Value,0.00,0,0.0000
174,67,53537.00,PhD,Canada,Low Value,0.00,0,0.0000
175,59,52074.00,Graduation,United States,Low Value,0.00,0,0.0000
176,51,80427.00,PhD,United Kingdom,Low Value,0.00,0,0.0000
177,78,83837.00,PhD,United States,Low Value,0.00,0,0.0000
178,56,38853.00,PhD,United States,Low Value,0.00,0,0.0000
179,67,38285.00,Graduation,Germany,Low Value,0.00,0,0.0000
180,75,78497.00,2n Cycle,Australia,Low Value,0.00,0,0.0000
181,50,51650.00,PhD,United Kingdom,Low Value,0.00,0,0.0000
182,38,16248.00,2n Cycle,Germany,Low Value,0.00,0,0.0000
183,80,66835.00,Master,United States,Low Value,0.00,0,0.0000
184,42,30477.00,Master,Canada,Low Value,0.00,0,0.0000
185,65,28249.00,Basic,Germany,Low Value,0.00,0,0.0000
186,43,25271.00,Graduation,United States,Low Value,0.00,0,0.0000
187,56,32303.00,PhD,United Kingdom,Low Value,0.00,0,0.0000
188,60,61286.00,Graduation,United Kingdom,Low Value,0.00,0,0.0000
189,50,74068.00,Graduation,United Kingdom,Low Value,0.00,0,0.0000
190,62,45759.00,PhD,United States,Low Value,0.00,0,0.0000
191,48,24882.00,Basic,United States,Low Value,0.00,0,0.0000
192,37,66973.00,PhD,Australia,Low Value,0.00,0,0.0000
193,126,36640.00,2n Cycle,Australia,Low Value,0.00,0,0.0000
194,38,38872.00,Graduation,Australia,Low Value,0.00,0,0.0000
195,53,51148.00,Graduation,United States,Low Value,0.00,0,0.0000
196,49,31353.00,Graduation,Germany,Low Value,0.00,0,0.0000
197,46,69661.00,Master,Australia,Low Value,0.00,0,0.0000
198,72,80067.00,Graduation,Australia,Low Value,0.00,0,0.0000
199,72,86718.00,Graduation,United States,Low Value,0.00,0,0.0000
200,53,46854.00,PhD,United Kingdom,Low Value,0.00,0,0.0000
201,74,69142.00,Graduation,Germany,Low Value,0.00,0,0.0000
202,58,75922.00,Graduation,United Kingdom,Low Value,0.00,0,0.0000
203,48,63693.00,Graduation,United States,Low Value,0.00,0,0.0000
204,49,102160.00,PhD,Canada,Low Value,0.00,0,0.0000
205,61,40637.00,PhD,Canada,Low Value,0.00,0,0.0000
206,42,18890.00,Master,Australia,Low Value,0.00,0,0.0000
207,38,29604.00,Graduation,Australia,Low Value,0.00,0,0.0000
208,63,48721.00,Master,Germany,Low Value,0.00,0,0.0000
209,60,44794.00,Graduation,United States,Low Value,0.00,0,0.0000
210,72,64497.00,Graduation,Canada,Low Value,0.00,0,0.0000
211,70,46097.00,Graduation,Germany,Low Value,0.00,0,0.0000
212,72,77972.00,Graduation,Canada,Low Value,0.00,0,0.0000
213,58,44377.00,PhD,United Kingdom,Low Value,0.00,0,0.0000
214,52,46014.00,Master,United States,Low Value,0.00,0,0.0000
215,41,70951.00,Graduation,United States,Low Value,0.00,0,0.0000
216,49,41443.00,Graduation,Australia,Low Value,0.00,0,0.0000
217,48,52195.00,2n Cycle,United Kingdom,Low Value,0.00,0,0.0000
218,78,83790.00,Master,United States,Low Value,0.00,0,0.0000
219,72,44551.00,Master,United Kingdom,Low Value,0.00,0,0.0000
220,46,69508.00,Graduation,United States,Low Value,0.00,0,0.0000
221,38,45204.00,2n Cycle,Canada,Low Value,0.00,0,0.0000
222,57,72460.00,Graduation,Germany,Low Value,0.00,0,0.0000
223,56,77622.00,PhD,Canada,Low Value,0.00,0,0.0000
224,46,30732.00,PhD,Canada,Low Value,0.00,0,0.0000
225,64,63887.00,Graduation,United Kingdom,Low Value,0.00,0,0.0000
226,48,42011.00,Graduation,Germany,Low Value,0.00,0,0.0000
227,50,51369.00,Graduation,United Kingdom,Low Value,0.00,0,0.0000
228,74,51537.00,Graduation,Canada,Low Value,0.00,0,0.0000
229,54,79930.00,PhD,United Kingdom,Low Value,0.00,0,0.0000
230,40,34320.00,PhD,United Kingdom,Low Value,0.00,0,0.0000
231,60,37070.00,Graduation,United States,Low Value,0.00,0,0.0000
232,64,81975.00,2n Cycle,United States,Low Value,0.00,0,0.0000
233,55,38590.00,Graduation,Germany,Low Value,0.00,0,0.0000
234,75,15033.00,Graduation,United States,Low Value,0.00,0,0.0000
235,61,62745.00,PhD,Germany,Low Value,0.00,0,0.0000
236,51,22212.00,2n Cycle,United States,Low Value,0.00,0,0.0000
237,44,23661.00,Master,Canada,Low Value,0.00,0,0.0000
238,68,79761.00,PhD,United Kingdom,Low Value,0.00,0,0.0000
239,53,7500.00,Graduation,United States,Low Value,0.00,0,0.0000
240,133,60182.00,2n Cycle,Canada,Low Value,0.00,0,0.0000
241,58,73455.00,Graduation,Australia,Low Value,0.00,0,0.0000
242,68,64961.00,Graduation,Germany,Low Value,0.00,0,0.0000
243,55,22804.00,Graduation,United States,Low Value,0.00,0,0.0000
244,36,73687.00,Graduation,Canada,Low Value,0.00,0,0.0000
245,68,61074.00,Graduation,Australia,Low Value,0.00,0,0.0000
246,62,31686.00,PhD,United States,Low Value,0.00,0,0.0000
247,54,80134.00,Graduation,Germany,Low Value,0.00,0,0.0000
248,73,75027.00,Graduation,Germany,Low Value,0.00,0,0.0000
249,38,67546.00,PhD,United States,Low Value,0.00,0,0.0000
250,57,65176.00,Master,Germany,Low Value,0.00,0,0.0000
251,51,31160.00,Master,United States,Low Value,0.00,0,0.0000
252,41,29938.00,Graduation,Australia,Low Value,0.00,0,0.0000
253,52,102692.00,Graduation,United States,Low Value,0.00,0,0.0000
254,68,26490.00,2n Cycle,United Kingdom,Low Value,0.00,0,0.0000
255,59,75702.00,Graduation,United States,Low Value,0.00,0,0.0000
256,52,30899.00,PhD,United Kingdom,Low Value,0.00,0,0.0000
257,65,63342.00,PhD,Germany,Low Value,0.00,0,0.0000
258,62,45989.00,Graduation,Canada,Low Value,0.00,0,0.0000
259,62,18701.00,Graduation,United Kingdom,Low Value,0.00,0,0.0000
260,69,40737.00,PhD,Germany,Low Value,0.00,0,0.0000
261,47,15287.00,Graduation,United States,Low Value,0.00,0,0.0000
262,58,69674.00,PhD,United States,Low Value,0.00,0,0.0000
263,56,44159.00,Master,Germany,Low Value,0.00,0,0.0000
264,48,37717.00,PhD,United Kingdom,Low Value,0.00,0,0.0000
265,74,43776.00,Master,Australia,Low Value,0.00,0,0.0000
266,60,38179.00,Master,United Kingdom,Low Value,0.00,0,0.0000
267,63,80124.00,Graduation,Australia,Low Value,0.00,0,0.0000
268,56,38097.00,PhD,Canada,Low Value,0.00,0,0.0000
269,56,72940.00,Graduation,United Kingdom,Low Value,0.00,0,0.0000
270,56,22070.00,Graduation,Germany,Low Value,0.00,0,0.0000
271,73,69267.00,Graduation,United States,Low Value,0.00,0,0.0000
272,43,31788.00,Master,Canada,Low Value,0.00,0,0.0000
273,51,61905.00,PhD,United States,Low Value,0.00,0,0.0000
274,66,29315.00,Graduation,Canada,Low Value,0.00,0,0.0000
275,63,33378.00,Graduation,United States,Low Value,0.00,0,0.0000
276,63,66313.00,PhD,Germany,Low Value,0.00,0,0.0000
277,70,60714.00,Graduation,Australia,Low Value,0.00,0,0.0000
278,45,77882.00,Master,United Kingdom,Low Value,0.00,0,0.0000
279,40,69867.00,PhD,Australia,Low Value,0.00,0,0.0000
280,58,63841.00,Master,Germany,Low Value,0.00,0,0.0000
281,45,24480.00,Basic,United Kingdom,Low Value,0.00,0,0.0000
282,50,51369.00,Graduation,United Kingdom,Low Value,0.00,0,0.0000
283,80,37760.00,Graduation,United States,Low Value,0.00,0,0.0000
284,52,65640.00,PhD,Germany,Low Value,0.00,0,0.0000
285,51,44319.00,Master,Canada,Low Value,0.00,0,0.0000
286,52,30631.00,Graduation,Canada,Low Value,0.00,0,0.0000
287,74,75278.00,Graduation,United States,Low Value,0.00,0,0.0000
288,70,50898.00,Master,Australia,Low Value,0.00,0,0.0000
289,60,79946.00,Graduation,Germany,Low Value,0.00,0,0.0000
290,77,35416.00,Master,United States,Low Value,0.00,0,0.0000
291,42,32414.00,2n Cycle,United Kingdom,Low Value,0.00,0,0.0000
292,57,38361.00,Graduation,Germany,Low Value,0.00,0,0.0000
293,46,82497.00,Graduation,Australia,Low Value,0.00,0,0.0000
294,55,16626.00,Graduation,United Kingdom,Low Value,0.00,0,0.0000
295,61,29672.00,Graduation,Canada,Low Value,0.00,0,0.0000
296,74,55951.00,Master,Germany,Low Value,0.00,0,0.0000
297,38,35388.00,2n Cycle,Canada,Low Value,0.00,0,0.0000
298,40,42386.00,Master,United States,Low Value,0.00,0,0.0000
299,44,68627.00,Graduation,United States,Low Value,0.00,0,0.0000
300,61,57912.00,PhD,Australia,Low Value,0.00,0,0.0000
301,68,35246.00,Graduation,Canada,Low Value,0.00,0,0.0000
302,70,58821.00,2n Cycle,Canada,Low Value,0.00,0,0.0000
303,48,46377.00,PhD,Germany,Low Value,0.00,0,0.0000
304,38,39747.00,Graduation,United States,Low Value,0.00,0,0.0000
305,42,23976.00,Graduation,Australia,Low Value,0.00,0,0.0000
306,65,80950.00,Master,United States,Low Value,0.00,0,0.0000
307,60,27038.00,Graduation,Australia,Low Value,0.00,0,0.0000
308,79,77457.00,Graduation,United States,Low Value,0.00,0,0.0000
309,62,64100.00,Master,United Kingdom,Low Value,0.00,0,0.0000
310,34,42670.00,Master,Canada,Low Value,0.00,0,0.0000
311,50,12571.00,Graduation,Canada,Low Value,0.00,0,0.0000
312,59,22574.00,Graduation,United Kingdom,Low Value,0.00,0,0.0000
313,37,0.00,Graduation,Germany,Low Value,0.00,0,0.0000
314,50,70893.00,Master,Australia,Low Value,0.00,0,0.0000
315,60,54198.00,Graduation,Canada,Low Value,0.00,0,0.0000
316,70,28839.00,Master,Germany,Low Value,0.00,0,0.0000
317,54,40321.00,Graduation,United States,Low Value,0.00,0,0.0000
318,41,66503.00,Graduation,Australia,Low Value,0.00,0,0.0000
319,75,30833.00,Graduation,Germany,Low Value,0.00,0,0.0000
320,56,0.00,Graduation,Germany,Low Value,0.00,0,0.0000
321,55,64795.00,Graduation,Australia,Low Value,0.00,0,0.0000
322,52,34421.00,Graduation,Canada,Low Value,0.00,0,0.0000
323,61,47025.00,PhD,Australia,Low Value,0.00,0,0.0000
324,65,64325.00,PhD,Germany,Low Value,0.00,0,0.0000
325,73,40464.00,Graduation,United States,Low Value,0.00,0,0.0000
326,69,62187.00,Graduation,Germany,Low Value,0.00,0,0.0000
327,50,14849.00,PhD,United Kingdom,Low Value,0.00,0,0.0000
328,42,27255.00,Graduation,United Kingdom,Low Value,0.00,0,0.0000
329,76,54432.00,PhD,Canada,Low Value,0.00,0,0.0000
330,40,29999.00,PhD,Canada,Low Value,0.00,0,0.0000
331,43,24072.00,Graduation,Australia,Low Value,0.00,0,0.0000
332,37,33996.00,PhD,United States,Low Value,0.00,0,0.0000
333,70,66334.00,PhD,United Kingdom,Low Value,0.00,0,0.0000
334,55,35178.00,Master,United Kingdom,Low Value,0.00,0,0.0000
335,43,22010.00,Graduation,Australia,Low Value,0.00,0,0.0000
336,66,62204.00,Graduation,Australia,Low Value,0.00,0,0.0000
337,58,75693.00,Graduation,Germany,Low Value,0.00,0,0.0000
338,54,30675.00,Graduation,Canada,Low Value,0.00,0,0.0000
339,61,83003.00,Graduation,Canada,Low Value,0.00,0,0.0000
340,127,83532.00,PhD,United Kingdom,Low Value,0.00,0,0.0000
341,38,68655.00,Graduation,Canada,Low Value,0.00,0,0.0000
342,40,41411.00,Graduation,United States,Low Value,0.00,0,0.0000
343,57,55212.00,PhD,Germany,Low Value,0.00,0,0.0000
344,76,59292.00,PhD,Canada,Low Value,0.00,0,0.0000
345,53,27190.00,Basic,United States,Low Value,0.00,0,0.0000
346,74,82623.00,Graduation,Canada,Low Value,0.00,0,0.0000
347,61,44300.00,Graduation,United Kingdom,Low Value,0.00,0,0.0000
348,56,84835.00,Graduation,Germany,Low Value,0.00,0,0.0000
349,55,30372.00,Graduation,Australia,Low Value,0.00,0,0.0000
350,50,33181.00,Master,United States,Low Value,0.00,0,0.0000
351,69,71113.00,Graduation,United Kingdom,Low Value,0.00,0,0.0000
352,40,71952.00,Graduation,United Kingdom,Low Value,0.00,0,0.0000
353,60,69759.00,PhD,United States,Low Value,0.00,0,0.0000
354,52,72099.00,Graduation,United States,Low Value,0.00,0,0.0000
355,50,60000.00,PhD,Germany,Low Value,0.00,0,0.0000
356,48,38643.00,Graduation,Canada,Low Value,0.00,0,0.0000
357,71,50737.00,Graduation,Canada,Low Value,0.00,0,0.0000
358,57,68462.00,PhD,Germany,Low Value,0.00,0,0.0000
359,83,65073.00,Master,Germany,Low Value,0.00,0,0.0000
360,78,46681.00,PhD,Canada,Low Value,0.00,0,0.0000
361,69,78618.00,Graduation,Australia,Low Value,0.00,0,0.0000
362,57,62187.00,PhD,Germany,Low Value,0.00,0,0.0000
363,48,28442.00,Graduation,Canada,Low Value,0.00,0,0.0000
364,48,37717.00,PhD,United Kingdom,Low Value,0.00,0,0.0000
365,59,51479.00,Graduation,Canada,Low Value,0.00,0,0.0000
366,57,54803.00,Graduation,Canada,Low Value,0.00,0,0.0000
367,66,79530.00,Graduation,United Kingdom,Low Value,0.00,0,0.0000
368,50,31615.00,Graduation,Canada,Low Value,0.00,0,0.0000
369,64,72025.00,Graduation,United States,Low Value,0.00,0,0.0000
370,51,52614.00,PhD,Australia,Low Value,0.00,0,0.0000
371,42,35684.00,2n Cycle,Germany,Low Value,0.00,0,0.0000
372,51,48178.00,Graduation,Germany,Low Value,0.00,0,0.0000
373,56,29548.00,Master,United States,Low Value,0.00,0,0.0000
374,60,63810.00,Graduation,Germany,Low Value,0.00,0,0.0000
375,54,38578.00,PhD,Canada,Low Value,0.00,0,0.0000
376,51,46098.00,Master,United Kingdom,Low Value,0.00,0,0.0000
377,56,22585.00,Graduation,Australia,Low Value,0.00,0,0.0000
378,37,30279.00,Graduation,Canada,Low Value,0.00,0,0.0000
379,65,66426.00,PhD,United Kingdom,Low Value,0.00,0,0.0000
380,57,30822.00,Graduation,United Kingdom,Low Value,0.00,0,0.0000
381,57,33581.00,PhD,United Kingdom,Low Value,0.00,0,0.0000
382,41,19986.00,Graduation,Germany,Low Value,0.00,0,0.0000
383,72,27421.00,Graduation,Australia,Low Value,0.00,0,0.0000
384,53,35688.00,2n Cycle,United Kingdom,Low Value,0.00,0,0.0000
385,45,36143.00,Master,Germany,Low Value,0.00,0,0.0000
386,55,10245.00,Graduation,United Kingdom,Low Value,0.00,0,0.0000
387,58,43795.00,Master,Canada,Low Value,0.00,0,0.0000
388,66,63381.00,Graduation,United States,Low Value,0.00,0,0.0000
389,77,38823.00,Graduation,Germany,Low Value,0.00,0,0.0000
390,58,83664.00,PhD,United States,Low Value,0.00,0,0.0000
391,47,90300.00,Graduation,United Kingdom,Low Value,0.00,0,0.0000
392,47,62499.00,Master,Germany,Low Value,0.00,0,0.0000
393,33,74293.00,Graduation,Germany,Low Value,0.00,0,0.0000
394,80,51012.00,PhD,Canada,Low Value,0.00,0,0.0000
395,58,70777.00,Master,Germany,Low Value,0.00,0,0.0000
396,35,68682.00,PhD,Canada,Low Value,0.00,0,0.0000
397,55,43824.00,Graduation,United States,Low Value,0.00,0,0.0000
398,42,15345.00,Graduation,Australia,Low Value,0.00,0,0.0000
399,39,23442.00,Graduation,Germany,Low Value,0.00,0,0.0000
400,46,14515.00,2n Cycle,United States,Low Value,0.00,0,0.0000
401,70,31395.00,2n Cycle,United Kingdom,Low Value,0.00,0,0.0000
402,61,75276.00,Graduation,United Kingdom,Low Value,0.00,0,0.0000
403,52,42373.00,Graduation,United Kingdom,Low Value,0.00,0,0.0000
404,66,30507.00,Graduation,Australia,Low Value,0.00,0,0.0000
405,71,55521.00,PhD,Canada,Low Value,0.00,0,0.0000
406,61,48006.00,Graduation,Canada,Low Value,0.00,0,0.0000
407,54,27213.00,PhD,United States,Low Value,0.00,0,0.0000
408,55,65808.00,PhD,United Kingdom,Low Value,0.00,0,0.0000
409,52,30351.00,PhD,United Kingdom,Low Value,0.00,0,0.0000
410,63,50437.00,Graduation,United States,Low Value,0.00,0,0.0000
411,44,23616.00,2n Cycle,United Kingdom,Low Value,0.00,0,0.0000
412,50,53858.00,Graduation,United Kingdom,Low Value,0.00,0,0.0000
413,71,66465.00,PhD,Germany,Low Value,0.00,0,0.0000
414,39,46923.00,Graduation,Germany,Low Value,0.00,0,0.0000
415,64,75072.00,Graduation,United States,Low Value,0.00,0,0.0000
416,83,75865.00,PhD,United States,Low Value,0.00,0,0.0000
417,51,19789.00,2n Cycle,Australia,Low Value,0.00,0,0.0000
418,32,80134.00,Graduation,United States,Low Value,0.00,0,0.0000
419,45,91065.00,Graduation,United Kingdom,Low Value,0.00,0,0.0000
420,55,49505.00,Master,United States,Low Value,0.00,0,0.0000
421,53,37401.00,PhD,Germany,Low Value,0.00,0,0.0000
422,43,30096.00,Graduation,United States,Low Value,0.00,0,0.0000
423,44,18492.00,Master,United States,Low Value,0.00,0,0.0000
424,52,82584.00,Master,Canada,Low Value,0.00,0,0.0000
425,85,93027.00,PhD,Canada,Low Value,0.00,0,0.0000
426,73,48686.00,Graduation,Australia,Low Value,0.00,0,0.0000
427,40,92910.00,Graduation,United States,Low Value,0.00,0,0.0000
428,37,75433.00,Graduation,Canada,Low Value,0.00,0,0.0000
429,37,10404.00,2n Cycle,Canada,Low Value,0.00,0,0.0000
430,58,61314.00,Graduation,Australia,Low Value,0.00,0,0.0000
431,65,84865.00,PhD,United States,Low Value,0.00,0,0.0000
432,37,42387.00,Graduation,Canada,Low Value,0.00,0,0.0000
433,59,67309.00,2n Cycle,United States,Low Value,0.00,0,0.0000
434,62,75236.00,Graduation,Australia,Low Value,0.00,0,0.0000
435,56,30015.00,Graduation,United States,Low Value,0.00,0,0.0000
436,70,50943.00,Master,Canada,Low Value,0.00,0,0.0000
437,60,67272.00,Graduation,Germany,Low Value,0.00,0,0.0000
438,77,51529.00,Master,Germany,Low Value,0.00,0,0.0000
439,55,32011.00,PhD,Canada,Low Value,0.00,0,0.0000
440,40,7500.00,2n Cycle,Australia,Low Value,0.00,0,0.0000
441,37,28691.00,Graduation,United States,Low Value,0.00,0,0.0000
442,78,56223.00,PhD,United Kingdom,Low Value,0.00,0,0.0000
443,80,18100.00,Graduation,Canada,Low Value,0.00,0,0.0000
444,37,30279.00,Graduation,Germany,Low Value,0.00,0,0.0000
445,52,20130.00,2n Cycle,United Kingdom,Low Value,0.00,0,0.0000
446,67,23295.00,Graduation,United States,Low Value,0.00,0,0.0000
447,54,42618.00,Master,Canada,Low Value,0.00,0,0.0000
448,62,81246.00,Graduation,Germany,Low Value,0.00,0,0.0000
449,50,24027.00,Graduation,Germany,Low Value,0.00,0,0.0000
450,73,55707.00,PhD,Australia,Low Value,0.00,0,0.0000
451,71,57959.00,Graduation,Germany,Low Value,0.00,0,0.0000
452,57,56796.00,Graduation,United Kingdom,Low Value,0.00,0,0.0000
453,55,36230.00,Master,Canada,Low Value,0.00,0,0.0000
454,46,70829.00,2n Cycle,Australia,Low Value,0.00,0,0.0000
455,50,65991.00,Graduation,United States,Low Value,0.00,0,0.0000
456,54,38988.00,Graduation,Canada,Low Value,0.00,0,0.0000
457,60,89572.00,2n Cycle,United States,Low Value,0.00,0,0.0000
458,42,42207.00,Master,Germany,Low Value,0.00,0,0.0000
459,74,50300.00,Graduation,Australia,Low Value,0.00,0,0.0000
460,44,66664.00,2n Cycle,United States,Low Value,0.00,0,0.0000
461,62,60597.00,Graduation,Germany,Low Value,0.00,0,0.0000
462,77,70165.00,Graduation,United Kingdom,Low Value,0.00,0,0.0000
463,68,50520.00,PhD,Canada,Low Value,0.00,0,0.0000
464,63,80124.00,Graduation,Germany,Low Value,0.00,0,0.0000
465,51,33183.00,Graduation,Australia,Low Value,0.00,0,0.0000
466,57,66582.00,PhD,Canada,Low Value,0.00,0,0.0000
467,71,75261.00,PhD,United Kingdom,Low Value,0.00,0,0.0000
468,56,31880.00,Graduation,Australia,Low Value,0.00,0,0.0000
469,75,53790.00,Graduation,Germany,Low Value,0.00,0,0.0000
470,55,49269.00,PhD,United States,Low Value,0.00,0,0.0000
471,51,61456.00,Graduation,Australia,Low Value,0.00,0,0.0000
472,46,37406.00,Graduation,Australia,Low Value,0.00,0,0.0000
473,45,56937.00,PhD,Germany,Low Value,0.00,0,0.0000
474,48,38415.00,Graduation,Australia,Low Value,0.00,0,0.0000
475,38,20518.00,Graduation,United States,Low Value,0.00,0,0.0000
476,70,62503.00,Graduation,Germany,Low Value,0.00,0,0.0000
477,54,41644.00,PhD,Canada,Low Value,0.00,0,0.0000
478,49,55842.00,Master,Canada,Low Value,0.00,0,0.0000
479,54,62010.00,PhD,Australia,Low Value,0.00,0,0.0000
480,49,41124.00,Graduation,Germany,Low Value,0.00,0,0.0000
481,53,38961.00,Master,United Kingdom,Low Value,0.00,0,0.0000
482,54,37760.00,Master,United States,Low Value,0.00,0,0.0000
483,52,32233.00,Graduation,Canada,Low Value,0.00,0,0.0000
484,51,43057.00,Graduation,Australia,Low Value,0.00,0,0.0000
485,66,83151.00,Master,Canada,Low Value,0.00,0,0.0000
486,62,78825.00,PhD,Germany,Low Value,0.00,0,0.0000
487,50,65104.00,Master,Australia,Low Value,0.00,0,0.0000
488,52,60093.00,Graduation,Germany,Low Value,0.00,0,0.0000
489,57,14045.00,Graduation,Canada,Low Value,0.00,0,0.0000
490,74,28457.00,2n Cycle,United States,Low Value,0.00,0,0.0000
491,68,78952.00,PhD,United Kingdom,Low Value,0.00,0,0.0000
492,50,46310.00,Graduation,Germany,Low Value,0.00,0,0.0000
493,71,76005.00,Graduation,Germany,Low Value,0.00,0,0.0000
494,62,58308.00,Master,Australia,Low Value,0.00,0,0.0000
495,82,55614.00,PhD,Australia,Low Value,0.00,0,0.0000
496,64,59432.00,Master,Canada,Low Value,0.00,0,0.0000
497,48,55563.00,Graduation,Australia,Low Value,0.00,0,0.0000
498,55,78642.00,PhD,Australia,Low Value,0.00,0,0.0000
499,77,67911.00,PhD,United Kingdom,Low Value,0.00,0,0.0000
500,82,65275.00,Graduation,Canada,Low Value,0.00,0,0.0000
501,76,27203.00,Graduation,United Kingdom,High Value,38.94,26,0.3333
502,65,48330.00,Master,Germany,High Value,38.94,26,0.3333
503,36,24279.00,Basic,Germany,High Value,55.23,22,0.3333
504,41,64355.00,PhD,Canada,High Value,45.00,18,0.3333
505,70,50943.00,Master,Germany,High Value,46.02,22,0.3333
506,73,53653.00,Graduation,Canada,High Value,31.15,26,0.3333
507,50,65665.00,Graduation,Germany,High Value,45.00,18,0.3333
508,37,81217.00,Graduation,United States,High Value,36.82,22,0.3333
509,34,34935.00,Graduation,Germany,High Value,55.23,22,0.3333
510,67,61250.00,Graduation,United States,High Value,46.02,22,0.3333
511,45,39665.00,PhD,United States,High Value,67.50,18,0.3333
512,47,60152.00,Graduation,United Kingdom,High Value,55.23,22,0.3333
513,62,48920.00,Graduation,United States,High Value,56.25,18,0.3333
514,67,89120.00,Master,United States,High Value,36.82,22,0.3333
515,80,44124.00,PhD,Germany,High Value,55.23,22,0.3333
516,51,81169.00,Master,Australia,High Value,46.02,22,0.3333
517,65,36443.00,Graduation,United States,High Value,46.02,22,0.3333
518,36,26095.00,Graduation,Canada,High Value,46.02,22,0.3333
519,67,71367.00,Graduation,United Kingdom,High Value,31.15,26,0.3333
520,82,80184.00,Master,Australia,High Value,56.25,18,0.3333
521,61,30630.00,Graduation,United Kingdom,High Value,55.23,22,0.3333
522,39,73454.00,Master,Australia,High Value,55.23,22,0.3333
523,35,42691.00,Graduation,Australia,High Value,56.25,18,0.3333
524,73,70503.00,Graduation,Australia,High Value,36.82,22,0.3333
525,39,25545.00,Graduation,United Kingdom,High Value,36.82,22,0.3333
526,40,32880.00,Graduation,United States,High Value,56.25,18,0.3333
527,68,77863.00,PhD,Australia,High Value,36.82,22,0.3333
528,49,50353.00,Master,Australia,High Value,45.00,18,0.3333
529,62,61839.00,Graduation,Germany,High Value,31.15,26,0.3333
530,66,49154.00,PhD,United Kingdom,High Value,46.02,22,0.3333
531,51,47682.00,2n Cycle,Germany,High Value,46.02,22,0.3333
532,57,72679.00,Graduation,Australia,High Value,56.25,18,0.3333
533,49,57954.00,Master,Canada,High Value,31.15,26,0.3333
534,64,65316.00,Graduation,United Kingdom,High Value,56.25,18,0.3333
535,44,28567.00,Graduation,United Kingdom,High Value,46.73,26,0.3333
536,75,47352.00,Master,United Kingdom,High Value,46.02,22,0.3333
537,59,44931.00,Graduation,United Kingdom,High Value,31.15,26,0.3333
538,59,76982.00,Graduation,Australia,High Value,46.02,22,0.3333
539,74,57247.00,2n Cycle,Germany,High Value,56.25,18,0.3333
540,45,22944.00,Master,Australia,High Value,46.02,22,0.3333
541,49,25315.00,2n Cycle,Canada,High Value,46.02,22,0.3333
542,57,43638.00,Graduation,Canada,High Value,46.02,22,0.3333
543,42,42710.00,PhD,Germany,High Value,55.23,22,0.3333
544,44,84169.00,PhD,United States,High Value,31.15,26,0.3333
545,50,54058.00,Graduation,United Kingdom,High Value,46.73,26,0.3333
546,36,24683.00,2n Cycle,Germany,High Value,56.25,18,0.3333
547,62,85620.00,Graduation,Australia,High Value,56.25,18,0.3333
548,46,47850.00,Graduation,United Kingdom,High Value,56.25,18,0.3333
549,58,19514.00,Graduation,United States,High Value,46.02,22,0.3333
550,53,27159.00,Master,Germany,High Value,46.02,22,0.3333
551,63,39548.00,2n Cycle,United Kingdom,High Value,55.23,22,0.3333
552,37,21474.00,Graduation,United Kingdom,High Value,56.25,18,0.3333
553,55,60504.00,PhD,Canada,High Value,46.02,22,0.3333
554,63,22419.00,Graduation,Germany,High Value,36.82,22,0.3333
555,77,81698.00,Master,United Kingdom,High Value,46.02,22,0.3333
556,74,43462.00,Graduation,Germany,High Value,46.02,22,0.3333
557,48,54880.00,PhD,Canada,High Value,46.02,22,0.3333
558,44,79908.00,Graduation,United States,High Value,56.25,18,0.3333
559,56,15315.00,2n Cycle,United Kingdom,High Value,67.50,18,0.3333
560,67,87771.00,Graduation,Australia,High Value,56.25,18,0.3333
561,48,33039.00,Graduation,Canada,High Value,46.02,22,0.3333
562,46,81741.00,Graduation,Germany,High Value,46.02,22,0.3333
563,55,71499.00,Master,Australia,High Value,38.94,26,0.3333
564,56,62466.00,2n Cycle,Germany,High Value,36.82,22,0.3333
565,63,48799.00,PhD,Germany,High Value,38.94,26,0.3333
566,76,52157.00,PhD,Canada,High Value,46.02,22,0.3333
567,64,66565.00,Graduation,United States,High Value,55.23,22,0.3333
568,75,29298.00,Master,Australia,High Value,38.94,26,0.3333
569,47,47691.00,Graduation,Canada,High Value,46.02,22,0.3333
570,56,38200.00,Graduation,Canada,High Value,45.00,18,0.3333
571,52,44989.00,Graduation,Australia,High Value,56.25,18,0.3333
572,58,38443.00,PhD,United States,High Value,67.50,18,0.3333
573,48,38593.00,2n Cycle,Germany,High Value,46.02,22,0.3333
574,56,64413.00,PhD,Australia,High Value,46.02,22,0.3333
575,45,36959.00,Master,United Kingdom,High Value,46.02,22,0.3333
576,49,61996.00,PhD,Germany,High Value,46.02,22,0.3333
577,58,51287.00,Graduation,Germany,High Value,56.25,18,0.3333
578,56,13260.00,Graduation,United States,High Value,55.23,22,0.3333
579,60,47472.00,PhD,Australia,High Value,38.94,26,0.3333
580,70,54603.00,Master,Canada,High Value,38.94,26,0.3333
581,52,45207.00,PhD,United Kingdom,High Value,38.94,26,0.3333
582,75,40689.00,Graduation,Canada,High Value,38.94,26,0.3333
583,59,47821.00,2n Cycle,United States,High Value,38.94,26,0.3333
584,75,27450.00,Master,Australia,High Value,56.25,18,0.3333
585,43,39453.00,Graduation,United Kingdom,High Value,56.25,18,0.3333
586,55,26850.00,2n Cycle,Australia,High Value,36.82,22,0.3333
587,71,79800.00,Graduation,United States,High Value,31.15,26,0.3333
588,65,61794.00,Master,Germany,High Value,46.02,22,0.3333
589,71,53863.00,Graduation,United States,High Value,36.82,22,0.3333
590,67,24221.00,Graduation,Australia,High Value,38.94,26,0.3333
591,42,39684.00,PhD,Canada,High Value,46.02,22,0.3333
592,51,92163.00,Master,United States,High Value,38.94,26,0.3333
593,61,69882.00,Master,Australia,High Value,55.23,22,0.3333
594,49,33178.00,Graduation,Germany,High Value,56.25,18,0.3333
595,54,59973.00,PhD,United Kingdom,High Value,36.82,22,0.3333
596,51,17459.00,Master,United Kingdom,High Value,46.02,22,0.3333
597,57,23910.00,Graduation,United Kingdom,High Value,46.73,26,0.3333
598,57,42169.00,Master,United Kingdom,High Value,67.50,18,0.3333
599,48,26224.00,2n Cycle,Canada,High Value,45.00,18,0.3333
600,45,31089.00,Graduation,United Kingdom,High Value,46.02,22,0.3333
601,65,30081.00,Graduation,United States,High Value,46.02,22,0.3333
602,66,62807.00,Graduation,United States,High Value,46.02,22,0.3333
603,71,72906.00,Graduation,United States,High Value,67.50,18,0.3333
604,78,61467.00,PhD,United Kingdom,High Value,46.02,22,0.3333
605,60,49618.00,Master,Australia,High Value,38.94,26,0.3333
606,40,21888.00,Master,Germany,High Value,46.02,22,0.3333
607,53,42429.00,Graduation,United States,High Value,46.73,26,0.3333
608,70,26150.00,Graduation,Australia,High Value,46.02,22,0.3333
609,51,30801.00,Basic,Germany,High Value,56.25,18,0.3333
610,61,81168.00,Graduation,Germany,High Value,67.50,18,0.3333
611,57,26877.00,Master,Germany,High Value,56.25,18,0.3333
612,82,45006.00,Master,United Kingdom,High Value,46.02,22,0.3333
613,53,18978.00,Basic,Canada,High Value,55.23,22,0.3333
614,59,22574.00,Graduation,Australia,High Value,38.94,26,0.3333
615,57,48240.00,PhD,United States,High Value,46.02,22,0.3333
616,52,45837.00,Graduation,United States,High Value,46.73,26,0.3333
617,61,35791.00,Master,Canada,High Value,55.23,22,0.3333
618,50,162397.00,PhD,Australia,High Value,46.02,22,0.3333
619,48,54162.00,Graduation,Germany,High Value,67.50,18,0.3333
620,66,30522.00,Master,Germany,High Value,46.02,22,0.3333
621,65,54456.00,PhD,United States,High Value,46.02,22,0.3333
622,55,31632.00,Graduation,United Kingdom,High Value,45.00,18,0.3333
623,77,72298.00,Graduation,Australia,High Value,36.82,22,0.3333
624,48,36975.00,2n Cycle,Germany,High Value,36.82,22,0.3333
625,71,72635.00,2n Cycle,Canada,High Value,31.15,26,0.3333
626,50,13624.00,Graduation,United States,High Value,46.02,22,0.3333
627,51,84196.00,Graduation,United States,High Value,38.94,26,0.3333
628,66,70971.00,Graduation,Canada,High Value,36.82,22,0.3333
629,49,34487.00,PhD,Australia,High Value,36.82,22,0.3333
630,49,28769.00,Graduation,Australia,High Value,55.23,22,0.3333
631,56,69084.00,PhD,Canada,High Value,46.73,26,0.3333
632,68,65488.00,PhD,Germany,High Value,55.23,22,0.3333
633,56,62466.00,2n Cycle,Australia,High Value,56.25,18,0.3333
634,66,32218.00,2n Cycle,United Kingdom,High Value,38.94,26,0.3333
635,53,83917.00,Graduation,United States,High Value,36.82,22,0.3333
636,64,46102.00,Graduation,United States,High Value,55.23,22,0.3333
637,74,84574.00,Graduation,Australia,High Value,46.73,26,0.3333
638,64,56181.00,Graduation,Germany,High Value,36.82,22,0.3333
639,76,63120.00,Master,United Kingdom,High Value,55.23,22,0.3333
640,55,73691.00,Graduation,Germany,High Value,46.02,22,0.3333
641,66,63381.00,Graduation,Australia,High Value,36.82,22,0.3333
642,78,76140.00,PhD,United States,High Value,46.02,22,0.3333
643,67,62859.00,PhD,Australia,High Value,31.15,26,0.3333
644,62,45906.00,Graduation,United Kingdom,High Value,55.23,22,0.3333
645,79,77632.00,Master,Canada,High Value,31.15,26,0.3333
646,55,46463.00,PhD,United Kingdom,High Value,46.02,22,0.3333
647,56,105471.00,Graduation,United States,High Value,46.02,22,0.3333
648,56,55282.00,Master,Australia,High Value,46.02,22,0.3333
649,49,78710.00,Master,United States,High Value,67.50,18,0.3333
650,68,66886.00,Graduation,Australia,High Value,46.02,22,0.3333
651,66,98777.00,Master,United Kingdom,High Value,38.94,26,0.3333
652,41,29103.00,Graduation,Canada,High Value,36.82,22,0.3333
653,52,67445.00,Graduation,United Kingdom,High Value,56.25,18,0.3333
654,76,50616.00,PhD,Australia,High Value,36.82,22,0.3333
655,71,49431.00,Graduation,Australia,High Value,38.94,26,0.3333
656,51,153924.00,Graduation,Germany,High Value,38.94,26,0.3333
657,73,61278.00,Graduation,Canada,High Value,38.94,26,0.3333
658,68,26490.00,2n Cycle,United States,High Value,55.23,22,0.3333
659,79,73059.00,PhD,Canada,High Value,38.94,26,0.3333
660,60,46734.00,PhD,United Kingdom,High Value,56.25,18,0.3333
661,63,56253.00,Graduation,United States,High Value,56.25,18,0.3333
662,41,19986.00,Graduation,Australia,High Value,31.15,26,0.3333
663,51,58330.00,Graduation,United Kingdom,High Value,55.23,22,0.3333
664,46,25965.00,Basic,United Kingdom,High Value,67.50,18,0.3333
665,70,14661.00,Master,United Kingdom,High Value,46.02,22,0.3333
666,67,18690.00,Graduation,Australia,High Value,46.02,22,0.3333
667,52,45068.00,PhD,Germany,High Value,38.94,26,0.3333
668,39,21063.00,Basic,United Kingdom,High Value,45.00,18,0.3333
669,58,29187.00,PhD,Canada,High Value,38.94,26,0.3333
670,55,54690.00,2n Cycle,United Kingdom,High Value,38.94,26,0.3333
671,62,59304.00,PhD,Germany,High Value,36.82,22,0.3333
672,64,59247.00,Master,United States,High Value,36.82,22,0.3333
673,56,66731.00,Graduation,United States,High Value,36.82,22,0.3333
674,46,77353.00,Graduation,Canada,High Value,46.02,22,0.3333
675,51,52614.00,PhD,Germany,High Value,36.82,22,0.3333
676,52,26751.00,Graduation,Australia,High Value,38.94,26,0.3333
677,63,81300.00,PhD,United Kingdom,High Value,46.02,22,0.3333
678,47,70337.00,Graduation,Canada,High Value,56.25,18,0.3333
679,41,36145.00,2n Cycle,Germany,High Value,36.82,22,0.3333
680,46,65295.00,PhD,Canada,High Value,46.02,22,0.3333
681,63,68118.00,Graduation,United Kingdom,High Value,36.82,22,0.3333
682,59,68743.00,Graduation,United Kingdom,High Value,46.02,22,0.3333
683,44,41039.00,2n Cycle,United States,High Value,46.02,22,0.3333
684,71,38946.00,Graduation,Germany,High Value,56.25,18,0.3333
685,59,65777.00,Graduation,Australia,High Value,31.15,26,0.3333
686,50,66476.00,PhD,Australia,High Value,46.02,22,0.3333
687,54,86857.00,PhD,Canada,High Value,55.23,22,0.3333
688,44,160803.00,PhD,United States,High Value,36.82,22,0.3333
689,37,77845.00,PhD,Canada,High Value,36.82,22,0.3333
690,57,69476.00,PhD,United Kingdom,High Value,55.23,22,0.3333
691,66,50611.00,PhD,United Kingdom,High Value,56.25,18,0.3333
692,56,61209.00,Graduation,United Kingdom,High Value,46.02,22,0.3333
693,68,42315.00,Master,Canada,High Value,46.02,22,0.3333
694,74,13084.00,Basic,United States,High Value,56.25,18,0.3333
695,77,47570.00,Master,United Kingdom,High Value,46.02,22,0.3333
696,65,61923.00,Master,United Kingdom,High Value,46.73,26,0.3333
697,31,34824.00,Graduation,United Kingdom,High Value,45.00,18,0.3333
698,77,26518.00,PhD,Australia,High Value,31.15,26,0.3333
699,65,45938.00,Graduation,Canada,High Value,31.15,26,0.3333
700,66,78468.00,Graduation,Canada,High Value,46.73,26,0.3333
701,53,78901.00,Graduation,Germany,High Value,56.25,18,0.3333
702,48,71427.00,Graduation,Canada,High Value,46.02,22,0.3333
703,48,71022.00,Graduation,United States,High Value,45.00,18,0.3333
704,38,90247.00,Master,Australia,High Value,46.02,22,0.3333
705,58,41335.00,Master,United Kingdom,High Value,36.82,22,0.3333
706,40,71952.00,Graduation,Australia,High Value,55.23,22,0.3333
707,56,35682.00,PhD,Australia,High Value,46.02,22,0.3333
708,75,43185.00,Graduation,United Kingdom,High Value,36.82,22,0.3333
709,78,66375.00,PhD,United Kingdom,High Value,67.50,18,0.3333
710,55,35178.00,Master,United States,High Value,36.82,22,0.3333
711,40,25252.00,Graduation,United States,High Value,31.15,26,0.3333
712,61,55250.00,Master,Australia,High Value,56.25,18,0.3333
713,51,33249.00,Graduation,Germany,High Value,46.02,22,0.3333
714,73,58398.00,Graduation,United Kingdom,High Value,36.82,22,0.3333
715,44,50272.00,Graduation,United Kingdom,High Value,38.94,26,0.3333
716,51,76618.00,PhD,United Kingdom,High Value,38.94,26,0.3333
717,66,87305.00,2n Cycle,Australia,High Value,56.25,18,0.3333
718,48,25851.00,Graduation,Australia,High Value,38.94,26,0.3333
719,56,58710.00,Graduation,Canada,High Value,56.25,18,0.3333
720,68,45160.00,Graduation,Germany,High Value,38.94,26,0.3333
721,61,74806.00,Master,United States,High Value,56.25,18,0.3333
722,72,59111.00,Graduation,Canada,High Value,38.94,26,0.3333
723,42,18988.00,PhD,United States,High Value,46.02,22,0.3333
724,61,72190.00,Graduation,United Kingdom,High Value,55.23,22,0.3333
725,50,7500.00,Graduation,Australia,High Value,45.00,18,0.3333
726,60,44794.00,Graduation,Canada,High Value,38.94,26,0.3333
727,71,80395.00,Graduation,Germany,High Value,56.25,18,0.3333
728,50,75012.00,Master,Canada,High Value,38.94,26,0.3333
729,61,56962.00,Master,Australia,High Value,45.00,18,0.3333
730,35,89891.00,Graduation,United States,High Value,55.23,22,0.3333
731,77,35946.00,PhD,Canada,High Value,55.23,22,0.3333
732,73,53593.00,PhD,United Kingdom,High Value,55.23,22,0.3333
733,48,66373.00,Graduation,Canada,High Value,56.25,18,0.3333
734,78,45072.00,PhD,Germany,High Value,38.94,26,0.3333
735,53,89694.00,Graduation,Canada,High Value,56.25,18,0.3333
736,77,72025.00,Graduation,Germany,High Value,46.02,22,0.3333
737,53,67432.00,Graduation,Canada,High Value,55.23,22,0.3333
738,74,70545.00,Master,Australia,High Value,36.82,22,0.3333
739,37,17487.00,Basic,Australia,High Value,31.15,26,0.3333
740,57,62882.00,Graduation,United Kingdom,High Value,45.00,18,0.3333
741,73,64108.00,PhD,Canada,High Value,56.25,18,0.3333
742,70,34941.00,Master,Germany,High Value,56.25,18,0.3333
743,76,48767.00,PhD,Germany,High Value,36.82,22,0.3333
744,48,38702.00,2n Cycle,Germany,High Value,56.25,18,0.3333
745,62,82224.00,Graduation,United States,High Value,38.94,26,0.3333
746,74,83844.00,Graduation,Australia,High Value,46.02,22,0.3333
747,51,17003.00,2n Cycle,United States,High Value,46.02,22,0.3333
748,31,71163.00,Graduation,United States,High Value,46.73,26,0.3333
749,56,33697.00,Graduation,Australia,High Value,31.15,26,0.3333
750,72,63564.00,2n Cycle,United Kingdom,High Value,46.73,26,0.3333
751,54,83443.00,PhD,United Kingdom,Low Value,0.00,0,0.0000
752,68,51518.00,PhD,Australia,Low Value,0.00,0,0.0000
753,51,58330.00,Graduation,United States,Low Value,0.00,0,0.0000
754,57,80952.00,Graduation,Canada,Low Value,0.00,0,0.0000
755,47,75507.00,Graduation,Germany,Low Value,0.00,0,0.0000
756,48,63855.00,2n Cycle,United States,Low Value,0.00,0,0.0000
757,54,62220.00,PhD,United Kingdom,Low Value,0.00,0,0.0000
758,62,58512.00,Graduation,Australia,Low Value,0.00,0,0.0000
759,47,40662.00,Master,Australia,Low Value,0.00,0,0.0000
760,67,38829.00,PhD,United Kingdom,Low Value,0.00,0,0.0000
761,45,35523.00,2n Cycle,Canada,Low Value,0.00,0,0.0000
762,59,79146.00,Graduation,Germany,Low Value,0.00,0,0.0000
763,38,78285.00,Master,United States,Low Value,0.00,0,0.0000
764,48,31626.00,PhD,Canada,Low Value,0.00,0,0.0000
765,74,75127.00,Graduation,Canada,Low Value,0.00,0,0.0000
766,71,48726.00,Graduation,United States,Low Value,0.00,0,0.0000
767,49,74985.00,Graduation,Canada,Low Value,0.00,0,0.0000
768,39,67430.00,Graduation,Australia,Low Value,0.00,0,0.0000
769,61,46891.00,2n Cycle,United States,Low Value,0.00,0,0.0000
770,70,62058.00,Master,Germany,Low Value,0.00,0,0.0000
771,47,72063.00,Graduation,Australia,Low Value,0.00,0,0.0000
772,75,78939.00,PhD,Canada,Low Value,0.00,0,0.0000
773,61,42720.00,Graduation,Australia,Low Value,0.00,0,0.0000
774,54,33622.00,Graduation,Australia,Low Value,0.00,0,0.0000
775,69,6835.00,PhD,United States,Low Value,0.00,0,0.0000
776,73,41452.00,Graduation,Germany,Low Value,0.00,0,0.0000
777,61,40760.00,PhD,Germany,Low Value,0.00,0,0.0000
778,68,74250.00,PhD,United Kingdom,Low Value,0.00,0,0.0000
779,71,51124.00,Master,United Kingdom,Low Value,0.00,0,0.0000
780,55,72258.00,Graduation,United States,Low Value,0.00,0,0.0000
781,52,71466.00,PhD,Australia,Low Value,0.00,0,0.0000
782,50,36283.00,Graduation,United Kingdom,Low Value,0.00,0,0.0000
783,56,20587.00,Graduation,Canada,Low Value,0.00,0,0.0000
784,54,30467.00,Graduation,United Kingdom,Low Value,0.00,0,0.0000
785,54,31590.00,Graduation,Germany,Low Value,0.00,0,0.0000
786,40,20425.00,Basic,Canada,Low Value,0.00,0,0.0000
787,66,17144.00,Master,Australia,Low Value,0.00,0,0.0000
788,58,42564.00,PhD,Germany,Low Value,0.00,0,0.0000
789,48,43783.00,Master,Germany,Low Value,0.00,0,0.0000
790,50,40780.00,Graduation,United Kingdom,Low Value,0.00,0,0.0000
791,81,62847.00,Master,Australia,Low Value,0.00,0,0.0000
792,69,82017.00,PhD,United Kingdom,Low Value,0.00,0,0.0000
793,76,16813.00,Graduation,Germany,Low Value,0.00,0,0.0000
794,48,51267.00,Graduation,Canada,Low Value,0.00,0,0.0000
795,65,46524.00,Graduation,Australia,Low Value,0.00,0,0.0000
796,64,45183.00,Master,United Kingdom,Low Value,0.00,0,0.0000
797,72,70421.00,PhD,United Kingdom,Low Value,0.00,0,0.0000
798,61,60161.00,2n Cycle,United Kingdom,Low Value,0.00,0,0.0000
799,53,73926.00,Graduation,United States,Low Value,0.00,0,0.0000
800,58,19329.00,Graduation,Australia,Low Value,0.00,0,0.0000
801,56,61872.00,Master,United Kingdom,Low Value,0.00,0,0.0000
802,70,46984.00,Graduation,Germany,Low Value,0.00,0,0.0000
803,75,34838.00,Graduation,United Kingdom,Low Value,0.00,0,0.0000
804,82,82716.00,PhD,United States,Low Value,0.00,0,0.0000
805,68,48192.00,Graduation,United Kingdom,Low Value,0.00,0,0.0000
806,50,49681.00,Master,Canada,Low Value,0.00,0,0.0000
807,55,56850.00,Master,Australia,Low Value,0.00,0,0.0000
808,69,55267.00,Graduation,United Kingdom,Low Value,0.00,0,0.0000
809,54,59666.00,Graduation,United Kingdom,Low Value,0.00,0,0.0000
810,54,72504.00,Graduation,Germany,Low Value,0.00,0,0.0000
811,45,26872.00,Graduation,Canada,Low Value,0.00,0,0.0000
812,54,21359.00,Graduation,Germany,Low Value,0.00,0,0.0000
813,51,73170.00,Graduation,United States,Low Value,0.00,0,0.0000
814,71,52750.00,Master,Australia,Low Value,0.00,0,0.0000
815,40,91820.00,PhD,Canada,Low Value,0.00,0,0.0000
816,56,65968.00,PhD,United States,Low Value,0.00,0,0.0000
817,50,30772.00,Graduation,Canada,Low Value,0.00,0,0.0000
818,72,22507.00,Graduation,Canada,Low Value,0.00,0,0.0000
819,54,65685.00,Graduation,United States,Low Value,0.00,0,0.0000
820,48,25804.00,2n Cycle,Germany,Low Value,0.00,0,0.0000
821,46,76412.00,PhD,United Kingdom,Low Value,0.00,0,0.0000
822,54,22063.00,Graduation,United Kingdom,Low Value,0.00,0,0.0000
823,65,57091.00,Graduation,United States,Low Value,0.00,0,0.0000
824,63,22419.00,Graduation,United States,Low Value,0.00,0,0.0000
825,67,87771.00,Graduation,Australia,Low Value,0.00,0,0.0000
826,67,78353.00,2n Cycle,United Kingdom,Low Value,0.00,0,0.0000
827,72,93404.00,Graduation,Germany,Low Value,0.00,0,0.0000
828,64,37859.00,Graduation,Germany,Low Value,0.00,0,0.0000
829,68,80995.00,PhD,Canada,Low Value,0.00,0,0.0000
830,42,16529.00,Graduation,Germany,Low Value,0.00,0,0.0000
831,50,55412.00,PhD,Canada,Low Value,0.00,0,0.0000
832,34,48789.00,Graduation,United States,Low Value,0.00,0,0.0000
833,59,56575.00,PhD,Australia,Low Value,0.00,0,0.0000
834,46,25130.00,2n Cycle,United Kingdom,Low Value,0.00,0,0.0000
835,59,35441.00,Graduation,Australia,Low Value,0.00,0,0.0000
836,70,71391.00,Graduation,United Kingdom,Low Value,0.00,0,0.0000
837,54,49494.00,Master,Canada,Low Value,0.00,0,0.0000
838,46,81702.00,Graduation,United Kingdom,Low Value,0.00,0,0.0000
839,46,45889.00,2n Cycle,United Kingdom,Low Value,0.00,0,0.0000
840,49,56628.00,Graduation,Australia,Low Value,0.00,0,0.0000
841,76,34026.00,Graduation,United Kingdom,Low Value,0.00,0,0.0000
842,52,40049.00,Graduation,Germany,Low Value,0.00,0,0.0000
843,38,34176.00,Graduation,United Kingdom,Low Value,0.00,0,0.0000
844,45,19419.00,Graduation,United Kingdom,Low Value,0.00,0,0.0000
845,66,82504.00,2n Cycle,Australia,Low Value,0.00,0,0.0000
846,56,81205.00,Graduation,Germany,Low Value,0.00,0,0.0000
847,35,61618.00,2n Cycle,Germany,Low Value,0.00,0,0.0000
848,70,55284.00,Master,United States,Low Value,0.00,0,0.0000
849,63,49980.00,Graduation,Australia,Low Value,0.00,0,0.0000
850,46,15072.00,Graduation,Germany,Low Value,0.00,0,0.0000
851,52,49166.00,Graduation,Germany,Low Value,0.00,0,0.0000
852,72,65324.00,PhD,United States,Low Value,0.00,0,0.0000
853,69,82347.00,2n Cycle,Germany,Low Value,0.00,0,0.0000
854,60,30843.00,PhD,United Kingdom,Low Value,0.00,0,0.0000
855,52,46374.00,PhD,United Kingdom,Low Value,0.00,0,0.0000
856,47,60474.00,Graduation,Canada,Low Value,0.00,0,0.0000
857,53,38576.00,Master,United Kingdom,Low Value,0.00,0,0.0000
858,41,55357.00,Graduation,Australia,Low Value,0.00,0,0.0000
859,60,37758.00,Graduation,United States,Low Value,0.00,0,0.0000
860,37,85710.00,2n Cycle,Canada,Low Value,0.00,0,0.0000
861,57,23228.00,Graduation,United States,Low Value,0.00,0,0.0000
862,57,44602.00,Master,Australia,Low Value,0.00,0,0.0000
863,39,7500.00,Graduation,Germany,Low Value,0.00,0,0.0000
864,37,38683.00,2n Cycle,United States,Low Value,0.00,0,0.0000
865,51,49514.00,2n Cycle,Canada,Low Value,0.00,0,0.0000
866,53,57906.00,PhD,Germany,Low Value,0.00,0,0.0000
867,60,43456.00,Master,Canada,Low Value,0.00,0,0.0000
868,40,19485.00,Master,United States,Low Value,0.00,0,0.0000
869,48,53172.00,Graduation,United Kingdom,Low Value,0.00,0,0.0000
870,47,30545.00,Graduation,Germany,Low Value,0.00,0,0.0000
871,43,70123.00,PhD,United States,Low Value,0.00,0,0.0000
872,67,62450.00,Graduation,Australia,Low Value,0.00,0,0.0000
873,50,21675.00,Graduation,Australia,Low Value,0.00,0,0.0000
874,45,42395.00,2n Cycle,United Kingdom,Low Value,0.00,0,0.0000
875,48,61346.00,Master,United Kingdom,Low Value,0.00,0,0.0000
876,73,80812.00,Graduation,Germany,Low Value,0.00,0,0.0000
877,55,42835.00,Master,United States,Low Value,0.00,0,0.0000
878,43,39922.00,Graduation,Australia,Low Value,0.00,0,0.0000
879,70,86424.00,Master,Germany,Low Value,0.00,0,0.0000
880,48,17117.00,2n Cycle,Australia,Low Value,0.00,0,0.0000
881,54,24762.00,Graduation,United States,Low Value,0.00,0,0.0000
882,51,35797.00,Graduation,Australia,Low Value,0.00,0,0.0000
883,51,36627.00,Graduation,Germany,Low Value,0.00,0,0.0000
884,45,51111.00,2n Cycle,United States,Low Value,0.00,0,0.0000
885,54,86857.00,PhD,Australia,Low Value,0.00,0,0.0000
886,56,82072.00,PhD,Germany,Low Value,0.00,0,0.0000
887,73,46231.00,PhD,United States,Low Value,0.00,0,0.0000
888,67,42243.00,Graduation,United Kingdom,Low Value,0.00,0,0.0000
889,64,51195.00,Graduation,Canada,Low Value,0.00,0,0.0000
890,48,68092.00,Master,Australia,Low Value,0.00,0,0.0000
891,53,31814.00,Graduation,Canada,Low Value,0.00,0,0.0000
892,61,51390.00,Master,Canada,Low Value,0.00,0,0.0000
893,43,76630.00,Graduation,Germany,Low Value,0.00,0,0.0000
894,35,26868.00,Basic,Australia,Low Value,0.00,0,0.0000
895,83,48948.00,PhD,Australia,Low Value,0.00,0,0.0000
896,54,55260.00,PhD,United Kingdom,Low Value,0.00,0,0.0000
897,70,64090.00,Graduation,United Kingdom,Low Value,0.00,0,0.0000
898,68,78331.00,Graduation,Canada,Low Value,0.00,0,0.0000
899,52,37087.00,PhD,Australia,Low Value,0.00,0,0.0000
900,40,21846.00,Graduation,Australia,Low Value,0.00,0,0.0000
901,68,81320.00,Graduation,Australia,Low Value,0.00,0,0.0000
902,56,54137.00,Graduation,United States,Low Value,0.00,0,0.0000
903,59,66825.00,Graduation,United Kingdom,Low Value,0.00,0,0.0000
904,53,57100.00,Graduation,United States,Low Value,0.00,0,0.0000
905,57,58917.00,Graduation,Australia,Low Value,0.00,0,0.0000
906,49,85072.00,Graduation,United Kingdom,Low Value,0.00,0,0.0000
907,65,86429.00,Graduation,Australia,Low Value,0.00,0,0.0000
908,55,45684.00,Graduation,Germany,Low Value,0.00,0,0.0000
909,52,47889.00,Graduation,United States,Low Value,0.00,0,0.0000
910,40,45921.00,PhD,Germany,Low Value,0.00,0,0.0000
911,60,78420.00,PhD,United States,Low Value,0.00,0,0.0000
912,34,75114.00,Graduation,United States,Low Value,0.00,0,0.0000
913,63,52278.00,PhD,United States,Low Value,0.00,0,0.0000
914,54,35641.00,Master,United States,Low Value,0.00,0,0.0000
915,32,95529.00,Graduation,United States,Low Value,0.00,0,0.0000
916,72,62820.00,Graduation,Australia,Low Value,0.00,0,0.0000
917,66,73113.00,Master,United States,Low Value,0.00,0,0.0000
918,44,84169.00,PhD,United Kingdom,Low Value,0.00,0,0.0000
919,72,42607.00,2n Cycle,Germany,Low Value,0.00,0,0.0000
920,72,74637.00,PhD,United Kingdom,Low Value,0.00,0,0.0000
921,71,46015.00,PhD,Australia,Low Value,0.00,0,0.0000
922,33,72354.00,Graduation,Canada,Low Value,0.00,0,0.0000
923,57,39858.00,Master,Canada,Low Value,0.00,0,0.0000
924,78,34469.00,PhD,Germany,Low Value,0.00,0,0.0000
925,40,83033.00,Graduation,Canada,Low Value,0.00,0,0.0000
926,47,24401.00,Master,United States,Low Value,0.00,0,0.0000
927,48,77583.00,Graduation,United Kingdom,Low Value,0.00,0,0.0000
928,44,74116.00,2n Cycle,Germany,Low Value,0.00,0,0.0000
929,33,74293.00,Graduation,Canada,Low Value,0.00,0,0.0000
930,50,68397.00,PhD,United Kingdom,Low Value,0.00,0,0.0000
931,52,79632.00,PhD,United States,Low Value,0.00,0,0.0000
932,37,46107.00,Graduation,United Kingdom,Low Value,0.00,0,0.0000
933,75,64950.00,PhD,Australia,Low Value,0.00,0,0.0000
934,37,25443.00,Basic,Germany,Low Value,0.00,0,0.0000
935,74,75127.00,Graduation,United Kingdom,Low Value,0.00,0,0.0000
936,55,32892.00,PhD,Australia,Low Value,0.00,0,0.0000
937,55,71796.00,Graduation,United Kingdom,Low Value,0.00,0,0.0000
938,56,67536.00,PhD,United Kingdom,Low Value,0.00,0,0.0000
939,55,55239.00,Graduation,United States,Low Value,0.00,0,0.0000
940,51,60554.00,PhD,Germany,Low Value,0.00,0,0.0000
941,74,64831.00,2n Cycle,United Kingdom,Low Value,0.00,0,0.0000
942,64,56067.00,PhD,United Kingdom,Low Value,0.00,0,0.0000
943,43,82025.00,Graduation,United States,Low Value,0.00,0,0.0000
944,73,94384.00,Graduation,United States,Low Value,0.00,0,0.0000
945,40,14906.00,Basic,Australia,Low Value,0.00,0,0.0000
946,39,51563.00,PhD,Germany,Low Value,0.00,0,0.0000
947,44,57937.00,2n Cycle,Australia,Low Value,0.00,0,0.0000
948,47,68274.00,Graduation,Canada,Low Value,0.00,0,0.0000
949,49,39771.00,Graduation,United States,Low Value,0.00,0,0.0000
950,51,67893.00,2n Cycle,United Kingdom,Low Value,0.00,0,0.0000
951,47,27922.00,PhD,Canada,Low Value,0.00,0,0.0000
952,50,52190.00,PhD,Australia,Low Value,0.00,0,0.0000
953,53,44051.00,Master,Canada,Low Value,0.00,0,0.0000
954,55,42767.00,PhD,United Kingdom,Low Value,0.00,0,0.0000
955,50,46106.00,Master,United States,Low Value,0.00,0,0.0000
956,50,16927.00,PhD,United Kingdom,Low Value,0.00,0,0.0000
957,61,59754.00,Graduation,United States,Low Value,0.00,0,0.0000
958,74,53700.00,Graduation,United Kingdom,Low Value,0.00,0,0.0000
959,53,59041.00,Graduation,Australia,Low Value,0.00,0,0.0000
960,69,54237.00,PhD,Australia,Low Value,0.00,0,0.0000
961,59,70647.00,Graduation,Germany,Low Value,0.00,0,0.0000
962,64,52597.00,PhD,Australia,Low Value,0.00,0,0.0000
963,57,41021.00,Master,Canada,Low Value,0.00,0,0.0000
964,51,40233.00,PhD,United States,Low Value,0.00,0,0.0000
965,46,50183.00,Graduation,Australia,Low Value,0.00,0,0.0000
966,67,54753.00,Graduation,Canada,Low Value,0.00,0,0.0000
967,53,92955.00,Graduation,Canada,Low Value,0.00,0,0.0000
968,53,33471.00,Graduation,United Kingdom,Low Value,0.00,0,0.0000
969,52,34596.00,PhD,Germany,Low Value,0.00,0,0.0000
970,46,44010.00,Graduation,Canada,Low Value,0.00,0,0.0000
971,38,84219.00,Graduation,United States,Low Value,0.00,0,0.0000
972,58,40706.00,PhD,United Kingdom,Low Value,0.00,0,0.0000
973,38,15716.00,2n Cycle,United States,Low Value,0.00,0,0.0000
974,67,59052.00,2n Cycle,United Kingdom,Low Value,0.00,0,0.0000
975,55,80573.00,Master,United Kingdom,Low Value,0.00,0,0.0000
976,64,83715.00,Graduation,Australia,Low Value,0.00,0,0.0000
977,67,82576.00,Master,United States,Low Value,0.00,0,0.0000
978,61,56962.00,Master,United Kingdom,Low Value,0.00,0,0.0000
979,74,35704.00,Graduation,Germany,Low Value,0.00,0,0.0000
980,72,53103.00,Graduation,Australia,Low Value,0.00,0,0.0000
981,66,46779.00,2n Cycle,Germany,Low Value,0.00,0,0.0000
982,61,4861.00,Graduation,Germany,Low Value,0.00,0,0.0000
983,47,33462.00,Master,United States,Low Value,0.00,0,0.0000
984,48,63693.00,Graduation,Canada,Low Value,0.00,0,0.0000
985,76,80763.00,Graduation,Australia,Low Value,0.00,0,0.0000
986,52,65352.00,PhD,Australia,Low Value,0.00,0,0.0000
987,48,82170.00,PhD,Australia,Low Value,0.00,0,0.0000
988,57,75759.00,Graduation,Canada,Low Value,0.00,0,0.0000
989,50,79689.00,2n Cycle,Australia,Low Value,0.00,0,0.0000
990,70,35340.00,PhD,United States,Low Value,0.00,0,0.0000
991,72,85683.00,Graduation,United Kingdom,Low Value,0.00,0,0.0000
992,54,24884.00,2n Cycle,Canada,Low Value,0.00,0,0.0000
993,45,42021.00,Master,Australia,Low Value,0.00,0,0.0000
994,37,64449.00,Graduation,Germany,Low Value,0.00,0,0.0000
995,72,64587.00,Graduation,Canada,Low Value,0.00,0,0.0000
996,31,34824.00,Graduation,Canada,Low Value,0.00,0,0.0000
997,48,75437.00,Graduation,Germany,Low Value,0.00,0,0.0000
998,69,26091.00,Graduation,Germany,Low Value,0.00,0,0.0000
999,53,52845.00,Graduation,Canada,Low Value,0.00,0,0.0000
1000,70,46086.00,Graduation,Germany,Low Value,0.00,0,0.0000
1001,70,78028.00,PhD,United States,Medium Value,40.54,8,0.1667
1002,39,95169.00,PhD,Australia,Medium Value,40.54,8,0.1667
1003,45,56337.00,2n Cycle,United States,Medium Value,40.54,8,0.1667
1004,39,22434.00,Graduation,Canada,Medium Value,60.81,8,0.1667
1005,72,36930.00,PhD,United Kingdom,Medium Value,60.81,8,0.1667
1006,72,36130.00,Graduation,United States,Medium Value,60.81,8,0.1667
1007,73,65569.00,Master,United Kingdom,Medium Value,40.54,8,0.1667
1008,74,83844.00,Graduation,United States,Medium Value,60.81,8,0.1667
1009,58,19514.00,Graduation,United Kingdom,Medium Value,27.03,12,0.1667
1010,63,36736.00,PhD,Canada,Medium Value,40.54,8,0.1667
1011,47,77568.00,Graduation,Canada,Medium Value,40.54,12,0.1667
1012,50,49187.00,PhD,Canada,Medium Value,27.03,12,0.1667
1013,48,30168.00,Graduation,United States,Medium Value,40.54,8,0.1667
1014,58,34053.00,Master,United States,Medium Value,60.81,8,0.1667
1015,55,38196.00,Master,Australia,Medium Value,40.54,8,0.1667
1016,75,59412.00,Master,Canada,Medium Value,60.81,8,0.1667
1017,61,70924.00,2n Cycle,Germany,Medium Value,60.81,8,0.1667
1018,57,54165.00,Graduation,Australia,Medium Value,40.54,12,0.1667
1019,53,32300.00,Graduation,Australia,Medium Value,40.54,8,0.1667
1020,50,20180.00,Graduation,United States,Medium Value,60.81,8,0.1667
1021,53,34961.00,Graduation,United Kingdom,Medium Value,40.54,8,0.1667
1022,52,28440.00,PhD,Germany,Medium Value,40.54,8,0.1667
1023,73,64504.00,PhD,Canada,Medium Value,60.81,8,0.1667
1024,60,33564.00,Master,Canada,Medium Value,27.03,12,0.1667
1025,48,17345.00,Graduation,Germany,Medium Value,60.81,8,0.1667
1026,59,56320.00,PhD,United Kingdom,Medium Value,60.81,8,0.1667
1027,48,28647.00,Graduation,Australia,Medium Value,60.81,8,0.1667
1028,39,15038.00,Basic,Canada,Medium Value,27.03,12,0.1667
1029,68,32173.00,PhD,United Kingdom,Medium Value,60.81,8,0.1667
1030,62,68316.00,2n Cycle,Germany,Medium Value,40.54,12,0.1667
1031,55,74538.00,Graduation,United States,Medium Value,40.54,8,0.1667
1032,55,91700.00,Graduation,United States,Medium Value,27.03,12,0.1667
1033,57,68695.00,Graduation,Australia,Medium Value,40.54,8,0.1667
1034,49,31056.00,2n Cycle,Canada,Medium Value,27.03,12,0.1667
1035,53,79593.00,Graduation,Canada,Medium Value,40.54,12,0.1667
1036,46,28071.00,Graduation,United Kingdom,Medium Value,27.03,12,0.1667
1037,68,37334.00,PhD,Australia,Medium Value,40.54,8,0.1667
1038,54,46423.00,Master,Canada,Medium Value,40.54,8,0.1667
1039,55,37126.00,PhD,United States,Medium Value,27.03,12,0.1667
1040,73,47703.00,Graduation,Germany,Medium Value,40.54,8,0.1667
1041,67,61180.00,Graduation,Canada,Medium Value,27.03,12,0.1667
1042,72,38998.00,Graduation,United States,Medium Value,27.03,12,0.1667
1043,35,8028.00,Graduation,Australia,Medium Value,60.81,8,0.1667
1044,64,76081.00,Graduation,Australia,Medium Value,40.54,12,0.1667
1045,40,34728.00,Graduation,Germany,Medium Value,40.54,12,0.1667
1046,61,33168.00,Master,Canada,Medium Value,40.54,12,0.1667
1047,60,33585.00,Master,Canada,Medium Value,27.03,12,0.1667
1048,66,77037.00,PhD,United States,Medium Value,40.54,8,0.1667
1049,42,35196.00,Graduation,Australia,Medium Value,40.54,8,0.1667
1050,60,44529.00,Graduation,Germany,Medium Value,60.81,8,0.1667
1051,61,70924.00,2n Cycle,Germany,Medium Value,40.54,8,0.1667
1052,60,28764.00,PhD,Canada,Medium Value,60.81,8,0.1667
1053,77,69098.00,PhD,United Kingdom,Medium Value,60.81,8,0.1667
1054,56,25959.00,2n Cycle,Australia,Medium Value,40.54,8,0.1667
1055,43,27100.00,Master,United Kingdom,Medium Value,40.54,8,0.1667
1056,41,70596.00,Graduation,United Kingdom,Medium Value,40.54,8,0.1667
1057,52,42557.00,Graduation,Australia,Medium Value,27.03,12,0.1667
1058,75,53312.00,PhD,Germany,Medium Value,60.81,8,0.1667
1059,74,72228.00,Graduation,Australia,Medium Value,40.54,8,0.1667
1060,39,67605.00,Graduation,Australia,Medium Value,27.03,12,0.1667
1061,77,62845.00,Master,Canada,Medium Value,40.54,8,0.1667
1062,68,65196.00,Graduation,Germany,Medium Value,60.81,8,0.1667
1063,39,42000.00,PhD,Germany,Medium Value,40.54,12,0.1667
1064,53,35860.00,PhD,United States,Medium Value,40.54,12,0.1667
1065,62,65526.00,PhD,Germany,Medium Value,40.54,8,0.1667
1066,65,16860.00,Graduation,Canada,Medium Value,60.81,8,0.1667
1067,34,83528.00,Graduation,Canada,Medium Value,40.54,8,0.1667
1068,61,64176.00,2n Cycle,Canada,Medium Value,40.54,12,0.1667
1069,70,22304.00,Graduation,Australia,Medium Value,60.81,8,0.1667
1070,48,67023.00,Graduation,Germany,Medium Value,40.54,8,0.1667
1071,55,32892.00,PhD,United Kingdom,Medium Value,40.54,8,0.1667
1072,60,70713.00,Graduation,Australia,Medium Value,40.54,8,0.1667
1073,71,59925.00,Graduation,Australia,Medium Value,40.54,12,0.1667
1074,73,39722.00,Graduation,Australia,Medium Value,40.54,8,0.1667
1075,68,46610.00,Graduation,United Kingdom,Medium Value,40.54,12,0.1667
1076,65,88347.00,Graduation,Australia,Medium Value,60.81,8,0.1667
1077,45,87171.00,PhD,United States,Medium Value,40.54,12,0.1667
1078,50,26907.00,2n Cycle,Canada,Medium Value,60.81,8,0.1667
1079,58,50014.00,Master,Australia,Medium Value,27.03,12,0.1667
1080,48,41014.00,PhD,Canada,Medium Value,40.54,8,0.1667
1081,61,66294.00,Graduation,Canada,Medium Value,60.81,8,0.1667
1082,55,36715.00,Graduation,Germany,Medium Value,40.54,12,0.1667
1083,70,79456.00,Graduation,Australia,Medium Value,40.54,12,0.1667
1084,44,40479.00,Graduation,Canada,Medium Value,40.54,8,0.1667
1085,56,75345.00,Master,Australia,Medium Value,27.03,12,0.1667
1086,49,54233.00,Graduation,United Kingdom,Medium Value,40.54,12,0.1667
1087,56,24163.00,Graduation,Australia,Medium Value,27.03,12,0.1667
1088,68,84460.00,PhD,Australia,Medium Value,27.03,12,0.1667
1089,43,43776.00,Graduation,Canada,Medium Value,27.03,12,0.1667
1090,68,71691.00,PhD,Australia,Medium Value,40.54,12,0.1667
1091,53,85844.00,PhD,United States,Medium Value,27.03,12,0.1667
1092,52,39190.00,PhD,Canada,Medium Value,40.54,12,0.1667
1093,67,71367.00,Graduation,United States,Medium Value,27.03,12,0.1667
1094,54,38578.00,PhD,United Kingdom,Medium Value,40.54,8,0.1667
1095,61,57236.00,PhD,Germany,Medium Value,60.81,8,0.1667
1096,47,61825.00,Graduation,United Kingdom,Medium Value,27.03,12,0.1667
1097,68,79803.00,Graduation,Germany,Medium Value,27.03,12,0.1667
1098,40,80910.00,2n Cycle,United States,Medium Value,40.54,8,0.1667
1099,44,27590.00,Master,United Kingdom,Medium Value,40.54,12,0.1667
1100,47,56775.00,Graduation,Australia,Medium Value,40.54,8,0.1667
1101,51,83829.00,Graduation,Germany,Medium Value,40.54,12,0.1667
1102,47,54210.00,2n Cycle,Australia,Medium Value,40.54,8,0.1667
1103,40,38508.00,Graduation,Canada,Medium Value,40.54,12,0.1667
1104,56,53187.00,Graduation,Canada,Medium Value,60.81,8,0.1667
1105,54,30023.00,Graduation,United Kingdom,Medium Value,27.03,12,0.1667
1106,66,76045.00,PhD,Canada,Medium Value,27.03,12,0.1667
1107,74,50870.00,PhD,Australia,Medium Value,40.54,12,0.1667
1108,56,15315.00,2n Cycle,Germany,Medium Value,27.03,12,0.1667
1109,52,65463.00,2n Cycle,United States,Medium Value,40.54,12,0.1667
1110,61,66480.00,Graduation,Germany,Medium Value,60.81,8,0.1667
1111,72,76773.00,Graduation,Canada,Medium Value,40.54,12,0.1667
1112,43,81698.00,2n Cycle,Canada,Medium Value,40.54,12,0.1667
1113,53,54466.00,PhD,Canada,Medium Value,40.54,8,0.1667
1114,66,98777.00,Master,Germany,Medium Value,60.81,8,0.1667
1115,42,16269.00,PhD,Canada,Medium Value,60.81,8,0.1667
1116,55,71819.00,Graduation,Germany,Medium Value,40.54,12,0.1667
1117,43,33569.00,PhD,Germany,Medium Value,27.03,12,0.1667
1118,43,36262.00,Master,United States,Medium Value,40.54,8,0.1667
1119,60,22634.00,Basic,United States,Medium Value,40.54,12,0.1667
1120,48,47025.00,2n Cycle,Canada,Medium Value,60.81,8,0.1667
1121,58,70566.00,Graduation,Australia,Medium Value,60.81,8,0.1667
1122,47,31605.00,PhD,Canada,Medium Value,40.54,12,0.1667
1123,53,52034.00,Master,Canada,Medium Value,27.03,12,0.1667
1124,47,48526.00,Graduation,Australia,Medium Value,40.54,12,0.1667
1125,72,46734.00,Graduation,Australia,Medium Value,60.81,8,0.1667
1126,64,39552.00,Graduation,Australia,Medium Value,27.03,12,0.1667
1127,60,86358.00,Graduation,United States,Medium Value,40.54,8,0.1667
1128,49,46931.00,Graduation,Canada,Medium Value,27.03,12,0.1667
1129,41,16581.00,Basic,United States,Medium Value,40.54,8,0.1667
1130,74,63998.00,2n Cycle,Australia,Medium Value,40.54,8,0.1667
1131,75,67381.00,Master,Australia,Medium Value,60.81,8,0.1667
1132,59,25930.00,Graduation,United States,Medium Value,40.54,8,0.1667
1133,48,42693.00,Graduation,Australia,Medium Value,40.54,8,0.1667
1134,50,85606.00,Graduation,United Kingdom,Medium Value,27.03,12,0.1667
1135,41,72903.00,Graduation,United States,Medium Value,27.03,12,0.1667
1136,52,49669.00,2n Cycle,United States,Medium Value,40.54,12,0.1667
1137,58,36778.00,PhD,United Kingdom,Medium Value,40.54,12,0.1667
1138,64,85696.00,PhD,Canada,Medium Value,60.81,8,0.1667
1139,37,10979.00,Master,Australia,Medium Value,27.03,12,0.1667
1140,65,49678.00,Graduation,United Kingdom,Medium Value,27.03,12,0.1667
1141,73,56129.00,Master,Canada,Medium Value,27.03,12,0.1667
1142,37,37155.00,Graduation,Australia,Medium Value,40.54,12,0.1667
1143,48,21282.00,2n Cycle,Canada,Medium Value,60.81,8,0.1667
1144,64,33419.00,PhD,United States,Medium Value,40.54,8,0.1667
1145,81,63285.00,Graduation,Germany,Medium Value,40.54,8,0.1667
1146,52,21255.00,Master,Canada,Medium Value,27.03,12,0.1667
1147,45,42162.00,Graduation,Germany,Medium Value,40.54,8,0.1667
1148,70,54450.00,Graduation,United Kingdom,Medium Value,40.54,8,0.1667
1149,72,57744.00,PhD,Canada,Medium Value,40.54,8,0.1667
1150,40,26576.00,Graduation,Canada,Medium Value,27.03,12,0.1667
1151,83,57513.00,PhD,Canada,Medium Value,60.81,8,0.1667
1152,62,68142.00,Graduation,Australia,Medium Value,60.81,8,0.1667
1153,47,7500.00,Graduation,Australia,Medium Value,60.81,8,0.1667
1154,52,83145.00,Graduation,United Kingdom,Medium Value,40.54,8,0.1667
1155,66,54197.00,Master,United Kingdom,Medium Value,40.54,8,0.1667
1156,63,23091.00,PhD,United Kingdom,Medium Value,40.54,12,0.1667
1157,50,46049.00,Graduation,Germany,Medium Value,60.81,8,0.1667
1158,52,56715.00,Graduation,United States,Medium Value,27.03,12,0.1667
1159,65,79410.00,Graduation,United Kingdom,Medium Value,40.54,8,0.1667
1160,75,57304.00,Graduation,United States,Medium Value,40.54,8,0.1667
1161,61,44375.00,Graduation,Australia,Medium Value,60.81,8,0.1667
1162,70,54450.00,Graduation,United Kingdom,Medium Value,60.81,8,0.1667
1163,61,59594.00,Graduation,United Kingdom,Medium Value,40.54,12,0.1667
1164,32,80685.00,Graduation,Germany,Medium Value,60.81,8,0.1667
1165,52,40344.00,PhD,Australia,Medium Value,40.54,8,0.1667
1166,54,62710.00,Graduation,United Kingdom,Medium Value,60.81,8,0.1667
1167,58,48985.00,2n Cycle,Australia,Medium Value,40.54,8,0.1667
1168,58,35322.00,Graduation,United States,Medium Value,60.81,8,0.1667
1169,78,77142.00,Graduation,Germany,Medium Value,27.03,12,0.1667
1170,57,81657.00,Graduation,Australia,Medium Value,27.03,12,0.1667
1171,30,14421.00,Basic,Australia,Medium Value,27.03,12,0.1667
1172,52,20130.00,2n Cycle,Germany,Medium Value,27.03,12,0.1667
1173,36,74214.00,PhD,Canada,Medium Value,27.03,12,0.1667
1174,69,66726.00,Master,United Kingdom,Medium Value,40.54,8,0.1667
1175,47,23724.00,Basic,Australia,Medium Value,27.03,12,0.1667
1176,66,47353.00,Master,Germany,Medium Value,60.81,8,0.1667
1177,74,33444.00,Master,United States,Medium Value,40.54,8,0.1667
1178,45,54386.00,Graduation,United Kingdom,Medium Value,40.54,12,0.1667
1179,45,28510.00,Graduation,Canada,Medium Value,40.54,8,0.1667
1180,35,90638.00,Master,Germany,Medium Value,40.54,12,0.1667
1181,76,48070.00,Graduation,Canada,Medium Value,27.03,12,0.1667
1182,69,43140.00,Graduation,United States,Medium Value,27.03,12,0.1667
1183,65,54959.00,PhD,Canada,Medium Value,40.54,8,0.1667
1184,68,15056.00,Basic,Canada,Medium Value,40.54,8,0.1667
1185,55,26954.00,Graduation,Germany,Medium Value,40.54,8,0.1667
1186,41,22327.00,Graduation,United Kingdom,Medium Value,40.54,8,0.1667
1187,61,44393.00,Graduation,United States,Medium Value,60.81,8,0.1667
1188,74,62000.00,PhD,Australia,Medium Value,27.03,12,0.1667
1189,64,31497.00,PhD,United States,Medium Value,40.54,8,0.1667
1190,52,45894.00,2n Cycle,Germany,Medium Value,40.54,12,0.1667
1191,56,78579.00,Master,United States,Medium Value,40.54,8,0.1667
1192,57,67369.00,Master,Australia,Medium Value,60.81,8,0.1667
1193,66,58401.00,Graduation,Australia,Medium Value,60.81,8,0.1667
1194,74,62307.00,Graduation,United Kingdom,Medium Value,27.03,12,0.1667
1195,57,43641.00,Master,United States,Medium Value,60.81,8,0.1667
1196,58,63841.00,Master,United States,Medium Value,60.81,8,0.1667
1197,61,46891.00,2n Cycle,Australia,Medium Value,40.54,12,0.1667
1198,57,70091.00,Master,Germany,Medium Value,40.54,8,0.1667
1199,54,78075.00,PhD,Australia,Medium Value,40.54,12,0.1667
1200,65,59184.00,2n Cycle,Australia,Medium Value,40.54,12,0.1667
1201,49,54809.00,Graduation,United Kingdom,Medium Value,60.81,8,0.1667
1202,67,58113.00,Graduation,Germany,Medium Value,27.03,12,0.1667
1203,68,51412.00,Master,Canada,Medium Value,40.54,12,0.1667
1204,47,15287.00,Graduation,United States,Medium Value,40.54,8,0.1667
1205,69,66636.00,Master,United States,Medium Value,60.81,8,0.1667
1206,70,50965.00,Master,Canada,Medium Value,40.54,12,0.1667
1207,61,84618.00,PhD,United Kingdom,Medium Value,60.81,8,0.1667
1208,36,18351.00,Graduation,Australia,Medium Value,40.54,12,0.1667
1209,69,40451.00,PhD,Germany,Medium Value,40.54,12,0.1667
1210,61,36317.00,Graduation,United States,Medium Value,40.54,8,0.1667
1211,69,42213.00,Graduation,United States,Medium Value,40.54,12,0.1667
1212,71,65748.00,Graduation,Australia,Medium Value,27.03,12,0.1667
1213,54,77044.00,Graduation,Canada,Medium Value,60.81,8,0.1667
1214,57,74918.00,Graduation,United Kingdom,Medium Value,60.81,8,0.1667
1215,54,56721.00,Graduation,United States,Medium Value,60.81,8,0.1667
1216,51,42160.00,Graduation,Germany,Medium Value,60.81,8,0.1667
1217,61,61559.00,Graduation,Canada,Medium Value,40.54,12,0.1667
1218,63,33629.00,PhD,United States,Medium Value,40.54,12,0.1667
1219,35,68682.00,PhD,Canada,Medium Value,60.81,8,0.1667
1220,63,34377.00,Graduation,United States,Medium Value,40.54,12,0.1667
1221,40,8940.00,Basic,Australia,Medium Value,40.54,12,0.1667
1222,53,26228.00,Graduation,Australia,Medium Value,60.81,8,0.1667
1223,69,77297.00,2n Cycle,Australia,Medium Value,60.81,8,0.1667
1224,45,40211.00,Graduation,Germany,Medium Value,60.81,8,0.1667
1225,68,33438.00,PhD,Germany,Medium Value,40.54,12,0.1667
1226,67,75032.00,PhD,United States,Medium Value,60.81,8,0.1667
1227,71,61284.00,PhD,Australia,Medium Value,27.03,12,0.1667
1228,40,22518.00,Graduation,United States,Medium Value,60.81,8,0.1667
1229,51,54730.00,Master,Canada,Medium Value,40.54,8,0.1667
1230,71,38452.00,Master,United States,Medium Value,60.81,8,0.1667
1231,55,44421.00,Graduation,Germany,Medium Value,60.81,8,0.1667
1232,40,38197.00,PhD,Germany,Medium Value,40.54,12,0.1667
1233,48,41986.00,Graduation,United States,Medium Value,27.03,12,0.1667
1234,43,28427.00,Graduation,Germany,Medium Value,27.03,12,0.1667
1235,50,37395.00,PhD,United States,Medium Value,40.54,8,0.1667
1236,55,64722.00,Graduation,Germany,Medium Value,40.54,12,0.1667
1237,70,55249.00,Master,Germany,Medium Value,60.81,8,0.1667
1238,54,84906.00,Graduation,Australia,Medium Value,40.54,8,0.1667
1239,37,28691.00,Graduation,Canada,Medium Value,40.54,12,0.1667
1240,74,44213.00,Graduation,United States,Medium Value,40.54,8,0.1667
1241,42,25707.00,Basic,Australia,Medium Value,40.54,8,0.1667
1242,59,59062.00,PhD,Canada,Medium Value,40.54,12,0.1667
1243,64,76624.00,Graduation,Germany,Medium Value,60.81,8,0.1667
1244,79,66000.00,Master,United Kingdom,Medium Value,60.81,8,0.1667
1245,48,27683.00,PhD,Canada,Medium Value,40.54,12,0.1667
1246,55,1730.00,Graduation,Canada,Medium Value,60.81,8,0.1667
1247,34,7500.00,Basic,United States,Medium Value,40.54,8,0.1667
1248,58,40521.00,Graduation,United Kingdom,Medium Value,60.81,8,0.1667
1249,53,20427.00,PhD,Australia,Medium Value,40.54,12,0.1667
1250,51,65106.00,Graduation,United Kingdom,Medium Value,60.81,8,0.1667
1251,61,69969.00,PhD,Australia,Low Value,0.00,0,0.0000
1252,74,67433.00,Graduation,Germany,Low Value,0.00,0,0.0000
1253,59,77766.00,PhD,Germany,Low Value,0.00,0,0.0000
1254,54,74716.00,Graduation,United States,Low Value,0.00,0,0.0000
1255,63,68118.00,Graduation,Germany,Low Value,0.00,0,0.0000
1256,56,55158.00,PhD,Australia,Low Value,0.00,0,0.0000
1257,71,62972.00,2n Cycle,Canada,Low Value,0.00,0,0.0000
1258,51,74190.00,Graduation,United States,Low Value,0.00,0,0.0000
1259,50,39356.00,Graduation,Germany,Low Value,0.00,0,0.0000
1260,57,76653.00,Graduation,Canada,Low Value,0.00,0,0.0000
1261,53,35860.00,PhD,United States,Low Value,0.00,0,0.0000
1262,43,90687.00,PhD,Australia,Low Value,0.00,0,0.0000
1263,44,73450.00,Master,Australia,Low Value,0.00,0,0.0000
1264,66,31454.00,Graduation,Australia,Low Value,0.00,0,0.0000
1265,74,47139.00,Graduation,Germany,Low Value,0.00,0,0.0000
1266,51,83829.00,Graduation,Canada,Low Value,0.00,0,0.0000
1267,63,53378.00,PhD,Canada,Low Value,0.00,0,0.0000
1268,56,19656.00,Graduation,United Kingdom,Low Value,0.00,0,0.0000
1269,78,45579.00,PhD,Australia,Low Value,0.00,0,0.0000
1270,68,85485.00,2n Cycle,Canada,Low Value,0.00,0,0.0000
1271,82,55956.00,Graduation,Australia,Low Value,0.00,0,0.0000
1272,63,64191.00,Master,Germany,Low Value,0.00,0,0.0000
1273,54,38808.00,Graduation,Australia,Low Value,0.00,0,0.0000
1274,60,57183.00,Master,United Kingdom,Low Value,0.00,0,0.0000
1275,58,23748.00,Master,Australia,Low Value,0.00,0,0.0000
1276,55,66303.00,Graduation,Germany,Low Value,0.00,0,0.0000
1277,51,37368.00,Master,Canada,Low Value,0.00,0,0.0000
1278,62,40800.00,Graduation,Australia,Low Value,0.00,0,0.0000
1279,48,71847.00,Graduation,United States,Low Value,0.00,0,0.0000
1280,51,46149.00,Graduation,Canada,Low Value,0.00,0,0.0000
1281,43,78687.00,Graduation,United States,Low Value,0.00,0,0.0000
1282,55,49118.00,2n Cycle,Canada,Low Value,0.00,0,0.0000
1283,69,37633.00,PhD,Australia,Low Value,0.00,0,0.0000
1284,75,39767.00,Master,United Kingdom,Low Value,0.00,0,0.0000
1285,75,26997.00,Basic,Australia,Low Value,0.00,0,0.0000
1286,56,33986.00,Graduation,United States,Low Value,0.00,0,0.0000
1287,54,57091.00,PhD,Germany,Low Value,0.00,0,0.0000
1288,57,46831.00,2n Cycle,United Kingdom,Low Value,0.00,0,0.0000
1289,54,83151.00,Master,United Kingdom,Low Value,0.00,0,0.0000
1290,55,52531.00,Graduation,Canada,Low Value,0.00,0,0.0000
1291,70,15759.00,Graduation,United Kingdom,Low Value,0.00,0,0.0000
1292,55,22804.00,Graduation,United Kingdom,Low Value,0.00,0,0.0000
1293,53,43050.00,2n Cycle,Germany,Low Value,0.00,0,0.0000
1294,49,42997.00,PhD,Australia,Low Value,0.00,0,0.0000
1295,63,48918.00,PhD,United States,Low Value,0.00,0,0.0000
1296,72,60033.00,Master,Canada,Low Value,0.00,0,0.0000
1297,48,34043.00,PhD,Canada,Low Value,0.00,0,0.0000
1298,60,57811.00,Graduation,Germany,Low Value,0.00,0,0.0000
1299,80,78569.00,Graduation,Germany,Low Value,0.00,0,0.0000
1300,48,7500.00,Graduation,Germany,Low Value,0.00,0,0.0000
1301,55,157733.00,Master,Canada,Low Value,0.00,0,0.0000
1302,73,94384.00,Graduation,Germany,Low Value,0.00,0,0.0000
1303,41,23148.00,2n Cycle,Australia,Low Value,0.00,0,0.0000
1304,56,44267.00,Graduation,Germany,Low Value,0.00,0,0.0000
1305,47,71626.00,Graduation,Australia,Low Value,0.00,0,0.0000
1306,60,60894.00,Graduation,United States,Low Value,0.00,0,0.0000
1307,50,50200.00,Graduation,United Kingdom,Low Value,0.00,0,0.0000
1308,61,81051.00,PhD,Germany,Low Value,0.00,0,0.0000
1309,44,65169.00,Graduation,United Kingdom,Low Value,0.00,0,0.0000
1310,54,59868.00,Graduation,Germany,Low Value,0.00,0,0.0000
1311,66,65695.00,PhD,Canada,Low Value,0.00,0,0.0000
1312,70,64857.00,Master,United States,Low Value,0.00,0,0.0000
1313,61,45143.00,Master,United Kingdom,Low Value,0.00,0,0.0000
1314,71,74805.00,2n Cycle,United Kingdom,Low Value,0.00,0,0.0000
1315,37,59060.00,2n Cycle,United States,Low Value,0.00,0,0.0000
1316,64,27238.00,PhD,Canada,Low Value,0.00,0,0.0000
1317,61,47009.00,Graduation,United Kingdom,Low Value,0.00,0,0.0000
1318,53,46094.00,2n Cycle,United States,Low Value,0.00,0,0.0000
1319,54,40321.00,Graduation,United States,Low Value,0.00,0,0.0000
1320,42,37235.00,Graduation,United Kingdom,Low Value,0.00,0,0.0000
1321,66,81843.00,Master,United Kingdom,Low Value,0.00,0,0.0000
1322,68,46692.00,Master,Canada,Low Value,0.00,0,0.0000
1323,58,77382.00,Graduation,United Kingdom,Low Value,0.00,0,0.0000
1324,49,37774.00,Graduation,Canada,Low Value,0.00,0,0.0000
1325,52,18393.00,Basic,Canada,Low Value,0.00,0,0.0000
1326,64,72828.00,Master,United States,Low Value,0.00,0,0.0000
1327,44,24711.00,Graduation,Canada,Low Value,0.00,0,0.0000
1328,51,45503.00,PhD,Canada,Low Value,0.00,0,0.0000
1329,44,6560.00,Master,Australia,Low Value,0.00,0,0.0000
1330,81,71604.00,PhD,Canada,Low Value,0.00,0,0.0000
1331,47,27244.00,Graduation,Australia,Low Value,0.00,0,0.0000
1332,57,48752.00,Graduation,Australia,Low Value,0.00,0,0.0000
1333,64,71434.00,Graduation,Canada,Low Value,0.00,0,0.0000
1334,78,90842.00,Graduation,United Kingdom,Low Value,0.00,0,0.0000
1335,48,88097.00,Master,Germany,Low Value,0.00,0,0.0000
1336,51,51948.00,Graduation,United Kingdom,Low Value,0.00,0,0.0000
1337,44,71853.00,Graduation,Canada,Low Value,0.00,0,0.0000
1338,43,35876.00,Master,Germany,Low Value,0.00,0,0.0000
1339,74,40049.00,Graduation,Germany,Low Value,0.00,0,0.0000
1340,44,39660.00,Graduation,United States,Low Value,0.00,0,0.0000
1341,64,50127.00,Graduation,Canada,Low Value,0.00,0,0.0000
1342,49,43263.00,Master,Canada,Low Value,0.00,0,0.0000
1343,77,62845.00,Master,United Kingdom,Low Value,0.00,0,0.0000
1344,36,18929.00,Graduation,United Kingdom,Low Value,0.00,0,0.0000
1345,44,24367.00,Basic,United States,Low Value,0.00,0,0.0000
1346,51,33249.00,Graduation,Australia,Low Value,0.00,0,0.0000
1347,67,26887.00,2n Cycle,Australia,Low Value,0.00,0,0.0000
1348,43,50150.00,PhD,Australia,Low Value,0.00,0,0.0000
1349,50,62061.00,Graduation,United States,Low Value,0.00,0,0.0000
1350,64,85696.00,PhD,United Kingdom,Low Value,0.00,0,0.0000
1351,70,76542.00,PhD,Germany,Low Value,0.00,0,0.0000
1352,33,70515.00,Graduation,Canada,Low Value,0.00,0,0.0000
1353,39,18227.00,Graduation,Canada,Low Value,0.00,0,0.0000
1354,61,69139.00,Graduation,United Kingdom,Low Value,0.00,0,0.0000
1355,44,69109.00,Graduation,Australia,Low Value,0.00,0,0.0000
1356,64,69627.00,Graduation,United States,Low Value,0.00,0,0.0000
1357,48,38136.00,Graduation,United Kingdom,Low Value,0.00,0,0.0000
1358,80,62159.00,PhD,Germany,Low Value,0.00,0,0.0000
1359,63,80695.00,Graduation,United Kingdom,Low Value,0.00,0,0.0000
1360,55,33316.00,Master,United Kingdom,Low Value,0.00,0,0.0000
1361,58,58554.00,Graduation,United States,Low Value,0.00,0,0.0000
1362,34,17256.00,Basic,United Kingdom,Low Value,0.00,0,0.0000
1363,52,53034.00,Graduation,Germany,Low Value,0.00,0,0.0000
1364,76,52203.00,2n Cycle,United Kingdom,Low Value,0.00,0,0.0000
1365,49,59601.00,2n Cycle,United Kingdom,Low Value,0.00,0,0.0000
1366,68,75154.00,Master,United States,Low Value,0.00,0,0.0000
1367,50,47025.00,Graduation,United Kingdom,Low Value,0.00,0,0.0000
1368,53,37971.00,Graduation,Canada,Low Value,0.00,0,0.0000
1369,58,41335.00,Master,United States,Low Value,0.00,0,0.0000
1370,68,67267.00,Graduation,Canada,Low Value,0.00,0,0.0000
1371,51,57338.00,Graduation,United States,Low Value,0.00,0,0.0000
1372,66,50523.00,2n Cycle,Australia,Low Value,0.00,0,0.0000
1373,61,35791.00,Master,Australia,Low Value,0.00,0,0.0000
1374,66,50611.00,PhD,Germany,Low Value,0.00,0,0.0000
1375,57,56242.00,PhD,Germany,Low Value,0.00,0,0.0000
1376,66,48904.00,Graduation,Canada,Low Value,0.00,0,0.0000
1377,51,56243.00,Graduation,United Kingdom,Low Value,0.00,0,0.0000
1378,41,21355.00,Graduation,United States,Low Value,0.00,0,0.0000
1379,55,57420.00,Master,Australia,Low Value,0.00,0,0.0000
1380,56,0.00,Master,United Kingdom,Low Value,0.00,0,0.0000
1381,71,46390.00,Master,Australia,Low Value,0.00,0,0.0000
1382,70,54342.00,2n Cycle,United States,Low Value,0.00,0,0.0000
1383,68,0.00,Graduation,Canada,Low Value,0.00,0,0.0000
1384,62,0.00,2n Cycle,Germany,Low Value,0.00,0,0.0000
1385,53,20895.00,Graduation,Germany,Low Value,0.00,0,0.0000
1386,78,92344.00,Graduation,Germany,Low Value,0.00,0,0.0000
1387,54,0.00,PhD,Australia,Low Value,0.00,0,0.0000
1388,50,26907.00,2n Cycle,Australia,Low Value,0.00,0,0.0000
1389,46,44964.00,Graduation,Canada,Low Value,0.00,0,0.0000
1390,47,75507.00,Graduation,United Kingdom,Low Value,0.00,0,0.0000
1391,54,53761.00,Master,United States,Low Value,0.00,0,0.0000
1392,53,22682.00,Graduation,Canada,Low Value,0.00,0,0.0000
1393,54,38887.00,PhD,United States,Low Value,0.00,0,0.0000
1394,51,41658.00,2n Cycle,United States,Low Value,0.00,0,0.0000
1395,54,29791.00,PhD,United States,Low Value,0.00,0,0.0000
1396,70,63915.00,Master,United States,Low Value,0.00,0,0.0000
1397,52,39996.00,Graduation,Germany,Low Value,0.00,0,0.0000
1398,54,26759.00,Graduation,Germany,Low Value,0.00,0,0.0000
1399,58,63841.00,Master,Germany,Low Value,0.00,0,0.0000
1400,57,51039.00,PhD,United States,Low Value,0.00,0,0.0000
1401,65,60544.00,Graduation,United States,Low Value,0.00,0,0.0000
1402,54,65685.00,Graduation,Canada,Low Value,0.00,0,0.0000
1403,73,37716.00,Graduation,Australia,Low Value,0.00,0,0.0000
1404,69,36864.00,Graduation,Australia,Low Value,0.00,0,0.0000
1405,56,44511.00,Master,United States,Low Value,0.00,0,0.0000
1406,59,36947.00,PhD,Germany,Low Value,0.00,0,0.0000
1407,75,47352.00,Master,Canada,Low Value,0.00,0,0.0000
1408,73,67087.00,Master,United Kingdom,Low Value,0.00,0,0.0000
1409,76,57045.00,Graduation,United Kingdom,Low Value,0.00,0,0.0000
1410,73,36957.00,PhD,Germany,Low Value,0.00,0,0.0000
1411,49,69389.00,PhD,United States,Low Value,0.00,0,0.0000
1412,54,80134.00,Graduation,United Kingdom,Low Value,0.00,0,0.0000
1413,57,43142.00,Master,United Kingdom,Low Value,0.00,0,0.0000
1414,82,80589.00,Graduation,United Kingdom,Low Value,0.00,0,0.0000
1415,36,34412.00,Graduation,Germany,Low Value,0.00,0,0.0000
1416,47,57537.00,Graduation,Canada,Low Value,0.00,0,0.0000
1417,60,22634.00,Basic,United States,Low Value,0.00,0,0.0000
1418,78,51315.00,Graduation,Australia,Low Value,0.00,0,0.0000
1419,54,36026.00,Graduation,United States,Low Value,0.00,0,0.0000
1420,53,24639.00,Graduation,Canada,Low Value,0.00,0,0.0000
1421,54,34578.00,PhD,United Kingdom,Low Value,0.00,0,0.0000
1422,54,65704.00,2n Cycle,Australia,Low Value,0.00,0,0.0000
1423,60,63810.00,Graduation,Canada,Low Value,0.00,0,0.0000
1424,57,54132.00,PhD,United Kingdom,Low Value,0.00,0,0.0000
1425,67,18690.00,Graduation,United States,Low Value,0.00,0,0.0000
1426,56,28164.00,Graduation,Germany,Low Value,0.00,0,0.0000
1427,52,34596.00,PhD,Germany,Low Value,0.00,0,0.0000
1428,54,43269.00,PhD,United Kingdom,Low Value,0.00,0,0.0000
1429,68,38741.00,2n Cycle,Australia,Low Value,0.00,0,0.0000
1430,54,31907.00,Graduation,Canada,Low Value,0.00,0,0.0000
1431,43,27100.00,Master,Canada,Low Value,0.00,0,0.0000
1432,53,31163.00,2n Cycle,United States,Low Value,0.00,0,0.0000
1433,41,92533.00,Graduation,United States,Low Value,0.00,0,0.0000
1434,53,34853.00,Graduation,Germany,Low Value,0.00,0,0.0000
1435,59,70844.00,Graduation,Australia,Low Value,0.00,0,0.0000
1436,47,31086.00,2n Cycle,United Kingdom,Low Value,0.00,0,0.0000
1437,65,60544.00,Graduation,Canada,Low Value,0.00,0,0.0000
1438,40,20491.00,2n Cycle,Australia,Low Value,0.00,0,0.0000
1439,62,42523.00,Graduation,United States,Low Value,0.00,0,0.0000
1440,43,39922.00,Graduation,Australia,Low Value,0.00,0,0.0000
1441,74,33402.00,Graduation,Canada,Low Value,0.00,0,0.0000
1442,77,36408.00,Master,United Kingdom,Low Value,0.00,0,0.0000
1443,47,21645.00,Graduation,United States,Low Value,0.00,0,0.0000
1444,78,78427.00,Master,United Kingdom,Low Value,0.00,0,0.0000
1445,80,82657.00,Graduation,Germany,Low Value,0.00,0,0.0000
1446,68,51876.00,Graduation,Germany,Low Value,0.00,0,0.0000
1447,55,78041.00,2n Cycle,Canada,Low Value,0.00,0,0.0000
1448,69,52852.00,Graduation,Canada,Low Value,0.00,0,0.0000
1449,44,70038.00,PhD,Germany,Low Value,0.00,0,0.0000
1450,53,69401.00,2n Cycle,United States,Low Value,0.00,0,0.0000
1451,54,46053.00,Graduation,Germany,Low Value,0.00,0,0.0000
1452,61,77343.00,Graduation,Canada,Low Value,0.00,0,0.0000
1453,73,73892.00,Graduation,United States,Low Value,0.00,0,0.0000
1454,59,40304.00,PhD,Canada,Low Value,0.00,0,0.0000
1455,61,32727.00,PhD,United States,Low Value,0.00,0,0.0000
1456,57,68695.00,Graduation,United States,Low Value,0.00,0,0.0000
1457,55,43300.00,Graduation,Germany,Low Value,0.00,0,0.0000
1458,54,26290.00,Graduation,Canada,Low Value,0.00,0,0.0000
1459,56,93790.00,Graduation,United States,Low Value,0.00,0,0.0000
1460,52,38410.00,PhD,United States,Low Value,0.00,0,0.0000
1461,76,64866.00,Master,United States,Low Value,0.00,0,0.0000
1462,67,57957.00,Graduation,United States,Low Value,0.00,0,0.0000
1463,71,46015.00,PhD,Australia,Low Value,0.00,0,0.0000
1464,48,16531.00,Graduation,Australia,Low Value,0.00,0,0.0000
1465,40,28072.00,Master,United Kingdom,Low Value,0.00,0,0.0000
1466,63,49476.00,Master,Australia,Low Value,0.00,0,0.0000
1467,73,50725.00,Graduation,United States,Low Value,0.00,0,0.0000
1468,74,83844.00,Graduation,Canada,Low Value,0.00,0,0.0000
1469,76,41145.00,PhD,Canada,Low Value,0.00,0,0.0000
1470,56,67419.00,Graduation,Germany,Low Value,0.00,0,0.0000
1471,56,23162.00,2n Cycle,Germany,Low Value,0.00,0,0.0000
1472,49,34380.00,Graduation,United States,Low Value,0.00,0,0.0000
1473,60,34704.00,Graduation,United States,Low Value,0.00,0,0.0000
1474,57,94871.00,PhD,Canada,Low Value,0.00,0,0.0000
1475,68,65148.00,Graduation,Canada,Low Value,0.00,0,0.0000
1476,72,39898.00,Graduation,United Kingdom,Low Value,0.00,0,0.0000
1477,70,64857.00,Master,Australia,Low Value,0.00,0,0.0000
1478,56,59892.00,PhD,United States,Low Value,0.00,0,0.0000
1479,39,41020.00,Master,Germany,Low Value,0.00,0,0.0000
1480,65,57072.00,PhD,United Kingdom,Low Value,0.00,0,0.0000
1481,47,60474.00,Graduation,Germany,Low Value,0.00,0,0.0000
1482,66,62807.00,Graduation,United Kingdom,Low Value,0.00,0,0.0000
1483,45,19414.00,2n Cycle,Canada,Low Value,0.00,0,0.0000
1484,46,19107.00,Graduation,Canada,Low Value,0.00,0,0.0000
1485,50,75484.00,2n Cycle,Australia,Low Value,0.00,0,0.0000
1486,50,70379.00,Master,United Kingdom,Low Value,0.00,0,0.0000
1487,56,79419.00,Master,Australia,Low Value,0.00,0,0.0000
1488,80,64014.00,PhD,United States,Low Value,0.00,0,0.0000
1489,71,76998.00,Graduation,United States,Low Value,0.00,0,0.0000
1490,54,49854.00,Master,Germany,Low Value,0.00,0,0.0000
1491,55,60585.00,PhD,United States,Low Value,0.00,0,0.0000
1492,76,42873.00,PhD,United Kingdom,Low Value,0.00,0,0.0000
1493,38,87679.00,Graduation,United States,Low Value,0.00,0,0.0000
1494,48,57867.00,Graduation,United Kingdom,Low Value,0.00,0,0.0000
1495,36,35765.00,Graduation,United States,Low Value,0.00,0,0.0000
1496,67,65492.00,Graduation,Australia,Low Value,0.00,0,0.0000
1497,49,32952.00,Graduation,United States,Low Value,0.00,0,0.0000
1498,57,53374.00,PhD,Germany,Low Value,0.00,0,0.0000
1499,67,71706.00,Graduation,Canada,Low Value,0.00,0,0.0000
1500,38,68487.00,Graduation,Germany,Low Value,0.00,0,0.0000
1501,51,53253.00,Master,United Kingdom,High Value,209.16,16,0.5000
1502,53,31163.00,2n Cycle,Australia,High Value,185.92,14,0.5000
1503,49,42014.00,Graduation,United Kingdom,High Value,212.48,14,0.5000
1504,53,54108.00,Master,Germany,High Value,239.04,14,0.5000
1505,71,49667.00,PhD,United States,High Value,185.92,16,0.5000
1506,52,63206.00,Master,Germany,High Value,162.68,16,0.5000
1507,54,57136.00,Master,United Kingdom,High Value,247.89,12,0.5000
1508,51,46772.00,2n Cycle,Germany,High Value,247.89,12,0.5000
1509,55,78931.00,PhD,Germany,High Value,165.26,18,0.5000
1510,68,53977.00,Graduation,United States,High Value,185.92,12,0.5000
1511,38,84219.00,Graduation,Canada,High Value,162.68,16,0.5000
1512,51,46098.00,Master,Germany,High Value,209.16,16,0.5000
1513,61,73538.00,Graduation,United Kingdom,High Value,209.16,16,0.5000
1514,40,79529.00,Graduation,United States,High Value,212.48,14,0.5000
1515,49,20981.00,2n Cycle,Canada,High Value,159.36,14,0.5000
1516,46,51766.00,Graduation,United Kingdom,High Value,139.44,16,0.5000
1517,64,55759.00,Graduation,Canada,High Value,162.68,16,0.5000
1518,48,33039.00,Graduation,United States,High Value,212.48,14,0.5000
1519,54,37787.00,Master,United States,High Value,162.68,16,0.5000
1520,56,27242.00,Graduation,Australia,High Value,212.48,14,0.5000
1521,43,87188.00,PhD,Germany,High Value,185.92,12,0.5000
1522,55,69930.00,Graduation,Canada,High Value,159.36,14,0.5000
1523,50,37697.00,Graduation,Germany,High Value,185.92,14,0.5000
1524,53,37401.00,PhD,Germany,High Value,165.26,18,0.5000
1525,53,3502.00,Graduation,Canada,High Value,247.89,12,0.5000
1526,50,58597.00,Graduation,Australia,High Value,162.68,16,0.5000
1527,78,82032.00,PhD,Australia,High Value,212.48,14,0.5000
1528,68,28087.00,Graduation,Canada,High Value,159.36,14,0.5000
1529,39,74004.00,PhD,Germany,High Value,247.89,12,0.5000
1530,66,19740.00,Graduation,Canada,High Value,212.48,14,0.5000
1531,51,57036.00,2n Cycle,Australia,High Value,162.68,16,0.5000
1532,68,53083.00,2n Cycle,Canada,High Value,144.60,18,0.5000
1533,51,69283.00,PhD,United Kingdom,High Value,159.36,14,0.5000
1534,51,46098.00,Master,United States,High Value,185.92,16,0.5000
1535,38,23331.00,2n Cycle,Germany,High Value,139.44,16,0.5000
1536,38,23331.00,2n Cycle,Canada,High Value,144.60,18,0.5000
1537,37,9255.00,Graduation,Australia,High Value,185.92,12,0.5000
1538,67,67786.00,PhD,Canada,High Value,212.48,14,0.5000
1539,55,71969.00,PhD,Australia,High Value,185.92,14,0.5000
1540,59,59235.00,Master,United States,High Value,209.16,16,0.5000
1541,37,31928.00,Graduation,Australia,High Value,165.26,18,0.5000
1542,65,74881.00,Master,Australia,High Value,185.92,14,0.5000
1543,48,65819.00,Graduation,United States,High Value,212.48,14,0.5000
1544,73,51411.00,PhD,United Kingdom,High Value,185.92,16,0.5000
1545,62,51983.00,Graduation,United Kingdom,High Value,212.48,14,0.5000
1546,40,42386.00,Master,United Kingdom,High Value,185.92,14,0.5000
1547,39,30390.00,2n Cycle,United Kingdom,High Value,162.68,16,0.5000
1548,63,30983.00,Graduation,Australia,High Value,159.36,14,0.5000
1549,69,66033.00,Graduation,Canada,High Value,278.88,12,0.5000
1550,51,37284.00,2n Cycle,Canada,High Value,239.04,14,0.5000
1551,75,57530.00,Master,Germany,High Value,185.92,14,0.5000
1552,61,76800.00,2n Cycle,Germany,High Value,162.68,16,0.5000
1553,70,63943.00,Graduation,Germany,High Value,185.92,14,0.5000
1554,64,76081.00,Graduation,United Kingdom,High Value,185.92,14,0.5000
1555,52,67445.00,Graduation,Australia,High Value,185.92,18,0.5000
1556,59,37054.00,Master,Germany,High Value,212.48,14,0.5000
1557,64,47175.00,Master,Canada,High Value,162.68,16,0.5000
1558,50,31859.00,Graduation,Germany,High Value,212.48,14,0.5000
1559,65,27215.00,Graduation,Australia,High Value,162.68,16,0.5000
1560,50,70179.00,PhD,Canada,High Value,162.68,16,0.5000
1561,43,39922.00,Graduation,United States,High Value,209.16,16,0.5000
1562,50,49681.00,Master,Canada,High Value,185.92,14,0.5000
1563,38,24645.00,Graduation,Canada,High Value,185.92,14,0.5000
1564,72,79865.00,Graduation,Germany,High Value,239.04,14,0.5000
1565,41,44322.00,Graduation,Canada,High Value,165.26,18,0.5000
1566,74,47958.00,Graduation,Canada,High Value,185.92,16,0.5000
1567,62,63972.00,Master,Germany,High Value,185.92,16,0.5000
1568,72,75315.00,Graduation,United Kingdom,High Value,212.48,14,0.5000
1569,76,55517.00,PhD,Australia,High Value,139.44,16,0.5000
1570,69,75283.00,PhD,Germany,High Value,212.48,14,0.5000
1571,80,82800.00,PhD,United States,High Value,159.36,14,0.5000
1572,72,38998.00,Graduation,United States,High Value,162.68,16,0.5000
1573,35,90638.00,Master,Canada,High Value,185.92,16,0.5000
1574,40,27161.00,Master,United Kingdom,High Value,162.68,16,0.5000
1575,49,42014.00,Graduation,United Kingdom,High Value,162.68,16,0.5000
1576,66,38201.00,PhD,Germany,High Value,185.92,14,0.5000
1577,44,45203.00,Graduation,Germany,High Value,212.48,14,0.5000
1578,79,81574.00,PhD,United States,High Value,185.92,14,0.5000
1579,34,34935.00,Graduation,Canada,High Value,185.92,14,0.5000
1580,50,60482.00,Master,United States,High Value,185.92,16,0.5000
1581,70,34633.00,Graduation,Canada,High Value,247.89,12,0.5000
1582,79,78093.00,Master,Australia,High Value,165.26,18,0.5000
1583,76,82460.00,Graduation,Canada,High Value,239.04,14,0.5000
1584,60,45903.00,Master,Australia,High Value,185.92,14,0.5000
1585,39,81361.00,Graduation,United States,High Value,139.44,16,0.5000
1586,53,35860.00,PhD,United Kingdom,High Value,185.92,14,0.5000
1587,74,40442.00,Master,Australia,High Value,239.04,14,0.5000
1588,61,61482.00,Graduation,Australia,High Value,209.16,16,0.5000
1589,46,34968.00,Graduation,Australia,High Value,185.92,16,0.5000
1590,39,75794.00,Graduation,Australia,High Value,212.48,14,0.5000
1591,64,31497.00,PhD,Germany,High Value,185.92,16,0.5000
1592,71,74268.00,Graduation,United States,High Value,212.48,14,0.5000
1593,38,13724.00,Basic,United States,High Value,212.48,14,0.5000
1594,61,45143.00,Master,United States,High Value,144.60,18,0.5000
1595,59,52569.00,PhD,Germany,High Value,185.92,16,0.5000
1596,53,48432.00,PhD,Australia,High Value,123.95,18,0.5000
1597,66,17144.00,Master,Canada,High Value,185.92,16,0.5000
1598,42,36108.00,Graduation,Australia,High Value,185.92,14,0.5000
1599,55,76445.00,Graduation,Canada,High Value,209.16,16,0.5000
1600,51,36663.00,PhD,Germany,High Value,185.92,16,0.5000
1601,61,53843.00,Master,Australia,High Value,162.68,16,0.5000
1602,70,90226.00,Master,Canada,High Value,139.44,16,0.5000
1603,71,70638.00,Master,United States,High Value,185.92,14,0.5000
1604,66,44512.00,Graduation,United Kingdom,High Value,212.48,14,0.5000
1605,65,27116.00,Graduation,Australia,High Value,212.48,14,0.5000
1606,63,54072.00,PhD,Germany,High Value,185.92,16,0.5000
1607,49,71855.00,Graduation,United States,High Value,165.26,18,0.5000
1608,36,51250.00,2n Cycle,United States,High Value,185.92,14,0.5000
1609,53,60432.00,Master,Australia,High Value,212.48,14,0.5000
1610,62,65526.00,PhD,United Kingdom,High Value,239.04,14,0.5000
1611,38,68655.00,Graduation,United Kingdom,High Value,239.04,14,0.5000
1612,48,12393.00,2n Cycle,Australia,High Value,185.92,18,0.5000
1613,36,64509.00,Graduation,United States,High Value,185.92,16,0.5000
1614,51,33955.00,Graduation,United States,High Value,212.48,14,0.5000
1615,49,31353.00,Graduation,United States,High Value,162.68,16,0.5000
1616,42,55434.00,Graduation,United Kingdom,High Value,185.92,16,0.5000
1617,43,28359.00,Graduation,United States,High Value,185.92,16,0.5000
1618,39,57100.00,Graduation,United States,High Value,185.92,16,0.5000
1619,61,69139.00,Graduation,United Kingdom,High Value,185.92,14,0.5000
1620,70,52973.00,Master,United States,High Value,185.92,16,0.5000
1621,61,51717.00,PhD,United Kingdom,High Value,159.36,14,0.5000
1622,55,18793.00,Graduation,United Kingdom,High Value,212.48,14,0.5000
1623,44,66664.00,2n Cycle,Canada,High Value,185.92,16,0.5000
1624,67,50664.00,Graduation,Australia,High Value,162.68,16,0.5000
1625,63,54414.00,Graduation,United States,High Value,185.92,16,0.5000
1626,74,54549.00,PhD,Germany,High Value,216.90,12,0.5000
1627,55,47111.00,PhD,United Kingdom,High Value,123.95,18,0.5000
1628,63,41003.00,PhD,United States,High Value,185.92,14,0.5000
1629,44,19444.00,Graduation,United States,High Value,185.92,14,0.5000
1630,50,36301.00,2n Cycle,Australia,High Value,185.92,14,0.5000
1631,79,73059.00,PhD,Germany,High Value,212.48,14,0.5000
1632,57,42731.00,PhD,United States,High Value,185.92,14,0.5000
1633,67,52854.00,PhD,United States,High Value,185.92,14,0.5000
1634,48,22775.00,Graduation,Australia,High Value,209.16,16,0.5000
1635,78,46681.00,PhD,Germany,High Value,185.92,14,0.5000
1636,71,59821.00,PhD,Germany,High Value,185.92,16,0.5000
1637,72,50002.00,Graduation,United States,High Value,212.48,14,0.5000
1638,81,69755.00,Graduation,United States,High Value,185.92,16,0.5000
1639,57,44078.00,Graduation,Canada,High Value,165.26,18,0.5000
1640,50,30560.00,Master,Australia,High Value,239.04,14,0.5000
1641,57,35924.00,Master,Canada,High Value,139.44,16,0.5000
1642,62,64140.00,PhD,United Kingdom,High Value,159.36,14,0.5000
1643,45,56386.00,Graduation,Canada,High Value,162.68,16,0.5000
1644,47,24594.00,Basic,Germany,High Value,185.92,16,0.5000
1645,45,75774.00,2n Cycle,Canada,High Value,212.48,14,0.5000
1646,66,39228.00,Master,United Kingdom,High Value,212.48,14,0.5000
1647,52,58494.00,Master,United Kingdom,High Value,123.95,18,0.5000
1648,45,58684.00,Graduation,Germany,High Value,212.48,14,0.5000
1649,59,57136.00,Graduation,United Kingdom,High Value,185.92,14,0.5000
1650,76,56551.00,PhD,Germany,High Value,239.04,14,0.5000
1651,44,22448.00,Graduation,Germany,High Value,185.92,12,0.5000
1652,65,82014.00,Graduation,United Kingdom,High Value,212.48,14,0.5000
1653,63,34213.00,Graduation,Canada,High Value,139.44,16,0.5000
1654,49,157146.00,Graduation,Australia,High Value,144.60,18,0.5000
1655,79,25358.00,PhD,Germany,High Value,212.48,14,0.5000
1656,48,35544.00,Master,Australia,High Value,185.92,14,0.5000
1657,72,36634.00,Master,Germany,High Value,212.48,14,0.5000
1658,72,62670.00,PhD,Australia,High Value,278.88,12,0.5000
1659,54,50334.00,2n Cycle,United States,High Value,165.26,18,0.5000
1660,45,72066.00,Graduation,Germany,High Value,212.48,14,0.5000
1661,68,50729.00,PhD,United Kingdom,High Value,212.48,14,0.5000
1662,58,34916.00,Graduation,Canada,High Value,212.48,14,0.5000
1663,50,64892.00,Graduation,United States,High Value,185.92,14,0.5000
1664,60,43602.00,Graduation,Canada,High Value,209.16,16,0.5000
1665,37,33996.00,PhD,Australia,High Value,185.92,14,0.5000
1666,41,41473.00,2n Cycle,Canada,High Value,162.68,16,0.5000
1667,59,63246.00,PhD,Germany,High Value,185.92,14,0.5000
1668,67,36732.00,PhD,Australia,High Value,139.44,16,0.5000
1669,56,69084.00,PhD,Germany,High Value,185.92,16,0.5000
1670,59,77766.00,PhD,United Kingdom,High Value,212.48,14,0.5000
1671,41,37929.00,PhD,Germany,High Value,139.44,16,0.5000
1672,75,86610.00,Graduation,Canada,High Value,212.48,14,0.5000
1673,40,80141.00,Master,United States,High Value,239.04,14,0.5000
1674,71,72635.00,2n Cycle,Canada,High Value,159.36,14,0.5000
1675,56,69016.00,Graduation,Germany,High Value,162.68,16,0.5000
1676,35,20193.00,2n Cycle,Canada,High Value,185.92,14,0.5000
1677,51,27573.00,Graduation,Australia,High Value,159.36,14,0.5000
1678,47,15862.00,Basic,United Kingdom,High Value,185.92,16,0.5000
1679,50,49544.00,PhD,Germany,High Value,247.89,12,0.5000
1680,46,33228.00,Graduation,Germany,High Value,185.92,16,0.5000
1681,48,70440.00,Graduation,United States,High Value,185.92,14,0.5000
1682,55,38232.00,Graduation,Canada,High Value,159.36,14,0.5000
1683,71,22554.00,PhD,United Kingdom,High Value,162.68,16,0.5000
1684,43,23536.00,PhD,Germany,High Value,212.48,14,0.5000
1685,74,49413.00,Graduation,United States,High Value,185.92,14,0.5000
1686,57,42231.00,Graduation,Germany,High Value,162.68,16,0.5000
1687,46,78789.00,Master,Canada,High Value,185.92,14,0.5000
1688,58,56534.00,Graduation,United Kingdom,High Value,212.48,14,0.5000
1689,55,58350.00,Graduation,United Kingdom,High Value,216.90,12,0.5000
1690,37,81217.00,Graduation,Australia,High Value,144.60,18,0.5000
1691,75,49090.00,Graduation,Canada,High Value,185.92,16,0.5000
1692,39,61787.00,Master,Germany,High Value,162.68,16,0.5000
1693,41,18169.00,PhD,United States,High Value,212.48,14,0.5000
1694,45,24336.00,2n Cycle,United Kingdom,High Value,162.68,16,0.5000
1695,36,18222.00,Graduation,Australia,High Value,216.90,12,0.5000
1696,74,62335.00,Graduation,Australia,High Value,216.90,12,0.5000
1697,55,42033.00,2n Cycle,Germany,High Value,239.04,14,0.5000
1698,43,86580.00,PhD,United Kingdom,High Value,185.92,16,0.5000
1699,69,41437.00,PhD,Canada,High Value,162.68,16,0.5000
1700,75,73705.00,Master,Germany,High Value,139.44,16,0.5000
1701,50,61064.00,Graduation,Canada,High Value,209.16,16,0.5000
1702,71,38452.00,Master,Canada,High Value,144.60,18,0.5000
1703,37,18358.00,Graduation,Germany,High Value,212.48,14,0.5000
1704,53,55012.00,PhD,Australia,High Value,212.48,14,0.5000
1705,53,9722.00,Basic,Australia,High Value,162.68,16,0.5000
1706,42,38175.00,PhD,Australia,High Value,209.16,16,0.5000
1707,70,58656.00,Master,United States,High Value,212.48,14,0.5000
1708,61,52117.00,Graduation,Germany,High Value,139.44,16,0.5000
1709,48,64813.00,Graduation,United States,High Value,165.26,18,0.5000
1710,53,54222.00,PhD,United States,High Value,162.68,16,0.5000
1711,40,83512.00,Graduation,United States,High Value,162.68,16,0.5000
1712,67,77520.00,Master,United Kingdom,High Value,185.92,14,0.5000
1713,48,41154.00,Graduation,Canada,High Value,209.16,16,0.5000
1714,60,80398.00,Graduation,Australia,High Value,139.44,16,0.5000
1715,34,18746.00,Basic,United Kingdom,High Value,185.92,16,0.5000
1716,42,35196.00,Graduation,Australia,High Value,185.92,14,0.5000
1717,70,60230.00,Graduation,Canada,High Value,144.60,18,0.5000
1718,49,22108.00,Graduation,Germany,High Value,185.92,12,0.5000
1719,52,44392.00,Graduation,Germany,High Value,165.26,18,0.5000
1720,50,55424.00,PhD,United States,High Value,185.92,16,0.5000
1721,47,17688.00,Graduation,United Kingdom,High Value,144.60,18,0.5000
1722,43,92491.00,PhD,Germany,High Value,209.16,16,0.5000
1723,35,90273.00,Graduation,Australia,High Value,162.68,16,0.5000
1724,64,82571.00,PhD,Australia,High Value,216.90,12,0.5000
1725,44,38513.00,PhD,Canada,High Value,162.68,16,0.5000
1726,47,16653.00,Master,United Kingdom,High Value,159.36,14,0.5000
1727,71,42586.00,Graduation,United States,High Value,185.92,14,0.5000
1728,61,23529.00,Basic,Australia,High Value,247.89,12,0.5000
1729,65,74881.00,Master,Canada,High Value,162.68,16,0.5000
1730,75,71107.00,Graduation,Australia,High Value,209.16,16,0.5000
1731,62,46910.00,PhD,United Kingdom,High Value,162.68,16,0.5000
1732,67,18690.00,Graduation,United States,High Value,209.16,16,0.5000
1733,71,37244.00,Graduation,United Kingdom,High Value,185.92,14,0.5000
1734,60,82427.00,Graduation,United States,High Value,123.95,18,0.5000
1735,68,75342.00,2n Cycle,United Kingdom,High Value,185.92,16,0.5000
1736,72,70044.00,Graduation,United States,High Value,212.48,14,0.5000
1737,59,79146.00,Graduation,United Kingdom,High Value,185.92,14,0.5000
1738,63,77437.00,Graduation,Australia,High Value,212.48,14,0.5000
1739,67,54984.00,Graduation,United States,High Value,216.90,12,0.5000
1740,55,42403.00,PhD,United States,High Value,159.36,14,0.5000
1741,62,55761.00,Graduation,Australia,High Value,212.48,14,0.5000
1742,43,37292.00,Graduation,United Kingdom,High Value,212.48,14,0.5000
1743,81,45576.00,PhD,United States,High Value,139.44,16,0.5000
1744,79,70321.00,Graduation,Canada,High Value,212.48,14,0.5000
1745,57,58086.00,PhD,Germany,High Value,185.92,14,0.5000
1746,74,81795.00,Graduation,Australia,High Value,144.60,18,0.5000
1747,79,28389.00,Basic,Germany,High Value,162.68,16,0.5000
1748,80,66835.00,Master,Australia,High Value,212.48,14,0.5000
1749,57,69901.00,Graduation,Australia,High Value,185.92,14,0.5000
1750,77,80360.00,PhD,Germany,High Value,162.68,16,0.5000
1751,65,63342.00,PhD,Canada,Low Value,0.00,0,0.0000
1752,52,44989.00,Graduation,Germany,Low Value,0.00,0,0.0000
1753,46,31859.00,2n Cycle,United Kingdom,Low Value,0.00,0,0.0000
1754,77,51569.00,PhD,United Kingdom,Low Value,0.00,0,0.0000
1755,55,30372.00,Graduation,Germany,Low Value,0.00,0,0.0000
1756,47,16014.00,Basic,United States,Low Value,0.00,0,0.0000
1757,58,41120.00,Graduation,United Kingdom,Low Value,0.00,0,0.0000
1758,55,39763.00,Master,Australia,Low Value,0.00,0,0.0000
1759,71,38725.00,PhD,Canada,Low Value,0.00,0,0.0000
1760,54,77981.00,Graduation,Germany,Low Value,0.00,0,0.0000
1761,62,62905.00,2n Cycle,Germany,Low Value,0.00,0,0.0000
1762,47,13533.00,2n Cycle,Germany,Low Value,0.00,0,0.0000
1763,51,59481.00,Graduation,Germany,Low Value,0.00,0,0.0000
1764,49,72117.00,Graduation,Canada,Low Value,0.00,0,0.0000
1765,40,21955.00,2n Cycle,Australia,Low Value,0.00,0,0.0000
1766,70,67131.00,Graduation,Australia,Low Value,0.00,0,0.0000
1767,46,36802.00,PhD,United States,Low Value,0.00,0,0.0000
1768,44,71853.00,Graduation,Canada,Low Value,0.00,0,0.0000
1769,65,28249.00,Basic,Canada,Low Value,0.00,0,0.0000
1770,51,47808.00,Master,Canada,Low Value,0.00,0,0.0000
1771,52,25509.00,PhD,Canada,Low Value,0.00,0,0.0000
1772,80,51012.00,PhD,United Kingdom,Low Value,0.00,0,0.0000
1773,41,70596.00,Graduation,Germany,Low Value,0.00,0,0.0000
1774,74,85431.00,PhD,Canada,Low Value,0.00,0,0.0000
1775,59,42664.00,Graduation,United States,Low Value,0.00,0,0.0000
1776,71,42586.00,Graduation,Canada,Low Value,0.00,0,0.0000
1777,41,29760.00,Graduation,Canada,Low Value,0.00,0,0.0000
1778,49,28973.00,PhD,United Kingdom,Low Value,0.00,0,0.0000
1779,53,39435.00,PhD,Germany,Low Value,0.00,0,0.0000
1780,42,65370.00,2n Cycle,United States,Low Value,0.00,0,0.0000
1781,47,20194.00,Basic,Australia,Low Value,0.00,0,0.0000
1782,50,42473.00,PhD,United Kingdom,Low Value,0.00,0,0.0000
1783,58,64590.00,Graduation,Germany,Low Value,0.00,0,0.0000
1784,67,71232.00,Graduation,Australia,Low Value,0.00,0,0.0000
1785,55,34600.00,Graduation,Australia,Low Value,0.00,0,0.0000
1786,59,46904.00,Graduation,United States,Low Value,0.00,0,0.0000
1787,53,49094.00,Graduation,United States,Low Value,0.00,0,0.0000
1788,43,36075.00,Graduation,United Kingdom,Low Value,0.00,0,0.0000
1789,47,60839.00,2n Cycle,Canada,Low Value,0.00,0,0.0000
1790,47,77298.00,Graduation,Canada,Low Value,0.00,0,0.0000
1791,76,34026.00,Graduation,Australia,Low Value,0.00,0,0.0000
1792,63,48918.00,PhD,United States,Low Value,0.00,0,0.0000
1793,64,82122.00,2n Cycle,Canada,Low Value,0.00,0,0.0000
1794,50,37697.00,Graduation,United Kingdom,Low Value,0.00,0,0.0000
1795,74,34074.00,Graduation,Australia,Low Value,0.00,0,0.0000
1796,66,28520.00,Master,Australia,Low Value,0.00,0,0.0000
1797,71,62535.00,Graduation,Australia,Low Value,0.00,0,0.0000
1798,49,36273.00,Master,Australia,Low Value,0.00,0,0.0000
1799,62,63404.00,Graduation,United States,Low Value,0.00,0,0.0000
1800,45,75774.00,2n Cycle,United Kingdom,Low Value,0.00,0,0.0000
1801,50,78416.00,Graduation,Canada,Low Value,0.00,0,0.0000
1802,52,75702.00,Graduation,Germany,Low Value,0.00,0,0.0000
1803,75,59385.00,Master,Canada,Low Value,0.00,0,0.0000
1804,60,37070.00,Graduation,Canada,Low Value,0.00,0,0.0000
1805,75,44689.00,Graduation,United States,Low Value,0.00,0,0.0000
1806,68,53977.00,Graduation,Germany,Low Value,0.00,0,0.0000
1807,60,7144.00,PhD,United Kingdom,Low Value,0.00,0,0.0000
1808,62,18701.00,Graduation,United States,Low Value,0.00,0,0.0000
1809,70,90369.00,Graduation,Germany,Low Value,0.00,0,0.0000
1810,52,63159.00,PhD,Germany,Low Value,0.00,0,0.0000
1811,60,37758.00,Graduation,United States,Low Value,0.00,0,0.0000
1812,63,46757.00,PhD,United Kingdom,Low Value,0.00,0,0.0000
1813,57,79734.00,Master,United Kingdom,Low Value,0.00,0,0.0000
1814,34,63207.00,Graduation,United States,Low Value,0.00,0,0.0000
1815,72,72071.00,Graduation,Australia,Low Value,0.00,0,0.0000
1816,43,21840.00,PhD,Germany,Low Value,0.00,0,0.0000
1817,44,58582.00,2n Cycle,Canada,Low Value,0.00,0,0.0000
1818,75,72282.00,Graduation,Canada,Low Value,0.00,0,0.0000
1819,70,50387.00,Graduation,Canada,Low Value,0.00,0,0.0000
1820,65,32583.00,PhD,United States,Low Value,0.00,0,0.0000
1821,64,62568.00,Graduation,Canada,Low Value,0.00,0,0.0000
1822,55,44635.00,Master,Australia,Low Value,0.00,0,0.0000
1823,55,33316.00,Master,Germany,Low Value,0.00,0,0.0000
1824,58,63967.00,Graduation,Germany,Low Value,0.00,0,0.0000
1825,48,52513.00,2n Cycle,Germany,Low Value,0.00,0,0.0000
1826,57,25293.00,Graduation,United States,Low Value,0.00,0,0.0000
1827,61,54111.00,PhD,United States,Low Value,0.00,0,0.0000
1828,40,78394.00,Graduation,United Kingdom,Low Value,0.00,0,0.0000
1829,68,80739.00,Master,Canada,Low Value,0.00,0,0.0000
1830,51,22669.00,Master,Canada,Low Value,0.00,0,0.0000
1831,39,29236.00,Graduation,United States,Low Value,0.00,0,0.0000
1832,67,44911.00,Graduation,Germany,Low Value,0.00,0,0.0000
1833,64,54693.00,PhD,United Kingdom,Low Value,0.00,0,0.0000
1834,52,48186.00,Graduation,United Kingdom,Low Value,0.00,0,0.0000
1835,49,54809.00,Graduation,United States,Low Value,0.00,0,0.0000
1836,48,41580.00,Graduation,United Kingdom,Low Value,0.00,0,0.0000
1837,56,80336.00,PhD,Germany,Low Value,0.00,0,0.0000
1838,69,47743.00,Graduation,United Kingdom,Low Value,0.00,0,0.0000
1839,71,62972.00,2n Cycle,Australia,Low Value,0.00,0,0.0000
1840,72,57333.00,PhD,Germany,Low Value,0.00,0,0.0000
1841,44,32313.00,PhD,United States,Low Value,0.00,0,0.0000
1842,73,84953.00,Master,United Kingdom,Low Value,0.00,0,0.0000
1843,58,27071.00,Master,United States,Low Value,0.00,0,0.0000
1844,69,68148.00,Master,Australia,Low Value,0.00,0,0.0000
1845,61,65735.00,Master,Australia,Low Value,0.00,0,0.0000
1846,51,86836.00,PhD,Germany,Low Value,0.00,0,0.0000
1847,63,4023.00,PhD,Germany,Low Value,0.00,0,0.0000
1848,36,30093.00,Graduation,United States,Low Value,0.00,0,0.0000
1849,60,57705.00,PhD,United Kingdom,Low Value,0.00,0,0.0000
1850,38,25008.00,Graduation,United Kingdom,Low Value,0.00,0,0.0000
1851,31,83257.00,2n Cycle,Australia,Low Value,0.00,0,0.0000
1852,51,22280.00,Graduation,Germany,Low Value,0.00,0,0.0000
1853,48,72159.00,PhD,Canada,Low Value,0.00,0,0.0000
1854,65,64260.00,Graduation,Australia,Low Value,0.00,0,0.0000
1855,42,82733.00,PhD,Canada,Low Value,0.00,0,0.0000
1856,55,74290.00,Master,Canada,Low Value,0.00,0,0.0000
1857,75,58217.00,Master,Canada,Low Value,0.00,0,0.0000
1858,50,21024.00,Master,Australia,Low Value,0.00,0,0.0000
1859,54,70116.00,PhD,United Kingdom,Low Value,0.00,0,0.0000
1860,41,54006.00,Graduation,Germany,Low Value,0.00,0,0.0000
1861,60,69063.00,PhD,United Kingdom,Low Value,0.00,0,0.0000
1862,51,11448.00,2n Cycle,United States,Low Value,0.00,0,0.0000
1863,47,61825.00,Graduation,United States,Low Value,0.00,0,0.0000
1864,55,70886.00,Graduation,Germany,Low Value,0.00,0,0.0000
1865,44,69109.00,Graduation,United States,Low Value,0.00,0,0.0000
1866,53,60208.00,Graduation,United States,Low Value,0.00,0,0.0000
1867,58,32889.00,Master,United Kingdom,Low Value,0.00,0,0.0000
1868,42,34738.00,Graduation,Germany,Low Value,0.00,0,0.0000
1869,55,30538.00,Master,Canada,Low Value,0.00,0,0.0000
1870,49,82326.00,2n Cycle,United Kingdom,Low Value,0.00,0,0.0000
1871,59,26642.00,PhD,Canada,Low Value,0.00,0,0.0000
1872,62,69932.00,Graduation,Germany,Low Value,0.00,0,0.0000
1873,54,44503.00,Graduation,United Kingdom,Low Value,0.00,0,0.0000
1874,78,60200.00,PhD,Germany,Low Value,0.00,0,0.0000
1875,74,49638.00,Graduation,Canada,Low Value,0.00,0,0.0000
1876,39,23830.00,2n Cycle,Germany,Low Value,0.00,0,0.0000
1877,67,33051.00,Master,United Kingdom,Low Value,0.00,0,0.0000
1878,68,72905.00,Graduation,Australia,Low Value,0.00,0,0.0000
1879,75,69702.00,PhD,United Kingdom,Low Value,0.00,0,0.0000
1880,51,70300.00,Graduation,Germany,Low Value,0.00,0,0.0000
1881,42,70643.00,PhD,United Kingdom,Low Value,0.00,0,0.0000
1882,57,30396.00,PhD,Australia,Low Value,0.00,0,0.0000
1883,58,50616.00,PhD,Australia,Low Value,0.00,0,0.0000
1884,57,62772.00,Master,United States,Low Value,0.00,0,0.0000
1885,41,30298.00,PhD,Australia,Low Value,0.00,0,0.0000
1886,42,52413.00,Graduation,United Kingdom,Low Value,0.00,0,0.0000
1887,69,44155.00,PhD,United States,Low Value,0.00,0,0.0000
1888,55,86979.00,PhD,Australia,Low Value,0.00,0,0.0000
1889,51,76532.00,Graduation,United States,Low Value,0.00,0,0.0000
1890,44,42081.00,Graduation,Germany,Low Value,0.00,0,0.0000
1891,38,67546.00,PhD,Germany,Low Value,0.00,0,0.0000
1892,37,88420.00,Master,Australia,Low Value,0.00,0,0.0000
1893,41,31158.00,Graduation,Germany,Low Value,0.00,0,0.0000
1894,58,61671.00,Graduation,Canada,Low Value,0.00,0,0.0000
1895,52,69719.00,Graduation,United Kingdom,Low Value,0.00,0,0.0000
1896,77,49160.00,Graduation,United States,Low Value,0.00,0,0.0000
1897,48,24882.00,Basic,Australia,Low Value,0.00,0,0.0000
1898,72,90933.00,PhD,Canada,Low Value,0.00,0,0.0000
1899,81,113734.00,PhD,United States,Low Value,0.00,0,0.0000
1900,76,59292.00,PhD,United States,Low Value,0.00,0,0.0000
1901,62,45759.00,PhD,United Kingdom,Low Value,0.00,0,0.0000
1902,43,22148.00,Graduation,Germany,Low Value,0.00,0,0.0000
1903,39,73395.00,Master,United States,Low Value,0.00,0,0.0000
1904,55,29819.00,Graduation,Germany,Low Value,0.00,0,0.0000
1905,58,45688.00,Graduation,Australia,Low Value,0.00,0,0.0000
1906,72,62820.00,Graduation,United Kingdom,Low Value,0.00,0,0.0000
1907,55,60491.00,PhD,United States,Low Value,0.00,0,0.0000
1908,40,33235.00,Graduation,Canada,Low Value,0.00,0,0.0000
1909,67,35701.00,Graduation,Germany,Low Value,0.00,0,0.0000
1910,46,31535.00,Master,Australia,Low Value,0.00,0,0.0000
1911,66,92556.00,2n Cycle,United States,Low Value,0.00,0,0.0000
1912,56,67384.00,Graduation,Australia,Low Value,0.00,0,0.0000
1913,55,80573.00,Master,United States,Low Value,0.00,0,0.0000
1914,59,77870.00,Graduation,United States,Low Value,0.00,0,0.0000
1915,63,52278.00,PhD,Germany,Low Value,0.00,0,0.0000
1916,58,57107.00,Graduation,Australia,Low Value,0.00,0,0.0000
1917,36,18929.00,Graduation,Australia,Low Value,0.00,0,0.0000
1918,45,36038.00,PhD,United States,Low Value,0.00,0,0.0000
1919,50,20180.00,Graduation,Canada,Low Value,0.00,0,0.0000
1920,61,34230.00,PhD,Canada,Low Value,0.00,0,0.0000
1921,49,31878.00,2n Cycle,Canada,Low Value,0.00,0,0.0000
1922,54,70932.00,2n Cycle,Canada,Low Value,0.00,0,0.0000
1923,70,91249.00,Graduation,United States,Low Value,0.00,0,0.0000
1924,83,77598.00,Master,United States,Low Value,0.00,0,0.0000
1925,67,80982.00,Graduation,Germany,Low Value,0.00,0,0.0000
1926,49,22701.00,Master,Germany,Low Value,0.00,0,0.0000
1927,57,55212.00,PhD,Canada,Low Value,0.00,0,0.0000
1928,56,70617.00,Graduation,Canada,Low Value,0.00,0,0.0000
1929,69,64849.00,Graduation,Australia,Low Value,0.00,0,0.0000
1930,61,62694.00,Master,Canada,Low Value,0.00,0,0.0000
1931,52,61917.00,PhD,United States,Low Value,0.00,0,0.0000
1932,79,67472.00,PhD,Canada,Low Value,0.00,0,0.0000
1933,44,21059.00,Master,Germany,Low Value,0.00,0,0.0000
1934,58,29543.00,Master,United States,Low Value,0.00,0,0.0000
1935,75,75903.00,Graduation,Australia,Low Value,0.00,0,0.0000
1936,51,34984.00,2n Cycle,Canada,Low Value,0.00,0,0.0000
1937,70,54998.00,PhD,Australia,Low Value,0.00,0,0.0000
1938,77,54356.00,PhD,United Kingdom,Low Value,0.00,0,0.0000
1939,67,34242.00,Master,Germany,Low Value,0.00,0,0.0000
1940,53,25410.00,Graduation,Australia,Low Value,0.00,0,0.0000
1941,42,73356.00,PhD,Germany,Low Value,0.00,0,0.0000
1942,76,28320.00,Graduation,Canada,Low Value,0.00,0,0.0000
1943,49,23763.00,Graduation,Germany,Low Value,0.00,0,0.0000
1944,42,72570.00,Graduation,Australia,Low Value,0.00,0,0.0000
1945,50,34529.00,Master,Australia,Low Value,0.00,0,0.0000
1946,75,70792.00,Graduation,Canada,Low Value,0.00,0,0.0000
1947,44,63211.00,Graduation,United Kingdom,Low Value,0.00,0,0.0000
1948,52,83891.00,Master,Australia,Low Value,0.00,0,0.0000
1949,58,36065.00,Graduation,Germany,Low Value,0.00,0,0.0000
1950,72,39898.00,Graduation,Germany,Low Value,0.00,0,0.0000
1951,86,51141.00,PhD,Canada,Low Value,0.00,0,0.0000
1952,50,56939.00,Graduation,Germany,Low Value,0.00,0,0.0000
1953,75,80872.00,Graduation,Canada,Low Value,0.00,0,0.0000
1954,50,72335.00,PhD,Germany,Low Value,0.00,0,0.0000
1955,62,61798.00,PhD,United Kingdom,Low Value,0.00,0,0.0000
1956,76,76842.00,PhD,Germany,Low Value,0.00,0,0.0000
1957,50,29478.00,Graduation,Australia,Low Value,0.00,0,0.0000
1958,70,46998.00,Graduation,United Kingdom,Low Value,0.00,0,0.0000
1959,36,96843.00,Graduation,Canada,Low Value,0.00,0,0.0000
1960,76,56551.00,PhD,United States,Low Value,0.00,0,0.0000
1961,61,70053.00,Master,Germany,Low Value,0.00,0,0.0000
1962,64,71670.00,PhD,United States,Low Value,0.00,0,0.0000
1963,48,44359.00,Graduation,Australia,Low Value,0.00,0,0.0000
1964,74,40887.00,Graduation,Germany,Low Value,0.00,0,0.0000
1965,60,48877.00,Graduation,Canada,Low Value,0.00,0,0.0000
1966,79,74485.00,Graduation,Germany,Low Value,0.00,0,0.0000
1967,54,64474.00,Graduation,United States,Low Value,0.00,0,0.0000
1968,63,77226.00,Graduation,Germany,Low Value,0.00,0,0.0000
1969,77,72643.00,Graduation,Canada,Low Value,0.00,0,0.0000
1970,48,85738.00,Master,United States,Low Value,0.00,0,0.0000
1971,60,55686.00,Graduation,United States,Low Value,0.00,0,0.0000
1972,43,39062.00,Graduation,Germany,Low Value,0.00,0,0.0000
1973,55,34600.00,Graduation,Australia,Low Value,0.00,0,0.0000
1974,51,40794.00,Graduation,Canada,Low Value,0.00,0,0.0000
1975,55,54690.00,2n Cycle,Australia,Low Value,0.00,0,0.0000
1976,57,4428.00,Graduation,Germany,Low Value,0.00,0,0.0000
1977,63,32632.00,2n Cycle,United Kingdom,Low Value,0.00,0,0.0000
1978,58,38236.00,PhD,United States,Low Value,0.00,0,0.0000
1979,47,36781.00,Graduation,United Kingdom,Low Value,0.00,0,0.0000
1980,42,31385.00,Master,Canada,Low Value,0.00,0,0.0000
1981,42,24570.00,Graduation,Germany,Low Value,0.00,0,0.0000
1982,52,25509.00,PhD,United Kingdom,Low Value,0.00,0,0.0000
1983,75,94642.00,Graduation,Canada,Low Value,0.00,0,0.0000
1984,64,58646.00,Master,Germany,Low Value,0.00,0,0.0000
1985,51,53201.00,Graduation,United Kingdom,Low Value,0.00,0,0.0000
1986,69,21994.00,Graduation,Canada,Low Value,0.00,0,0.0000
1987,48,57113.00,Graduation,Australia,Low Value,0.00,0,0.0000
1988,35,51373.00,Graduation,United Kingdom,Low Value,0.00,0,0.0000
1989,40,23477.00,Graduation,Australia,Low Value,0.00,0,0.0000
1990,70,58116.00,Graduation,Germany,Low Value,0.00,0,0.0000
1991,63,72968.00,PhD,Germany,Low Value,0.00,0,0.0000
1992,55,39791.00,Master,United States,Low Value,0.00,0,0.0000
1993,79,91712.00,Master,United Kingdom,Low Value,0.00,0,0.0000
1994,68,94472.00,Graduation,Canada,Low Value,0.00,0,0.0000
1995,66,13672.00,Graduation,United States,Low Value,0.00,0,0.0000
1996,46,96547.00,2n Cycle,United States,Low Value,0.00,0,0.0000
1997,51,79205.00,Graduation,Canada,Low Value,0.00,0,0.0000
1998,51,56559.00,PhD,Australia,Low Value,0.00,0,0.0000
1999,53,32644.00,PhD,United States,Low Value,0.00,0,0.0000
2000,46,67506.00,2n Cycle,Australia,Low Value,0.00,0,0.0000
2001,56,24206.00,Graduation,Australia,Low Value,43.00,2,0.1667
2002,59,28420.00,PhD,Australia,Low Value,21.50,4,0.1667
2003,56,22979.00,Graduation,Germany,Low Value,14.33,4,0.1667
2004,60,33279.00,Graduation,Australia,Low Value,14.33,4,0.1667
2005,54,46423.00,Master,Australia,Low Value,21.50,4,0.1667
2006,49,30368.00,Graduation,United States,Low Value,43.00,2,0.1667
2007,56,63684.00,Graduation,United States,Low Value,14.33,4,0.1667
2008,62,41638.00,Graduation,United States,Low Value,14.33,4,0.1667
2009,67,68805.00,PhD,Germany,Low Value,14.33,4,0.1667
2010,60,65814.00,PhD,United Kingdom,Low Value,14.33,4,0.1667
2011,68,71964.00,Graduation,Germany,Low Value,43.00,2,0.1667
2012,40,39146.00,Graduation,Canada,Low Value,21.50,4,0.1667
2013,49,96876.00,Graduation,Germany,Low Value,43.00,2,0.1667
2014,45,34445.00,Basic,United States,Low Value,14.33,4,0.1667
2015,68,68281.00,Graduation,United Kingdom,Low Value,21.50,4,0.1667
2016,51,37284.00,2n Cycle,Germany,Low Value,21.50,4,0.1667
2017,43,36790.00,Graduation,United States,Low Value,21.50,4,0.1667
2018,59,27943.00,Graduation,United Kingdom,Low Value,43.00,2,0.1667
2019,75,22263.00,Graduation,Australia,Low Value,43.00,2,0.1667
2020,54,30261.00,Graduation,United Kingdom,Low Value,43.00,2,0.1667
2021,48,28587.00,Graduation,Germany,Low Value,14.33,4,0.1667
2022,44,43815.00,Master,Germany,Low Value,21.50,4,0.1667
2023,70,48195.00,Graduation,United States,Low Value,43.00,2,0.1667
2024,74,77027.00,Master,Canada,Low Value,28.66,2,0.1667
2025,61,71322.00,PhD,Canada,Low Value,43.00,2,0.1667
2026,47,32765.00,Master,Australia,Low Value,43.00,2,0.1667
2027,61,29672.00,Graduation,Canada,Low Value,21.50,4,0.1667
2028,73,23272.00,Graduation,United Kingdom,Low Value,43.00,2,0.1667
2029,77,49912.00,Master,United States,Low Value,14.33,4,0.1667
2030,41,7500.00,2n Cycle,Australia,Low Value,28.66,2,0.1667
2031,79,68117.00,PhD,Canada,Low Value,14.33,4,0.1667
2032,71,67225.00,Graduation,United Kingdom,Low Value,14.33,4,0.1667
2033,50,17649.00,Graduation,United Kingdom,Low Value,21.50,4,0.1667
2034,51,55914.00,Graduation,United States,Low Value,43.00,2,0.1667
2035,42,40059.00,Graduation,United Kingdom,Low Value,14.33,4,0.1667
2036,76,60905.00,Graduation,United States,Low Value,28.66,2,0.1667
2037,49,75330.00,Graduation,United States,Low Value,21.50,4,0.1667
2038,75,60689.00,Graduation,United States,Low Value,14.33,4,0.1667
2039,42,38680.00,Graduation,United States,Low Value,14.33,4,0.1667
2040,44,61416.00,Graduation,Canada,Low Value,14.33,4,0.1667
2041,35,49767.00,Graduation,Germany,Low Value,28.66,2,0.1667
2042,56,83273.00,Graduation,Canada,Low Value,14.33,4,0.1667
2043,45,29009.00,Graduation,Germany,Low Value,28.66,2,0.1667
2044,47,45057.00,Master,Australia,Low Value,28.66,2,0.1667
2045,55,37150.00,Graduation,United States,Low Value,43.00,2,0.1667
2046,56,43020.00,Graduation,Australia,Low Value,43.00,2,0.1667
2047,67,53154.00,Graduation,Germany,Low Value,21.50,4,0.1667
2048,53,65308.00,Graduation,United Kingdom,Low Value,21.50,4,0.1667
2049,56,76467.00,Graduation,Germany,Low Value,14.33,4,0.1667
2050,79,81044.00,2n Cycle,United Kingdom,Low Value,14.33,4,0.1667
2051,75,32871.00,Graduation,Canada,Low Value,14.33,4,0.1667
2052,51,55801.00,Graduation,United Kingdom,Low Value,14.33,4,0.1667
2053,67,76320.00,Graduation,Canada,Low Value,28.66,2,0.1667
2054,71,36927.00,Master,Germany,Low Value,28.66,2,0.1667
2055,73,48794.00,Graduation,Canada,Low Value,21.50,4,0.1667
2056,61,23478.00,Graduation,Germany,Low Value,14.33,4,0.1667
2057,53,71128.00,Graduation,Australia,Low Value,21.50,4,0.1667
2058,50,70179.00,PhD,United States,Low Value,14.33,4,0.1667
2059,76,59462.00,Graduation,Australia,Low Value,28.66,2,0.1667
2060,57,0.00,Master,Germany,Low Value,14.33,4,0.1667
2061,57,38361.00,Graduation,Germany,Low Value,28.66,2,0.1667
2062,45,0.00,PhD,United Kingdom,Low Value,14.33,4,0.1667
2063,44,70038.00,PhD,Germany,Low Value,14.33,4,0.1667
2064,48,42554.00,Graduation,Canada,Low Value,28.66,2,0.1667
2065,52,67445.00,Graduation,Canada,Low Value,21.50,4,0.1667
2066,75,67046.00,Graduation,Australia,Low Value,21.50,4,0.1667
2067,78,42192.00,Graduation,Australia,Low Value,43.00,2,0.1667
2068,74,77610.00,PhD,United States,Low Value,21.50,4,0.1667
2069,42,31761.00,Graduation,United States,Low Value,28.66,2,0.1667
2070,47,34350.00,Graduation,United Kingdom,Low Value,14.33,4,0.1667
2071,77,54591.00,Graduation,Germany,Low Value,43.00,2,0.1667
2072,70,71866.00,Graduation,United Kingdom,Low Value,43.00,2,0.1667
2073,57,25293.00,Graduation,United States,Low Value,21.50,4,0.1667
2074,39,42000.00,PhD,Australia,Low Value,43.00,2,0.1667
2075,43,69520.00,Graduation,United States,Low Value,28.66,2,0.1667
2076,56,64713.00,Graduation,Canada,Low Value,43.00,2,0.1667
2077,49,27889.00,Master,Germany,Low Value,14.33,4,0.1667
2078,66,22123.00,Basic,Canada,Low Value,21.50,4,0.1667
2079,55,0.00,Graduation,Germany,Low Value,43.00,2,0.1667
2080,72,0.00,Master,Canada,Low Value,28.66,2,0.1667
2081,53,27803.00,Graduation,United Kingdom,Low Value,21.50,4,0.1667
2082,71,0.00,Graduation,United States,Low Value,21.50,4,0.1667
2083,66,51651.00,Graduation,United States,Low Value,43.00,2,0.1667
2084,38,68487.00,Graduation,Australia,Low Value,43.00,2,0.1667
2085,83,0.00,Master,United States,Low Value,21.50,4,0.1667
2086,57,56796.00,Graduation,Australia,Low Value,21.50,4,0.1667
2087,34,87000.00,2n Cycle,United States,Low Value,43.00,2,0.1667
2088,67,79823.00,Graduation,Australia,Low Value,21.50,4,0.1667
2089,46,30828.00,Graduation,Australia,Low Value,14.33,4,0.1667
2090,55,34109.00,Master,Australia,Low Value,14.33,4,0.1667
2091,52,53367.00,Master,United Kingdom,Low Value,21.50,4,0.1667
2092,57,22390.00,Basic,United States,Low Value,21.50,4,0.1667
2093,50,71322.00,Graduation,Canada,Low Value,14.33,4,0.1667
2094,33,79244.00,Graduation,Germany,Low Value,28.66,2,0.1667
2095,77,49912.00,Master,Australia,Low Value,43.00,2,0.1667
2096,76,48699.00,PhD,United Kingdom,Low Value,28.66,2,0.1667
2097,51,80144.00,Graduation,Australia,Low Value,43.00,2,0.1667
2098,70,54252.00,Graduation,United Kingdom,Low Value,14.33,4,0.1667
2099,50,81929.00,Master,United States,Low Value,28.66,2,0.1667
2100,51,76068.00,Graduation,Canada,Low Value,43.00,2,0.1667
2101,50,53204.00,Master,Germany,Low Value,28.66,2,0.1667
2102,77,67911.00,PhD,United Kingdom,Low Value,14.33,4,0.1667
2103,42,14796.00,2n Cycle,Germany,Low Value,43.00,2,0.1667
2104,52,78128.00,PhD,United Kingdom,Low Value,14.33,4,0.1667
2105,54,14188.00,Basic,United States,Low Value,28.66,2,0.1667
2106,40,20425.00,Basic,Canada,Low Value,43.00,2,0.1667
2107,64,58646.00,Master,Australia,Low Value,28.66,2,0.1667
2108,56,72967.00,Graduation,Canada,Low Value,21.50,4,0.1667
2109,77,48150.00,Master,Australia,Low Value,21.50,4,0.1667
2110,65,82332.00,Graduation,Australia,Low Value,14.33,4,0.1667
2111,71,58275.00,Graduation,United Kingdom,Low Value,14.33,4,0.1667
2112,45,44953.00,PhD,Canada,Low Value,21.50,4,0.1667
2113,73,34587.00,Graduation,Germany,Low Value,21.50,4,0.1667
2114,52,43018.00,Master,United Kingdom,Low Value,43.00,2,0.1667
2115,72,45736.00,Master,Australia,Low Value,28.66,2,0.1667
2116,57,66476.00,Master,Germany,Low Value,28.66,2,0.1667
2117,45,27733.00,2n Cycle,Germany,Low Value,28.66,2,0.1667
2118,74,69805.00,PhD,Canada,Low Value,14.33,4,0.1667
2119,64,72217.00,Master,Germany,Low Value,43.00,2,0.1667
2120,55,25818.00,Graduation,United Kingdom,Low Value,43.00,2,0.1667
2121,50,37509.00,Master,United Kingdom,Low Value,14.33,4,0.1667
2122,50,25176.00,2n Cycle,United Kingdom,Low Value,28.66,2,0.1667
2123,46,43586.00,Graduation,Germany,Low Value,28.66,2,0.1667
2124,70,53230.00,2n Cycle,Canada,Low Value,14.33,4,0.1667
2125,69,50116.00,Graduation,Germany,Low Value,21.50,4,0.1667
2126,54,84906.00,Graduation,Australia,Low Value,21.50,4,0.1667
2127,60,61286.00,Graduation,Australia,Low Value,43.00,2,0.1667
2128,40,82333.00,PhD,Germany,Low Value,14.33,4,0.1667
2129,61,65220.00,PhD,United Kingdom,Low Value,28.66,2,0.1667
2130,52,33590.00,Graduation,United Kingdom,Low Value,28.66,2,0.1667
2131,50,30992.00,Graduation,United States,Low Value,21.50,4,0.1667
2132,50,72309.00,Master,Germany,Low Value,21.50,4,0.1667
2133,77,156924.00,PhD,Germany,Low Value,43.00,2,0.1667
2134,46,16005.00,Basic,United States,Low Value,14.33,4,0.1667
2135,69,65487.00,Master,United Kingdom,Low Value,21.50,4,0.1667
2136,61,58692.00,Graduation,United States,Low Value,28.66,2,0.1667
2137,57,40590.00,Graduation,Canada,Low Value,43.00,2,0.1667
2138,56,20587.00,Graduation,Australia,Low Value,21.50,4,0.1667
2139,72,62637.00,Master,Germany,Low Value,21.50,4,0.1667
2140,60,29435.00,Master,Australia,Low Value,21.50,4,0.1667
2141,52,19346.00,Graduation,United States,Low Value,21.50,4,0.1667
2142,55,35788.00,Graduation,United Kingdom,Low Value,43.00,2,0.1667
2143,58,36997.00,Graduation,United States,Low Value,28.66,2,0.1667
2144,69,23539.00,Graduation,Canada,Low Value,43.00,2,0.1667
2145,53,65333.00,Graduation,United States,Low Value,21.50,4,0.1667
2146,69,78499.00,Graduation,Australia,Low Value,28.66,2,0.1667
2147,55,29732.00,PhD,United Kingdom,Low Value,43.00,2,0.1667
2148,66,41275.00,Master,Australia,Low Value,21.50,4,0.1667
2149,53,63516.00,PhD,Australia,Low Value,14.33,4,0.1667
2150,64,42769.00,PhD,Canada,Low Value,43.00,2,0.1667
2151,68,49572.00,Master,United States,Low Value,43.00,2,0.1667
2152,54,69209.00,Graduation,Germany,Low Value,28.66,2,0.1667
2153,50,17148.00,Graduation,Germany,Low Value,14.33,4,0.1667
2154,57,40590.00,Graduation,Germany,Low Value,21.50,4,0.1667
2155,50,30560.00,Master,Australia,Low Value,21.50,4,0.1667
2156,43,32146.00,2n Cycle,Australia,Low Value,43.00,2,0.1667
2157,62,41713.00,2n Cycle,United Kingdom,Low Value,14.33,4,0.1667
2158,51,34176.00,Master,Canada,Low Value,14.33,4,0.1667
2159,71,58482.00,PhD,United Kingdom,Low Value,21.50,4,0.1667
2160,61,59686.00,Graduation,Canada,Low Value,43.00,2,0.1667
2161,62,60896.00,PhD,United States,Low Value,21.50,4,0.1667
2162,46,62994.00,Graduation,Germany,Low Value,28.66,2,0.1667
2163,69,47320.00,Graduation,Australia,Low Value,21.50,4,0.1667
2164,77,74859.00,2n Cycle,Australia,Low Value,43.00,2,0.1667
2165,34,15253.00,Basic,Germany,Low Value,14.33,4,0.1667
2166,52,31560.00,PhD,Germany,Low Value,28.66,2,0.1667
2167,72,72071.00,Graduation,Canada,Low Value,14.33,4,0.1667
2168,36,91172.00,Master,Canada,Low Value,28.66,2,0.1667
2169,42,90000.00,Graduation,Canada,Low Value,28.66,2,0.1667
2170,45,41967.00,Graduation,United States,Low Value,14.33,4,0.1667
2171,61,69263.00,Graduation,United States,Low Value,14.33,4,0.1667
2172,56,65706.00,2n Cycle,United Kingdom,Low Value,28.66,2,0.1667
2173,51,60934.00,Graduation,Germany,Low Value,14.33,4,0.1667
2174,75,71965.00,Graduation,Canada,Low Value,28.66,2,0.1667
2175,71,65210.00,Graduation,Germany,Low Value,21.50,4,0.1667
2176,51,79174.00,PhD,Canada,Low Value,43.00,2,0.1667
2177,59,81380.00,Master,United States,Low Value,28.66,2,0.1667
2178,53,48432.00,PhD,Germany,Low Value,43.00,2,0.1667
2179,55,52914.00,Graduation,Germany,Low Value,43.00,2,0.1667
2180,71,38946.00,Graduation,Australia,Low Value,28.66,2,0.1667
2181,52,26067.00,Graduation,United States,Low Value,43.00,2,0.1667
2182,54,44325.00,PhD,Germany,Low Value,43.00,2,0.1667
2183,62,42523.00,Graduation,United States,Low Value,14.33,4,0.1667
2184,48,26487.00,Basic,United Kingdom,Low Value,14.33,4,0.1667
2185,69,53233.00,2n Cycle,Germany,Low Value,21.50,4,0.1667
2186,66,67716.00,Graduation,United Kingdom,Low Value,28.66,2,0.1667
2187,54,76234.00,Master,Germany,Low Value,28.66,2,0.1667
2188,70,84117.00,PhD,United States,Low Value,14.33,4,0.1667
2189,69,65487.00,Master,Australia,Low Value,43.00,2,0.1667
2190,54,25224.00,Basic,Germany,Low Value,28.66,2,0.1667
2191,43,89616.00,Master,Canada,Low Value,28.66,2,0.1667
2192,55,40851.00,Graduation,Canada,Low Value,28.66,2,0.1667
2193,79,27469.00,Graduation,Canada,Low Value,43.00,2,0.1667
2194,69,82347.00,2n Cycle,Australia,Low Value,21.50,4,0.1667
2195,69,73803.00,Graduation,United Kingdom,Low Value,43.00,2,0.1667
2196,74,8820.00,Master,United States,Low Value,28.66,2,0.1667
2197,52,43322.00,Graduation,Germany,Low Value,28.66,2,0.1667
2198,53,55593.00,Graduation,United Kingdom,Low Value,43.00,2,0.1667
2199,72,50501.00,Graduation,United Kingdom,Low Value,14.33,4,0.1667
2200,51,37085.00,Graduation,Germany,Low Value,21.50,4,0.1667
2201,36,16185.00,Basic,Canada,Low Value,14.33,4,0.1667
2202,57,57731.00,Graduation,Australia,Low Value,21.50,4,0.1667
2203,53,48432.00,PhD,United States,Low Value,43.00,2,0.1667
2204,48,73807.00,Graduation,United Kingdom,Low Value,14.33,4,0.1667
2205,36,18929.00,Graduation,Germany,Low Value,21.50,4,0.1667
2206,58,35893.00,Graduation,Germany,Low Value,43.00,2,0.1667
2207,46,61014.00,Graduation,Germany,Low Value,21.50,4,0.1667
2208,72,32144.00,Graduation,Canada,Low Value,28.66,2,0.1667
2209,63,14918.00,Basic,United States,Low Value,28.66,2,0.1667
2210,63,45146.00,Graduation,United Kingdom,Low Value,43.00,2,0.1667
2211,71,41769.00,2n Cycle,United States,Low Value,14.33,4,0.1667
2212,45,88325.00,Graduation,Canada,Low Value,21.50,4,0.1667
2213,76,38054.00,Master,United Kingdom,Low Value,43.00,2,0.1667
2214,31,80617.00,2n Cycle,United Kingdom,Low Value,14.33,4,0.1667
2215,50,5305.00,Graduation,Germany,Low Value,21.50,4,0.1667
2216,72,36807.00,Graduation,Australia,Low Value,43.00,2,0.1667
2217,43,28427.00,Graduation,Canada,Low Value,21.50,4,0.1667
2218,78,82032.00,PhD,Germany,Low Value,14.33,4,0.1667
2219,48,22775.00,Graduation,Canada,Low Value,28.66,2,0.1667
2220,41,40101.00,Master,Germany,Low Value,28.66,2,0.1667
2221,47,58025.00,Graduation,United Kingdom,Low Value,14.33,4,0.1667
2222,44,75777.00,Master,Canada,Low Value,28.66,2,0.1667
2223,47,7500.00,2n Cycle,United States,Low Value,28.66,2,0.1667
2224,63,33562.00,Master,Australia,Low Value,28.66,2,0.1667
2225,56,57642.00,PhD,Germany,Low Value,21.50,4,0.1667
2226,58,58554.00,Graduation,Canada,Low Value,21.50,4,0.1667
2227,47,63777.00,Graduation,Canada,Low Value,21.50,4,0.1667
2228,64,57967.00,Graduation,Australia,Low Value,21.50,4,0.1667
2229,48,0.00,2n Cycle,Canada,Low Value,43.00,2,0.1667
2230,54,24434.00,Graduation,United Kingdom,Low Value,14.33,4,0.1667
2231,42,11012.00,Graduation,Germany,Low Value,28.66,2,0.1667
2232,56,44802.00,Master,Canada,Low Value,28.66,2,0.1667
2233,40,26816.00,Graduation,Germany,Low Value,21.50,4,0.1667
2234,49,666666.00,Graduation,Australia,Low Value,43.00,2,0.1667
2235,52,34421.00,Graduation,Australia,Low Value,14.33,4,0.1667
2236,59,61223.00,Graduation,Canada,Low Value,43.00,2,0.1667
2237,80,64014.00,PhD,Germany,Low Value,43.00,2,0.1667
2238,45,56981.00,Graduation,Australia,Low Value,21.50,4,0.1667
2239,70,69245.00,Master,United Kingdom,Low Value,21.50,4,0.1667
2240,72,52869.00,PhD,Canada,Low Value,21.50,4,0.1667
