Age,Income,Education,TotalPurchases,AverageSpend,CampaignChannel,Response
69,58138.00,"Graduation",0,0,"Email",0
69,58138.00,"Graduation",0,0,"SMS",0
69,58138.00,"Graduation",0,0,"Social Media",0
69,58138.00,"Graduation",0,0,"Google Search Ads",0
69,58138.00,"Graduation",0,0,"Display Ads",0
69,58138.00,"Graduation",0,0,"Email",0
72,46344.00,"Graduation",0,0,"Email",0
72,46344.00,"Graduation",0,0,"SMS",0
72,46344.00,"Graduation",0,0,"Social Media",0
72,46344.00,"Graduation",0,0,"Google Search Ads",0
72,46344.00,"Graduation",0,0,"Display Ads",0
72,46344.00,"Graduation",0,0,"Email",0
61,71613.00,"Graduation",0,0,"Email",0
61,71613.00,"Graduation",0,0,"SMS",0
61,71613.00,"Graduation",0,0,"Social Media",0
61,71613.00,"Graduation",0,0,"Google Search Ads",0
61,71613.00,"Graduation",0,0,"Display Ads",0
61,71613.00,"Graduation",0,0,"Email",0
42,26646.00,"Graduation",0,0,"Email",0
42,26646.00,"Graduation",0,0,"SMS",0
42,26646.00,"Graduation",0,0,"Social Media",0
42,26646.00,"Graduation",0,0,"Google Search Ads",0
42,26646.00,"Graduation",0,0,"Display Ads",0
42,26646.00,"Graduation",0,0,"Email",0
45,58293.00,"PhD",0,0,"Email",0
45,58293.00,"PhD",0,0,"SMS",0
45,58293.00,"PhD",0,0,"Social Media",0
45,58293.00,"PhD",0,0,"Google Search Ads",0
45,58293.00,"PhD",0,0,"Display Ads",0
45,58293.00,"PhD",0,0,"Email",0
59,62513.00,"Master",0,0,"Email",0
59,62513.00,"Master",0,0,"SMS",0
59,62513.00,"Master",0,0,"Social Media",0
59,62513.00,"Master",0,0,"Google Search Ads",0
59,62513.00,"Master",0,0,"Display Ads",0
59,62513.00,"Master",0,0,"Email",0
55,55635.00,"Graduation",0,0,"Email",0
55,55635.00,"Graduation",0,0,"SMS",0
55,55635.00,"Graduation",0,0,"Social Media",0
55,55635.00,"Graduation",0,0,"Google Search Ads",0
55,55635.00,"Graduation",0,0,"Display Ads",0
55,55635.00,"Graduation",0,0,"Email",0
41,33454.00,"PhD",0,0,"Email",0
41,33454.00,"PhD",0,0,"SMS",0
41,33454.00,"PhD",0,0,"Social Media",0
41,33454.00,"PhD",0,0,"Google Search Ads",0
41,33454.00,"PhD",0,0,"Display Ads",0
41,33454.00,"PhD",0,0,"Email",0
52,30351.00,"PhD",0,0,"Email",0
52,30351.00,"PhD",0,0,"SMS",0
52,30351.00,"PhD",0,0,"Social Media",0
52,30351.00,"PhD",0,0,"Google Search Ads",0
52,30351.00,"PhD",0,0,"Display Ads",0
52,30351.00,"PhD",0,0,"Email",0
76,5648.00,"PhD",0,0,"Email",0
76,5648.00,"PhD",0,0,"SMS",0
76,5648.00,"PhD",0,0,"Social Media",0
76,5648.00,"PhD",0,0,"Google Search Ads",0
76,5648.00,"PhD",0,0,"Display Ads",0
76,5648.00,"PhD",0,0,"Email",0
43,0.00,"Graduation",0,0,"Email",0
43,0.00,"Graduation",0,0,"SMS",0
43,0.00,"Graduation",0,0,"Social Media",0
43,0.00,"Graduation",0,0,"Google Search Ads",0
43,0.00,"Graduation",0,0,"Display Ads",0
43,0.00,"Graduation",0,0,"Email",0
50,7500.00,"Basic",0,0,"Email",0
50,7500.00,"Basic",0,0,"SMS",0
50,7500.00,"Basic",0,0,"Social Media",0
50,7500.00,"Basic",0,0,"Google Search Ads",0
50,7500.00,"Basic",0,0,"Display Ads",0
50,7500.00,"Basic",0,0,"Email",0
67,63033.00,"Graduation",0,0,"Email",0
67,63033.00,"Graduation",0,0,"SMS",0
67,63033.00,"Graduation",0,0,"Social Media",0
67,63033.00,"Graduation",0,0,"Google Search Ads",0
67,63033.00,"Graduation",0,0,"Display Ads",0
67,63033.00,"Graduation",0,0,"Email",0
74,59354.00,"Master",0,0,"Email",0
74,59354.00,"Master",0,0,"SMS",0
74,59354.00,"Master",0,0,"Social Media",0
74,59354.00,"Master",0,0,"Google Search Ads",0
74,59354.00,"Master",0,0,"Display Ads",0
74,59354.00,"Master",0,0,"Email",0
39,17323.00,"Graduation",0,0,"Email",0
39,17323.00,"Graduation",0,0,"SMS",0
39,17323.00,"Graduation",0,0,"Social Media",0
39,17323.00,"Graduation",0,0,"Google Search Ads",0
39,17323.00,"Graduation",0,0,"Display Ads",0
39,17323.00,"Graduation",0,0,"Email",0
80,82800.00,"PhD",0,0,"Email",0
80,82800.00,"PhD",0,0,"SMS",0
80,82800.00,"PhD",0,0,"Social Media",0
80,82800.00,"PhD",0,0,"Google Search Ads",0
80,82800.00,"PhD",0,0,"Display Ads",0
80,82800.00,"PhD",0,0,"Email",0
46,41850.00,"Graduation",0,0,"Email",0
46,41850.00,"Graduation",0,0,"SMS",0
46,41850.00,"Graduation",0,0,"Social Media",0
46,41850.00,"Graduation",0,0,"Google Search Ads",0
46,41850.00,"Graduation",0,0,"Display Ads",0
46,41850.00,"Graduation",0,0,"Email",0
80,37760.00,"Graduation",0,0,"Email",0
80,37760.00,"Graduation",0,0,"SMS",0
80,37760.00,"Graduation",0,0,"Social Media",0
80,37760.00,"Graduation",0,0,"Google Search Ads",0
80,37760.00,"Graduation",0,0,"Display Ads",0
80,37760.00,"Graduation",0,0,"Email",0
77,76995.00,"Master",0,0,"Email",0
77,76995.00,"Master",0,0,"SMS",0
77,76995.00,"Master",0,0,"Social Media",0
77,76995.00,"Master",0,0,"Google Search Ads",0
77,76995.00,"Master",0,0,"Display Ads",0
77,76995.00,"Master",0,0,"Email",0
41,33812.00,"2n Cycle",0,0,"Email",0
41,33812.00,"2n Cycle",0,0,"SMS",0
41,33812.00,"2n Cycle",0,0,"Social Media",0
41,33812.00,"2n Cycle",0,0,"Google Search Ads",0
41,33812.00,"2n Cycle",0,0,"Display Ads",0
41,33812.00,"2n Cycle",0,0,"Email",0
44,37040.00,"Graduation",0,0,"Email",0
44,37040.00,"Graduation",0,0,"SMS",0
44,37040.00,"Graduation",0,0,"Social Media",0
44,37040.00,"Graduation",0,0,"Google Search Ads",0
44,37040.00,"Graduation",0,0,"Display Ads",0
44,37040.00,"Graduation",0,0,"Email",0
47,2447.00,"Graduation",0,0,"Email",0
47,2447.00,"Graduation",0,0,"SMS",0
47,2447.00,"Graduation",0,0,"Social Media",0
47,2447.00,"Graduation",0,0,"Google Search Ads",0
47,2447.00,"Graduation",0,0,"Display Ads",0
47,2447.00,"Graduation",0,0,"Email",0
77,58607.00,"PhD",0,0,"Email",0
77,58607.00,"PhD",0,0,"SMS",0
77,58607.00,"PhD",0,0,"Social Media",0
77,58607.00,"PhD",0,0,"Google Search Ads",0
77,58607.00,"PhD",0,0,"Display Ads",0
77,58607.00,"PhD",0,0,"Email",0
72,65324.00,"PhD",0,0,"Email",0
72,65324.00,"PhD",0,0,"SMS",0
72,65324.00,"PhD",0,0,"Social Media",0
72,65324.00,"PhD",0,0,"Google Search Ads",0
72,65324.00,"PhD",0,0,"Display Ads",0
72,65324.00,"PhD",0,0,"Email",0
75,40689.00,"Graduation",0,0,"Email",0
75,40689.00,"Graduation",0,0,"SMS",0
75,40689.00,"Graduation",0,0,"Social Media",0
75,40689.00,"Graduation",0,0,"Google Search Ads",0
75,40689.00,"Graduation",0,0,"Display Ads",0
75,40689.00,"Graduation",0,0,"Email",0
57,18589.00,"Graduation",0,0,"Email",0
57,18589.00,"Graduation",0,0,"SMS",0
57,18589.00,"Graduation",0,0,"Social Media",0
57,18589.00,"Graduation",0,0,"Google Search Ads",0
57,18589.00,"Graduation",0,0,"Display Ads",0
57,18589.00,"Graduation",0,0,"Email",0
50,53359.00,"Graduation",0,0,"Email",0
50,53359.00,"Graduation",0,0,"SMS",0
50,53359.00,"Graduation",0,0,"Social Media",0
50,53359.00,"Graduation",0,0,"Google Search Ads",0
50,53359.00,"Graduation",0,0,"Display Ads",0
50,53359.00,"Graduation",0,0,"Email",0
40,0.00,"Graduation",0,0,"Email",0
40,0.00,"Graduation",0,0,"SMS",0
40,0.00,"Graduation",0,0,"Social Media",0
40,0.00,"Graduation",0,0,"Google Search Ads",0
40,0.00,"Graduation",0,0,"Display Ads",0
40,0.00,"Graduation",0,0,"Email",0
37,38360.00,"Graduation",0,0,"Email",0
37,38360.00,"Graduation",0,0,"SMS",0
37,38360.00,"Graduation",0,0,"Social Media",0
37,38360.00,"Graduation",0,0,"Google Search Ads",0
37,38360.00,"Graduation",0,0,"Display Ads",0
37,38360.00,"Graduation",0,0,"Email",0
61,84618.00,"PhD",0,0,"Email",0
61,84618.00,"PhD",0,0,"SMS",0
61,84618.00,"PhD",0,0,"Social Media",0
61,84618.00,"PhD",0,0,"Google Search Ads",0
61,84618.00,"PhD",0,0,"Display Ads",0
61,84618.00,"PhD",0,0,"Email",0
37,10979.00,"Master",0,0,"Email",0
37,10979.00,"Master",0,0,"SMS",0
37,10979.00,"Master",0,0,"Social Media",0
37,10979.00,"Master",0,0,"Google Search Ads",0
37,10979.00,"Master",0,0,"Display Ads",0
37,10979.00,"Master",0,0,"Email",0
63,38620.00,"Master",0,0,"Email",0
63,38620.00,"Master",0,0,"SMS",0
63,38620.00,"Master",0,0,"Social Media",0
63,38620.00,"Master",0,0,"Google Search Ads",0
63,38620.00,"Master",0,0,"Display Ads",0
63,38620.00,"Master",0,0,"Email",0
56,40548.00,"Graduation",0,0,"Email",0
56,40548.00,"Graduation",0,0,"SMS",0
56,40548.00,"Graduation",0,0,"Social Media",0
56,40548.00,"Graduation",0,0,"Google Search Ads",0
56,40548.00,"Graduation",0,0,"Display Ads",0
56,40548.00,"Graduation",0,0,"Email",0
74,46610.00,"PhD",0,0,"Email",0
74,46610.00,"PhD",0,0,"SMS",0
74,46610.00,"PhD",0,0,"Social Media",0
74,46610.00,"PhD",0,0,"Google Search Ads",0
74,46610.00,"PhD",0,0,"Display Ads",0
74,46610.00,"PhD",0,0,"Email",0
80,68657.00,"Master",0,0,"Email",0
80,68657.00,"Master",0,0,"SMS",0
80,68657.00,"Master",0,0,"Social Media",0
80,68657.00,"Master",0,0,"Google Search Ads",0
80,68657.00,"Master",0,0,"Display Ads",0
80,68657.00,"Master",0,0,"Email",0
75,49389.00,"Master",0,0,"Email",0
75,49389.00,"Master",0,0,"SMS",0
75,49389.00,"Master",0,0,"Social Media",0
75,49389.00,"Master",0,0,"Google Search Ads",0
75,49389.00,"Master",0,0,"Display Ads",0
75,49389.00,"Master",0,0,"Email",0
56,67353.00,"PhD",0,0,"Email",0
56,67353.00,"PhD",0,0,"SMS",0
56,67353.00,"PhD",0,0,"Social Media",0
56,67353.00,"PhD",0,0,"Google Search Ads",0
56,67353.00,"PhD",0,0,"Display Ads",0
56,67353.00,"PhD",0,0,"Email",0
50,23718.00,"2n Cycle",0,0,"Email",0
50,23718.00,"2n Cycle",0,0,"SMS",0
50,23718.00,"2n Cycle",0,0,"Social Media",0
50,23718.00,"2n Cycle",0,0,"Google Search Ads",0
50,23718.00,"2n Cycle",0,0,"Display Ads",0
50,23718.00,"2n Cycle",0,0,"Email",0
53,42429.00,"Graduation",0,0,"Email",0
53,42429.00,"Graduation",0,0,"SMS",0
53,42429.00,"Graduation",0,0,"Social Media",0
53,42429.00,"Graduation",0,0,"Google Search Ads",0
53,42429.00,"Graduation",0,0,"Display Ads",0
53,42429.00,"Graduation",0,0,"Email",0
83,48948.00,"PhD",0,0,"Email",0
83,48948.00,"PhD",0,0,"SMS",0
83,48948.00,"PhD",0,0,"Social Media",0
83,48948.00,"PhD",0,0,"Google Search Ads",0
83,48948.00,"PhD",0,0,"Display Ads",0
83,48948.00,"PhD",0,0,"Email",0
46,80011.00,"Graduation",0,0,"Email",0
46,80011.00,"Graduation",0,0,"SMS",0
46,80011.00,"Graduation",0,0,"Social Media",0
46,80011.00,"Graduation",0,0,"Google Search Ads",0
46,80011.00,"Graduation",0,0,"Display Ads",0
46,80011.00,"Graduation",0,0,"Email",0
41,20559.00,"Master",0,0,"Email",0
41,20559.00,"Master",0,0,"SMS",0
41,20559.00,"Master",0,0,"Social Media",0
41,20559.00,"Master",0,0,"Google Search Ads",0
41,20559.00,"Master",0,0,"Display Ads",0
41,20559.00,"Master",0,0,"Email",0
69,21994.00,"Graduation",0,0,"Email",0
69,21994.00,"Graduation",0,0,"SMS",0
69,21994.00,"Graduation",0,0,"Social Media",0
69,21994.00,"Graduation",0,0,"Google Search Ads",0
69,21994.00,"Graduation",0,0,"Display Ads",0
69,21994.00,"Graduation",0,0,"Email",0
67,0.00,"PhD",0,0,"Email",0
67,0.00,"PhD",0,0,"SMS",0
67,0.00,"PhD",0,0,"Social Media",0
67,0.00,"PhD",0,0,"Google Search Ads",0
67,0.00,"PhD",0,0,"Display Ads",0
67,0.00,"PhD",0,0,"Email",0
51,7500.00,"Master",0,0,"Email",0
51,7500.00,"Master",0,0,"SMS",0
51,7500.00,"Master",0,0,"Social Media",0
51,7500.00,"Master",0,0,"Google Search Ads",0
51,7500.00,"Master",0,0,"Display Ads",0
51,7500.00,"Master",0,0,"Email",0
50,79941.00,"Graduation",0,0,"Email",0
50,79941.00,"Graduation",0,0,"SMS",0
50,79941.00,"Graduation",0,0,"Social Media",0
50,79941.00,"Graduation",0,0,"Google Search Ads",0
50,79941.00,"Graduation",0,0,"Display Ads",0
50,79941.00,"Graduation",0,0,"Email",0
30,7500.00,"2n Cycle",0,0,"Email",0
30,7500.00,"2n Cycle",0,0,"SMS",0
30,7500.00,"2n Cycle",0,0,"Social Media",0
30,7500.00,"2n Cycle",0,0,"Google Search Ads",0
30,7500.00,"2n Cycle",0,0,"Display Ads",0
30,7500.00,"2n Cycle",0,0,"Email",0
58,41728.00,"Graduation",0,0,"Email",0
58,41728.00,"Graduation",0,0,"SMS",0
58,41728.00,"Graduation",0,0,"Social Media",0
58,41728.00,"Graduation",0,0,"Google Search Ads",0
58,41728.00,"Graduation",0,0,"Display Ads",0
58,41728.00,"Graduation",0,0,"Email",0
75,0.00,"Graduation",0,0,"Email",0
75,0.00,"Graduation",0,0,"SMS",0
75,0.00,"Graduation",0,0,"Social Media",0
75,0.00,"Graduation",0,0,"Google Search Ads",0
75,0.00,"Graduation",0,0,"Display Ads",0
75,0.00,"Graduation",0,0,"Email",0
72,72550.00,"PhD",0,0,"Email",0
72,72550.00,"PhD",0,0,"SMS",0
72,72550.00,"PhD",0,0,"Social Media",0
72,72550.00,"PhD",0,0,"Google Search Ads",0
72,72550.00,"PhD",0,0,"Display Ads",0
72,72550.00,"PhD",0,0,"Email",0
69,65486.00,"Graduation",0,0,"Email",0
69,65486.00,"Graduation",0,0,"SMS",0
69,65486.00,"Graduation",0,0,"Social Media",0
69,65486.00,"Graduation",0,0,"Google Search Ads",0
69,65486.00,"Graduation",0,0,"Display Ads",0
69,65486.00,"Graduation",0,0,"Email",0
62,79143.00,"Master",0,0,"Email",0
62,79143.00,"Master",0,0,"SMS",0
62,79143.00,"Master",0,0,"Social Media",0
62,79143.00,"Master",0,0,"Google Search Ads",0
62,79143.00,"Master",0,0,"Display Ads",0
62,79143.00,"Master",0,0,"Email",0
49,35790.00,"Graduation",0,0,"Email",0
49,35790.00,"Graduation",0,0,"SMS",0
49,35790.00,"Graduation",0,0,"Social Media",0
49,35790.00,"Graduation",0,0,"Google Search Ads",0
49,35790.00,"Graduation",0,0,"Display Ads",0
49,35790.00,"Graduation",0,0,"Email",0
49,82582.00,"Graduation",0,0,"Email",0
49,82582.00,"Graduation",0,0,"SMS",0
49,82582.00,"Graduation",0,0,"Social Media",0
49,82582.00,"Graduation",0,0,"Google Search Ads",0
49,82582.00,"Graduation",0,0,"Display Ads",0
49,82582.00,"Graduation",0,0,"Email",0
48,66373.00,"Graduation",0,0,"Email",0
48,66373.00,"Graduation",0,0,"SMS",0
48,66373.00,"Graduation",0,0,"Social Media",0
48,66373.00,"Graduation",0,0,"Google Search Ads",0
48,66373.00,"Graduation",0,0,"Display Ads",0
48,66373.00,"Graduation",0,0,"Email",0
71,82384.00,"Master",0,0,"Email",0
71,82384.00,"Master",0,0,"SMS",0
71,82384.00,"Master",0,0,"Social Media",0
71,82384.00,"Master",0,0,"Google Search Ads",0
71,82384.00,"Master",0,0,"Display Ads",0
71,82384.00,"Master",0,0,"Email",0
60,70287.00,"Graduation",0,0,"Email",0
60,70287.00,"Graduation",0,0,"SMS",0
60,70287.00,"Graduation",0,0,"Social Media",0
60,70287.00,"Graduation",0,0,"Google Search Ads",0
60,70287.00,"Graduation",0,0,"Display Ads",0
60,70287.00,"Graduation",0,0,"Email",0
38,27938.00,"Graduation",0,0,"Email",0
38,27938.00,"Graduation",0,0,"SMS",0
38,27938.00,"Graduation",0,0,"Social Media",0
38,27938.00,"Graduation",0,0,"Google Search Ads",0
38,27938.00,"Graduation",0,0,"Display Ads",0
38,27938.00,"Graduation",0,0,"Email",0
44,0.00,"Graduation",0,0,"Email",0
44,0.00,"Graduation",0,0,"SMS",0
44,0.00,"Graduation",0,0,"Social Media",0
44,0.00,"Graduation",0,0,"Google Search Ads",0
44,0.00,"Graduation",0,0,"Display Ads",0
44,0.00,"Graduation",0,0,"Email",0
58,55954.00,"PhD",0,0,"Email",0
58,55954.00,"PhD",0,0,"SMS",0
58,55954.00,"PhD",0,0,"Social Media",0
58,55954.00,"PhD",0,0,"Google Search Ads",0
58,55954.00,"PhD",0,0,"Display Ads",0
58,55954.00,"PhD",0,0,"Email",0
44,75777.00,"Master",0,0,"Email",0
44,75777.00,"Master",0,0,"SMS",0
44,75777.00,"Master",0,0,"Social Media",0
44,75777.00,"Master",0,0,"Google Search Ads",0
44,75777.00,"Master",0,0,"Display Ads",0
44,75777.00,"Master",0,0,"Email",0
51,66653.00,"Graduation",0,0,"Email",0
51,66653.00,"Graduation",0,0,"SMS",0
51,66653.00,"Graduation",0,0,"Social Media",0
51,66653.00,"Graduation",0,0,"Google Search Ads",0
51,66653.00,"Graduation",0,0,"Display Ads",0
51,66653.00,"Graduation",0,0,"Email",0
74,61823.00,"Graduation",0,0,"Email",0
74,61823.00,"Graduation",0,0,"SMS",0
74,61823.00,"Graduation",0,0,"Social Media",0
74,61823.00,"Graduation",0,0,"Google Search Ads",0
74,61823.00,"Graduation",0,0,"Display Ads",0
74,61823.00,"Graduation",0,0,"Email",0
75,67680.00,"PhD",0,0,"Email",0
75,67680.00,"PhD",0,0,"SMS",0
75,67680.00,"PhD",0,0,"Social Media",0
75,67680.00,"PhD",0,0,"Google Search Ads",0
75,67680.00,"PhD",0,0,"Display Ads",0
75,67680.00,"PhD",0,0,"Email",0
78,70666.00,"Graduation",0,0,"Email",0
78,70666.00,"Graduation",0,0,"SMS",0
78,70666.00,"Graduation",0,0,"Social Media",0
78,70666.00,"Graduation",0,0,"Google Search Ads",0
78,70666.00,"Graduation",0,0,"Display Ads",0
78,70666.00,"Graduation",0,0,"Email",0
55,25721.00,"Graduation",0,0,"Email",0
55,25721.00,"Graduation",0,0,"SMS",0
55,25721.00,"Graduation",0,0,"Social Media",0
55,25721.00,"Graduation",0,0,"Google Search Ads",0
55,25721.00,"Graduation",0,0,"Display Ads",0
55,25721.00,"Graduation",0,0,"Email",0
59,32474.00,"Graduation",0,0,"Email",0
59,32474.00,"Graduation",0,0,"SMS",0
59,32474.00,"Graduation",0,0,"Social Media",0
59,32474.00,"Graduation",0,0,"Google Search Ads",0
59,32474.00,"Graduation",0,0,"Display Ads",0
59,32474.00,"Graduation",0,0,"Email",0
47,88194.00,"2n Cycle",0,0,"Email",0
47,88194.00,"2n Cycle",0,0,"SMS",0
47,88194.00,"2n Cycle",0,0,"Social Media",0
47,88194.00,"2n Cycle",0,0,"Google Search Ads",0
47,88194.00,"2n Cycle",0,0,"Display Ads",0
47,88194.00,"2n Cycle",0,0,"Email",0
68,69096.00,"Graduation",0,0,"Email",0
68,69096.00,"Graduation",0,0,"SMS",0
68,69096.00,"Graduation",0,0,"Social Media",0
68,69096.00,"Graduation",0,0,"Google Search Ads",0
68,69096.00,"Graduation",0,0,"Display Ads",0
68,69096.00,"Graduation",0,0,"Email",0
56,74854.00,"Graduation",0,0,"Email",0
56,74854.00,"Graduation",0,0,"SMS",0
56,74854.00,"Graduation",0,0,"Social Media",0
56,74854.00,"Graduation",0,0,"Google Search Ads",0
56,74854.00,"Graduation",0,0,"Display Ads",0
56,74854.00,"Graduation",0,0,"Email",0
72,66991.00,"Master",0,0,"Email",0
72,66991.00,"Master",0,0,"SMS",0
72,66991.00,"Master",0,0,"Social Media",0
72,66991.00,"Master",0,0,"Google Search Ads",0
72,66991.00,"Master",0,0,"Display Ads",0
72,66991.00,"Master",0,0,"Email",0
53,0.00,"2n Cycle",0,0,"Email",0
53,0.00,"2n Cycle",0,0,"SMS",0
53,0.00,"2n Cycle",0,0,"Social Media",0
53,0.00,"2n Cycle",0,0,"Google Search Ads",0
53,0.00,"2n Cycle",0,0,"Display Ads",0
53,0.00,"2n Cycle",0,0,"Email",0
67,65031.00,"Graduation",0,0,"Email",0
67,65031.00,"Graduation",0,0,"SMS",0
67,65031.00,"Graduation",0,0,"Social Media",0
67,65031.00,"Graduation",0,0,"Google Search Ads",0
67,65031.00,"Graduation",0,0,"Display Ads",0
67,65031.00,"Graduation",0,0,"Email",0
51,60631.00,"PhD",0,0,"Email",0
51,60631.00,"PhD",0,0,"SMS",0
51,60631.00,"PhD",0,0,"Social Media",0
51,60631.00,"PhD",0,0,"Google Search Ads",0
51,60631.00,"PhD",0,0,"Display Ads",0
51,60631.00,"PhD",0,0,"Email",0
74,28332.00,"Graduation",0,0,"Email",0
74,28332.00,"Graduation",0,0,"SMS",0
74,28332.00,"Graduation",0,0,"Social Media",0
74,28332.00,"Graduation",0,0,"Google Search Ads",0
74,28332.00,"Graduation",0,0,"Display Ads",0
74,28332.00,"Graduation",0,0,"Email",0
49,40246.00,"Graduation",0,0,"Email",0
49,40246.00,"Graduation",0,0,"SMS",0
49,40246.00,"Graduation",0,0,"Social Media",0
49,40246.00,"Graduation",0,0,"Google Search Ads",0
49,40246.00,"Graduation",0,0,"Display Ads",0
49,40246.00,"Graduation",0,0,"Email",0
54,75251.00,"Master",0,0,"Email",0
54,75251.00,"Master",0,0,"SMS",0
54,75251.00,"Master",0,0,"Social Media",0
54,75251.00,"Master",0,0,"Google Search Ads",0
54,75251.00,"Master",0,0,"Display Ads",0
54,75251.00,"Master",0,0,"Email",0
50,75825.00,"Graduation",0,0,"Email",0
50,75825.00,"Graduation",0,0,"SMS",0
50,75825.00,"Graduation",0,0,"Social Media",0
50,75825.00,"Graduation",0,0,"Google Search Ads",0
50,75825.00,"Graduation",0,0,"Display Ads",0
50,75825.00,"Graduation",0,0,"Email",0
50,26326.00,"2n Cycle",0,0,"Email",0
50,26326.00,"2n Cycle",0,0,"SMS",0
50,26326.00,"2n Cycle",0,0,"Social Media",0
50,26326.00,"2n Cycle",0,0,"Google Search Ads",0
50,26326.00,"2n Cycle",0,0,"Display Ads",0
50,26326.00,"2n Cycle",0,0,"Email",0
61,56046.00,"Graduation",0,0,"Email",0
61,56046.00,"Graduation",0,0,"SMS",0
61,56046.00,"Graduation",0,0,"Social Media",0
61,56046.00,"Graduation",0,0,"Google Search Ads",0
61,56046.00,"Graduation",0,0,"Display Ads",0
61,56046.00,"Graduation",0,0,"Email",0
41,29760.00,"Graduation",0,0,"Email",0
41,29760.00,"Graduation",0,0,"SMS",0
41,29760.00,"Graduation",0,0,"Social Media",0
41,29760.00,"Graduation",0,0,"Google Search Ads",0
41,29760.00,"Graduation",0,0,"Display Ads",0
41,29760.00,"Graduation",0,0,"Email",0
57,26304.00,"Graduation",0,0,"Email",0
57,26304.00,"Graduation",0,0,"SMS",0
57,26304.00,"Graduation",0,0,"Social Media",0
57,26304.00,"Graduation",0,0,"Google Search Ads",0
57,26304.00,"Graduation",0,0,"Display Ads",0
57,26304.00,"Graduation",0,0,"Email",0
53,23559.00,"2n Cycle",0,0,"Email",0
53,23559.00,"2n Cycle",0,0,"SMS",0
53,23559.00,"2n Cycle",0,0,"Social Media",0
53,23559.00,"2n Cycle",0,0,"Google Search Ads",0
53,23559.00,"2n Cycle",0,0,"Display Ads",0
53,23559.00,"2n Cycle",0,0,"Email",0
63,38620.00,"Master",0,0,"Email",0
63,38620.00,"Master",0,0,"SMS",0
63,38620.00,"Master",0,0,"Social Media",0
63,38620.00,"Master",0,0,"Google Search Ads",0
63,38620.00,"Master",0,0,"Display Ads",0
63,38620.00,"Master",0,0,"Email",0
39,81361.00,"Graduation",0,0,"Email",0
39,81361.00,"Graduation",0,0,"SMS",0
39,81361.00,"Graduation",0,0,"Social Media",0
39,81361.00,"Graduation",0,0,"Google Search Ads",0
39,81361.00,"Graduation",0,0,"Display Ads",0
39,81361.00,"Graduation",0,0,"Email",0
66,29440.00,"Graduation",0,0,"Email",0
66,29440.00,"Graduation",0,0,"SMS",0
66,29440.00,"Graduation",0,0,"Social Media",0
66,29440.00,"Graduation",0,0,"Google Search Ads",0
66,29440.00,"Graduation",0,0,"Display Ads",0
66,29440.00,"Graduation",0,0,"Email",0
56,36138.00,"Master",0,0,"Email",0
56,36138.00,"Master",0,0,"SMS",0
56,36138.00,"Master",0,0,"Social Media",0
56,36138.00,"Master",0,0,"Google Search Ads",0
56,36138.00,"Master",0,0,"Display Ads",0
56,36138.00,"Master",0,0,"Email",0
69,50388.00,"Graduation",0,0,"Email",0
69,50388.00,"Graduation",0,0,"SMS",0
69,50388.00,"Graduation",0,0,"Social Media",0
69,50388.00,"Graduation",0,0,"Google Search Ads",0
69,50388.00,"Graduation",0,0,"Display Ads",0
69,50388.00,"Graduation",0,0,"Email",0
53,79593.00,"Graduation",0,0,"Email",0
53,79593.00,"Graduation",0,0,"SMS",0
53,79593.00,"Graduation",0,0,"Social Media",0
53,79593.00,"Graduation",0,0,"Google Search Ads",0
53,79593.00,"Graduation",0,0,"Display Ads",0
53,79593.00,"Graduation",0,0,"Email",0
59,54178.00,"Graduation",0,0,"Email",0
59,54178.00,"Graduation",0,0,"SMS",0
59,54178.00,"Graduation",0,0,"Social Media",0
59,54178.00,"Graduation",0,0,"Google Search Ads",0
59,54178.00,"Graduation",0,0,"Display Ads",0
59,54178.00,"Graduation",0,0,"Email",0
69,0.00,"PhD",0,0,"Email",0
69,0.00,"PhD",0,0,"SMS",0
69,0.00,"PhD",0,0,"Social Media",0
69,0.00,"PhD",0,0,"Google Search Ads",0
69,0.00,"PhD",0,0,"Display Ads",0
69,0.00,"PhD",0,0,"Email",0
69,0.00,"Graduation",0,0,"Email",0
69,0.00,"Graduation",0,0,"SMS",0
69,0.00,"Graduation",0,0,"Social Media",0
69,0.00,"Graduation",0,0,"Google Search Ads",0
69,0.00,"Graduation",0,0,"Display Ads",0
69,0.00,"Graduation",0,0,"Email",0
53,0.00,"Master",0,0,"Email",0
53,0.00,"Master",0,0,"SMS",0
53,0.00,"Master",0,0,"Social Media",0
53,0.00,"Master",0,0,"Google Search Ads",0
53,0.00,"Master",0,0,"Display Ads",0
53,0.00,"Master",0,0,"Email",0
54,42394.00,"Master",0,0,"Email",0
54,42394.00,"Master",0,0,"SMS",0
54,42394.00,"Master",0,0,"Social Media",0
54,42394.00,"Master",0,0,"Google Search Ads",0
54,42394.00,"Master",0,0,"Display Ads",0
54,42394.00,"Master",0,0,"Email",0
56,23626.00,"PhD",0,0,"Email",0
56,23626.00,"PhD",0,0,"SMS",0
56,23626.00,"PhD",0,0,"Social Media",0
56,23626.00,"PhD",0,0,"Google Search Ads",0
56,23626.00,"PhD",0,0,"Display Ads",0
56,23626.00,"PhD",0,0,"Email",0
43,30096.00,"Graduation",0,0,"Email",0
43,30096.00,"Graduation",0,0,"SMS",0
43,30096.00,"Graduation",0,0,"Social Media",0
43,30096.00,"Graduation",0,0,"Google Search Ads",0
43,30096.00,"Graduation",0,0,"Display Ads",0
43,30096.00,"Graduation",0,0,"Email",0
66,47916.00,"Graduation",0,0,"Email",0
66,47916.00,"Graduation",0,0,"SMS",0
66,47916.00,"Graduation",0,0,"Social Media",0
66,47916.00,"Graduation",0,0,"Google Search Ads",0
66,47916.00,"Graduation",0,0,"Display Ads",0
66,47916.00,"Graduation",0,0,"Email",0
54,51813.00,"Graduation",0,0,"Email",0
54,51813.00,"Graduation",0,0,"SMS",0
54,51813.00,"Graduation",0,0,"Social Media",0
54,51813.00,"Graduation",0,0,"Google Search Ads",0
54,51813.00,"Graduation",0,0,"Display Ads",0
54,51813.00,"Graduation",0,0,"Email",0
75,78497.00,"2n Cycle",0,0,"Email",0
75,78497.00,"2n Cycle",0,0,"SMS",0
75,78497.00,"2n Cycle",0,0,"Social Media",0
75,78497.00,"2n Cycle",0,0,"Google Search Ads",0
75,78497.00,"2n Cycle",0,0,"Display Ads",0
75,78497.00,"2n Cycle",0,0,"Email",0
43,50150.00,"PhD",0,0,"Email",0
43,50150.00,"PhD",0,0,"SMS",0
43,50150.00,"PhD",0,0,"Social Media",0
43,50150.00,"PhD",0,0,"Google Search Ads",0
43,50150.00,"PhD",0,0,"Display Ads",0
43,50150.00,"PhD",0,0,"Email",0
66,47823.00,"2n Cycle",0,0,"Email",0
66,47823.00,"2n Cycle",0,0,"SMS",0
66,47823.00,"2n Cycle",0,0,"Social Media",0
66,47823.00,"2n Cycle",0,0,"Google Search Ads",0
66,47823.00,"2n Cycle",0,0,"Display Ads",0
66,47823.00,"2n Cycle",0,0,"Email",0
67,34554.00,"PhD",0,0,"Email",0
67,34554.00,"PhD",0,0,"SMS",0
67,34554.00,"PhD",0,0,"Social Media",0
67,34554.00,"PhD",0,0,"Google Search Ads",0
67,34554.00,"PhD",0,0,"Display Ads",0
67,34554.00,"PhD",0,0,"Email",0
47,85693.00,"Graduation",0,0,"Email",0
47,85693.00,"Graduation",0,0,"SMS",0
47,85693.00,"Graduation",0,0,"Social Media",0
47,85693.00,"Graduation",0,0,"Google Search Ads",0
47,85693.00,"Graduation",0,0,"Display Ads",0
47,85693.00,"Graduation",0,0,"Email",0
81,65846.00,"PhD",0,0,"Email",0
81,65846.00,"PhD",0,0,"SMS",0
81,65846.00,"PhD",0,0,"Social Media",0
81,65846.00,"PhD",0,0,"Google Search Ads",0
81,65846.00,"PhD",0,0,"Display Ads",0
81,65846.00,"PhD",0,0,"Email",0
67,87195.00,"Graduation",0,0,"Email",0
67,87195.00,"Graduation",0,0,"SMS",0
67,87195.00,"Graduation",0,0,"Social Media",0
67,87195.00,"Graduation",0,0,"Google Search Ads",0
67,87195.00,"Graduation",0,0,"Display Ads",0
67,87195.00,"Graduation",0,0,"Email",0
47,24594.00,"Basic",0,0,"Email",0
47,24594.00,"Basic",0,0,"SMS",0
47,24594.00,"Basic",0,0,"Social Media",0
47,24594.00,"Basic",0,0,"Google Search Ads",0
47,24594.00,"Basic",0,0,"Display Ads",0
47,24594.00,"Basic",0,0,"Email",0
62,49096.00,"Graduation",0,0,"Email",0
62,49096.00,"Graduation",0,0,"SMS",0
62,49096.00,"Graduation",0,0,"Social Media",0
62,49096.00,"Graduation",0,0,"Google Search Ads",0
62,49096.00,"Graduation",0,0,"Display Ads",0
62,49096.00,"Graduation",0,0,"Email",0
57,52413.00,"Graduation",0,0,"Email",0
57,52413.00,"Graduation",0,0,"SMS",0
57,52413.00,"Graduation",0,0,"Social Media",0
57,52413.00,"Graduation",0,0,"Google Search Ads",0
57,52413.00,"Graduation",0,0,"Display Ads",0
57,52413.00,"Graduation",0,0,"Email",0
48,38557.00,"Graduation",0,0,"Email",0
48,38557.00,"Graduation",0,0,"SMS",0
48,38557.00,"Graduation",0,0,"Social Media",0
48,38557.00,"Graduation",0,0,"Google Search Ads",0
48,38557.00,"Graduation",0,0,"Display Ads",0
48,38557.00,"Graduation",0,0,"Email",0
66,89058.00,"Master",0,0,"Email",0
66,89058.00,"Master",0,0,"SMS",0
66,89058.00,"Master",0,0,"Social Media",0
66,89058.00,"Master",0,0,"Google Search Ads",0
66,89058.00,"Master",0,0,"Display Ads",0
66,89058.00,"Master",0,0,"Email",0
47,77298.00,"Graduation",0,0,"Email",0
47,77298.00,"Graduation",0,0,"SMS",0
47,77298.00,"Graduation",0,0,"Social Media",0
47,77298.00,"Graduation",0,0,"Google Search Ads",0
47,77298.00,"Graduation",0,0,"Display Ads",0
47,77298.00,"Graduation",0,0,"Email",0
35,68126.00,"PhD",0,0,"Email",0
35,68126.00,"PhD",0,0,"SMS",0
35,68126.00,"PhD",0,0,"Social Media",0
35,68126.00,"PhD",0,0,"Google Search Ads",0
35,68126.00,"PhD",0,0,"Display Ads",0
35,68126.00,"PhD",0,0,"Email",0
63,57288.00,"Master",0,0,"Email",0
63,57288.00,"Master",0,0,"SMS",0
63,57288.00,"Master",0,0,"Social Media",0
63,57288.00,"Master",0,0,"Google Search Ads",0
63,57288.00,"Master",0,0,"Display Ads",0
63,57288.00,"Master",0,0,"Email",0
35,86037.00,"Graduation",0,0,"Email",0
35,86037.00,"Graduation",0,0,"SMS",0
35,86037.00,"Graduation",0,0,"Social Media",0
35,86037.00,"Graduation",0,0,"Google Search Ads",0
35,86037.00,"Graduation",0,0,"Display Ads",0
35,86037.00,"Graduation",0,0,"Email",0
46,43974.00,"PhD",0,0,"Email",0
46,43974.00,"PhD",0,0,"SMS",0
46,43974.00,"PhD",0,0,"Social Media",0
46,43974.00,"PhD",0,0,"Google Search Ads",0
46,43974.00,"PhD",0,0,"Display Ads",0
46,43974.00,"PhD",0,0,"Email",0
64,50785.00,"Graduation",0,0,"Email",0
64,50785.00,"Graduation",0,0,"SMS",0
64,50785.00,"Graduation",0,0,"Social Media",0
64,50785.00,"Graduation",0,0,"Google Search Ads",0
64,50785.00,"Graduation",0,0,"Display Ads",0
64,50785.00,"Graduation",0,0,"Email",0
56,90765.00,"Graduation",0,0,"Email",0
56,90765.00,"Graduation",0,0,"SMS",0
56,90765.00,"Graduation",0,0,"Social Media",0
56,90765.00,"Graduation",0,0,"Google Search Ads",0
56,90765.00,"Graduation",0,0,"Display Ads",0
56,90765.00,"Graduation",0,0,"Email",0
48,36550.00,"2n Cycle",0,0,"Email",0
48,36550.00,"2n Cycle",0,0,"SMS",0
48,36550.00,"2n Cycle",0,0,"Social Media",0
48,36550.00,"2n Cycle",0,0,"Google Search Ads",0
48,36550.00,"2n Cycle",0,0,"Display Ads",0
48,36550.00,"2n Cycle",0,0,"Email",0
59,30753.00,"2n Cycle",0,0,"Email",0
59,30753.00,"2n Cycle",0,0,"SMS",0
59,30753.00,"2n Cycle",0,0,"Social Media",0
59,30753.00,"2n Cycle",0,0,"Google Search Ads",0
59,30753.00,"2n Cycle",0,0,"Display Ads",0
59,30753.00,"2n Cycle",0,0,"Email",0
57,21918.00,"Graduation",0,0,"Email",0
57,21918.00,"Graduation",0,0,"SMS",0
57,21918.00,"Graduation",0,0,"Social Media",0
57,21918.00,"Graduation",0,0,"Google Search Ads",0
57,21918.00,"Graduation",0,0,"Display Ads",0
57,21918.00,"Graduation",0,0,"Email",0
73,56129.00,"Master",0,0,"Email",0
73,56129.00,"Master",0,0,"SMS",0
73,56129.00,"Master",0,0,"Social Media",0
73,56129.00,"Master",0,0,"Google Search Ads",0
73,56129.00,"Master",0,0,"Display Ads",0
73,56129.00,"Master",0,0,"Email",0
59,32557.00,"Master",0,0,"Email",0
59,32557.00,"Master",0,0,"SMS",0
59,32557.00,"Master",0,0,"Social Media",0
59,32557.00,"Master",0,0,"Google Search Ads",0
59,32557.00,"Master",0,0,"Display Ads",0
59,32557.00,"Master",0,0,"Email",0
41,19510.00,"Master",0,0,"Email",0
41,19510.00,"Master",0,0,"SMS",0
41,19510.00,"Master",0,0,"Social Media",0
41,19510.00,"Master",0,0,"Google Search Ads",0
41,19510.00,"Master",0,0,"Display Ads",0
41,19510.00,"Master",0,0,"Email",0
50,30992.00,"Graduation",0,0,"Email",0
50,30992.00,"Graduation",0,0,"SMS",0
50,30992.00,"Graduation",0,0,"Social Media",0
50,30992.00,"Graduation",0,0,"Google Search Ads",0
50,30992.00,"Graduation",0,0,"Display Ads",0
50,30992.00,"Graduation",0,0,"Email",0
43,101970.00,"Graduation",0,0,"Email",0
43,101970.00,"Graduation",0,0,"SMS",0
43,101970.00,"Graduation",0,0,"Social Media",0
43,101970.00,"Graduation",0,0,"Google Search Ads",0
43,101970.00,"Graduation",0,0,"Display Ads",0
43,101970.00,"Graduation",0,0,"Email",0
61,71488.00,"2n Cycle",0,0,"Email",0
61,71488.00,"2n Cycle",0,0,"SMS",0
61,71488.00,"2n Cycle",0,0,"Social Media",0
61,71488.00,"2n Cycle",0,0,"Google Search Ads",0
61,71488.00,"2n Cycle",0,0,"Display Ads",0
61,71488.00,"2n Cycle",0,0,"Email",0
42,79607.00,"Graduation",0,0,"Email",0
42,79607.00,"Graduation",0,0,"SMS",0
42,79607.00,"Graduation",0,0,"Social Media",0
42,79607.00,"Graduation",0,0,"Google Search Ads",0
42,79607.00,"Graduation",0,0,"Display Ads",0
42,79607.00,"Graduation",0,0,"Email",0
73,54348.00,"Master",0,0,"Email",0
73,54348.00,"Master",0,0,"SMS",0
73,54348.00,"Master",0,0,"Social Media",0
73,54348.00,"Master",0,0,"Google Search Ads",0
73,54348.00,"Master",0,0,"Display Ads",0
73,54348.00,"Master",0,0,"Email",0
65,0.00,"PhD",0,0,"Email",0
65,0.00,"PhD",0,0,"SMS",0
65,0.00,"PhD",0,0,"Social Media",0
65,0.00,"PhD",0,0,"Google Search Ads",0
65,0.00,"PhD",0,0,"Display Ads",0
65,0.00,"PhD",0,0,"Email",0
70,77376.00,"PhD",0,0,"Email",0
70,77376.00,"PhD",0,0,"SMS",0
70,77376.00,"PhD",0,0,"Social Media",0
70,77376.00,"PhD",0,0,"Google Search Ads",0
70,77376.00,"PhD",0,0,"Display Ads",0
70,77376.00,"PhD",0,0,"Email",0
74,62998.00,"Graduation",0,0,"Email",0
74,62998.00,"Graduation",0,0,"SMS",0
74,62998.00,"Graduation",0,0,"Social Media",0
74,62998.00,"Graduation",0,0,"Google Search Ads",0
74,62998.00,"Graduation",0,0,"Display Ads",0
74,62998.00,"Graduation",0,0,"Email",0
68,61331.00,"Master",0,0,"Email",0
68,61331.00,"Master",0,0,"SMS",0
68,61331.00,"Master",0,0,"Social Media",0
68,61331.00,"Master",0,0,"Google Search Ads",0
68,61331.00,"Master",0,0,"Display Ads",0
68,61331.00,"Master",0,0,"Email",0
57,73448.00,"Graduation",0,0,"Email",0
57,73448.00,"Graduation",0,0,"SMS",0
57,73448.00,"Graduation",0,0,"Social Media",0
57,73448.00,"Graduation",0,0,"Google Search Ads",0
57,73448.00,"Graduation",0,0,"Display Ads",0
57,73448.00,"Graduation",0,0,"Email",0
63,0.00,"Graduation",0,0,"Email",0
63,0.00,"Graduation",0,0,"SMS",0
63,0.00,"Graduation",0,0,"Social Media",0
63,0.00,"Graduation",0,0,"Google Search Ads",0
63,0.00,"Graduation",0,0,"Display Ads",0
63,0.00,"Graduation",0,0,"Email",0
62,41551.00,"PhD",0,0,"Email",0
62,41551.00,"PhD",0,0,"SMS",0
62,41551.00,"PhD",0,0,"Social Media",0
62,41551.00,"PhD",0,0,"Google Search Ads",0
62,41551.00,"PhD",0,0,"Display Ads",0
62,41551.00,"PhD",0,0,"Email",0
59,62981.00,"PhD",0,0,"Email",0
59,62981.00,"PhD",0,0,"SMS",0
59,62981.00,"PhD",0,0,"Social Media",0
59,62981.00,"PhD",0,0,"Google Search Ads",0
59,62981.00,"PhD",0,0,"Display Ads",0
59,62981.00,"PhD",0,0,"Email",0
50,9548.00,"Basic",0,0,"Email",0
50,9548.00,"Basic",0,0,"SMS",0
50,9548.00,"Basic",0,0,"Social Media",0
50,9548.00,"Basic",0,0,"Google Search Ads",0
50,9548.00,"Basic",0,0,"Display Ads",0
50,9548.00,"Basic",0,0,"Email",0
67,33762.00,"PhD",0,0,"Email",0
67,33762.00,"PhD",0,0,"SMS",0
67,33762.00,"PhD",0,0,"Social Media",0
67,33762.00,"PhD",0,0,"Google Search Ads",0
67,33762.00,"PhD",0,0,"Display Ads",0
67,33762.00,"PhD",0,0,"Email",0
53,35860.00,"PhD",0,0,"Email",0
53,35860.00,"PhD",0,0,"SMS",0
53,35860.00,"PhD",0,0,"Social Media",0
53,35860.00,"PhD",0,0,"Google Search Ads",0
53,35860.00,"PhD",0,0,"Display Ads",0
53,35860.00,"PhD",0,0,"Email",0
61,36921.00,"PhD",0,0,"Email",0
61,36921.00,"PhD",0,0,"SMS",0
61,36921.00,"PhD",0,0,"Social Media",0
61,36921.00,"PhD",0,0,"Google Search Ads",0
61,36921.00,"PhD",0,0,"Display Ads",0
61,36921.00,"PhD",0,0,"Email",0
34,92859.00,"Master",0,0,"Email",0
34,92859.00,"Master",0,0,"SMS",0
34,92859.00,"Master",0,0,"Social Media",0
34,92859.00,"Master",0,0,"Google Search Ads",0
34,92859.00,"Master",0,0,"Display Ads",0
34,92859.00,"Master",0,0,"Email",0
50,65104.00,"Master",0,0,"Email",0
50,65104.00,"Master",0,0,"SMS",0
50,65104.00,"Master",0,0,"Social Media",0
50,65104.00,"Master",0,0,"Google Search Ads",0
50,65104.00,"Master",0,0,"Display Ads",0
50,65104.00,"Master",0,0,"Email",0
64,86111.00,"Graduation",0,0,"Email",0
64,86111.00,"Graduation",0,0,"SMS",0
64,86111.00,"Graduation",0,0,"Social Media",0
64,86111.00,"Graduation",0,0,"Google Search Ads",0
64,86111.00,"Graduation",0,0,"Display Ads",0
64,86111.00,"Graduation",0,0,"Email",0
52,68352.00,"PhD",0,0,"Email",0
52,68352.00,"PhD",0,0,"SMS",0
52,68352.00,"PhD",0,0,"Social Media",0
52,68352.00,"PhD",0,0,"Google Search Ads",0
52,68352.00,"PhD",0,0,"Display Ads",0
52,68352.00,"PhD",0,0,"Email",0
38,41883.00,"Graduation",0,0,"Email",0
38,41883.00,"Graduation",0,0,"SMS",0
38,41883.00,"Graduation",0,0,"Social Media",0
38,41883.00,"Graduation",0,0,"Google Search Ads",0
38,41883.00,"Graduation",0,0,"Display Ads",0
38,41883.00,"Graduation",0,0,"Email",0
50,59809.00,"Graduation",0,0,"Email",0
50,59809.00,"Graduation",0,0,"SMS",0
50,59809.00,"Graduation",0,0,"Social Media",0
50,59809.00,"Graduation",0,0,"Google Search Ads",0
50,59809.00,"Graduation",0,0,"Display Ads",0
50,59809.00,"Graduation",0,0,"Email",0
51,23957.00,"Graduation",0,0,"Email",0
51,23957.00,"Graduation",0,0,"SMS",0
51,23957.00,"Graduation",0,0,"Social Media",0
51,23957.00,"Graduation",0,0,"Google Search Ads",0
51,23957.00,"Graduation",0,0,"Display Ads",0
51,23957.00,"Graduation",0,0,"Email",0
45,38547.00,"Graduation",0,0,"Email",0
45,38547.00,"Graduation",0,0,"SMS",0
45,38547.00,"Graduation",0,0,"Social Media",0
45,38547.00,"Graduation",0,0,"Google Search Ads",0
45,38547.00,"Graduation",0,0,"Display Ads",0
45,38547.00,"Graduation",0,0,"Email",0
53,35688.00,"2n Cycle",0,0,"Email",0
53,35688.00,"2n Cycle",0,0,"SMS",0
53,35688.00,"2n Cycle",0,0,"Social Media",0
53,35688.00,"2n Cycle",0,0,"Google Search Ads",0
53,35688.00,"2n Cycle",0,0,"Display Ads",0
53,35688.00,"2n Cycle",0,0,"Email",0
60,49605.00,"Master",0,0,"Email",0
60,49605.00,"Master",0,0,"SMS",0
60,49605.00,"Master",0,0,"Social Media",0
60,49605.00,"Master",0,0,"Google Search Ads",0
60,49605.00,"Master",0,0,"Display Ads",0
60,49605.00,"Master",0,0,"Email",0
73,59354.00,"Master",0,0,"Email",0
73,59354.00,"Master",0,0,"SMS",0
73,59354.00,"Master",0,0,"Social Media",0
73,59354.00,"Master",0,0,"Google Search Ads",0
73,59354.00,"Master",0,0,"Display Ads",0
73,59354.00,"Master",0,0,"Email",0
57,65747.00,"Graduation",0,0,"Email",0
57,65747.00,"Graduation",0,0,"SMS",0
57,65747.00,"Graduation",0,0,"Social Media",0
57,65747.00,"Graduation",0,0,"Google Search Ads",0
57,65747.00,"Graduation",0,0,"Display Ads",0
57,65747.00,"Graduation",0,0,"Email",0
54,46344.00,"2n Cycle",0,0,"Email",0
54,46344.00,"2n Cycle",0,0,"SMS",0
54,46344.00,"2n Cycle",0,0,"Social Media",0
54,46344.00,"2n Cycle",0,0,"Google Search Ads",0
54,46344.00,"2n Cycle",0,0,"Display Ads",0
54,46344.00,"2n Cycle",0,0,"Email",0
38,34176.00,"Graduation",0,0,"Email",0
38,34176.00,"Graduation",0,0,"SMS",0
38,34176.00,"Graduation",0,0,"Social Media",0
38,34176.00,"Graduation",0,0,"Google Search Ads",0
38,34176.00,"Graduation",0,0,"Display Ads",0
38,34176.00,"Graduation",0,0,"Email",0
74,61010.00,"PhD",0,0,"Email",0
74,61010.00,"PhD",0,0,"SMS",0
74,61010.00,"PhD",0,0,"Social Media",0
74,61010.00,"PhD",0,0,"Google Search Ads",0
74,61010.00,"PhD",0,0,"Display Ads",0
74,61010.00,"PhD",0,0,"Email",0
77,69372.00,"Graduation",0,0,"Email",0
77,69372.00,"Graduation",0,0,"SMS",0
77,69372.00,"Graduation",0,0,"Social Media",0
77,69372.00,"Graduation",0,0,"Google Search Ads",0
77,69372.00,"Graduation",0,0,"Display Ads",0
77,69372.00,"Graduation",0,0,"Email",0
68,49967.00,"Graduation",0,0,"Email",0
68,49967.00,"Graduation",0,0,"SMS",0
68,49967.00,"Graduation",0,0,"Social Media",0
68,49967.00,"Graduation",0,0,"Google Search Ads",0
68,49967.00,"Graduation",0,0,"Display Ads",0
68,49967.00,"Graduation",0,0,"Email",0
48,60199.00,"Graduation",0,0,"Email",0
48,60199.00,"Graduation",0,0,"SMS",0
48,60199.00,"Graduation",0,0,"Social Media",0
48,60199.00,"Graduation",0,0,"Google Search Ads",0
48,60199.00,"Graduation",0,0,"Display Ads",0
48,60199.00,"Graduation",0,0,"Email",0
49,55375.00,"Graduation",0,0,"Email",0
49,55375.00,"Graduation",0,0,"SMS",0
49,55375.00,"Graduation",0,0,"Social Media",0
49,55375.00,"Graduation",0,0,"Google Search Ads",0
49,55375.00,"Graduation",0,0,"Display Ads",0
49,55375.00,"Graduation",0,0,"Email",0
71,80317.00,"Graduation",0,0,"Email",0
71,80317.00,"Graduation",0,0,"SMS",0
71,80317.00,"Graduation",0,0,"Social Media",0
71,80317.00,"Graduation",0,0,"Google Search Ads",0
71,80317.00,"Graduation",0,0,"Display Ads",0
71,80317.00,"Graduation",0,0,"Email",0
68,30523.00,"Master",0,0,"Email",0
68,30523.00,"Master",0,0,"SMS",0
68,30523.00,"Master",0,0,"Social Media",0
68,30523.00,"Master",0,0,"Google Search Ads",0
68,30523.00,"Master",0,0,"Display Ads",0
68,30523.00,"Master",0,0,"Email",0
81,70356.00,"PhD",0,0,"Email",0
81,70356.00,"PhD",0,0,"SMS",0
81,70356.00,"PhD",0,0,"Social Media",0
81,70356.00,"PhD",0,0,"Google Search Ads",0
81,70356.00,"PhD",0,0,"Display Ads",0
81,70356.00,"PhD",0,0,"Email",0
42,23228.00,"Graduation",0,0,"Email",0
42,23228.00,"Graduation",0,0,"SMS",0
42,23228.00,"Graduation",0,0,"Social Media",0
42,23228.00,"Graduation",0,0,"Google Search Ads",0
42,23228.00,"Graduation",0,0,"Display Ads",0
42,23228.00,"Graduation",0,0,"Email",0
51,74165.00,"PhD",0,0,"Email",0
51,74165.00,"PhD",0,0,"SMS",0
51,74165.00,"PhD",0,0,"Social Media",0
51,74165.00,"PhD",0,0,"Google Search Ads",0
51,74165.00,"PhD",0,0,"Display Ads",0
51,74165.00,"PhD",0,0,"Email",0
53,157243.00,"PhD",0,0,"Email",0
53,157243.00,"PhD",0,0,"SMS",0
53,157243.00,"PhD",0,0,"Social Media",0
53,157243.00,"PhD",0,0,"Google Search Ads",0
53,157243.00,"PhD",0,0,"Display Ads",0
53,157243.00,"PhD",0,0,"Email",0
60,43482.00,"Graduation",0,0,"Email",0
60,43482.00,"Graduation",0,0,"SMS",0
60,43482.00,"Graduation",0,0,"Social Media",0
60,43482.00,"Graduation",0,0,"Google Search Ads",0
60,43482.00,"Graduation",0,0,"Display Ads",0
60,43482.00,"Graduation",0,0,"Email",0
73,62551.00,"Graduation",0,0,"Email",0
73,62551.00,"Graduation",0,0,"SMS",0
73,62551.00,"Graduation",0,0,"Social Media",0
73,62551.00,"Graduation",0,0,"Google Search Ads",0
73,62551.00,"Graduation",0,0,"Display Ads",0
73,62551.00,"Graduation",0,0,"Email",0
67,52332.00,"Graduation",0,0,"Email",0
67,52332.00,"Graduation",0,0,"SMS",0
67,52332.00,"Graduation",0,0,"Social Media",0
67,52332.00,"Graduation",0,0,"Google Search Ads",0
67,52332.00,"Graduation",0,0,"Display Ads",0
67,52332.00,"Graduation",0,0,"Email",0
38,66951.00,"Graduation",0,0,"Email",0
38,66951.00,"Graduation",0,0,"SMS",0
38,66951.00,"Graduation",0,0,"Social Media",0
38,66951.00,"Graduation",0,0,"Google Search Ads",0
38,66951.00,"Graduation",0,0,"Display Ads",0
38,66951.00,"Graduation",0,0,"Email",0
69,26091.00,"Graduation",0,0,"Email",0
69,26091.00,"Graduation",0,0,"SMS",0
69,26091.00,"Graduation",0,0,"Social Media",0
69,26091.00,"Graduation",0,0,"Google Search Ads",0
69,26091.00,"Graduation",0,0,"Display Ads",0
69,26091.00,"Graduation",0,0,"Email",0
61,33456.00,"Graduation",0,0,"Email",0
61,33456.00,"Graduation",0,0,"SMS",0
61,33456.00,"Graduation",0,0,"Social Media",0
61,33456.00,"Graduation",0,0,"Google Search Ads",0
61,33456.00,"Graduation",0,0,"Display Ads",0
61,33456.00,"Graduation",0,0,"Email",0
44,28718.00,"Graduation",0,0,"Email",0
44,28718.00,"Graduation",0,0,"SMS",0
44,28718.00,"Graduation",0,0,"Social Media",0
44,28718.00,"Graduation",0,0,"Google Search Ads",0
44,28718.00,"Graduation",0,0,"Display Ads",0
44,28718.00,"Graduation",0,0,"Email",0
56,50447.00,"Graduation",0,0,"Email",0
56,50447.00,"Graduation",0,0,"SMS",0
56,50447.00,"Graduation",0,0,"Social Media",0
56,50447.00,"Graduation",0,0,"Google Search Ads",0
56,50447.00,"Graduation",0,0,"Display Ads",0
56,50447.00,"Graduation",0,0,"Email",0
67,53537.00,"PhD",0,0,"Email",0
67,53537.00,"PhD",0,0,"SMS",0
67,53537.00,"PhD",0,0,"Social Media",0
67,53537.00,"PhD",0,0,"Google Search Ads",0
67,53537.00,"PhD",0,0,"Display Ads",0
67,53537.00,"PhD",0,0,"Email",0
59,52074.00,"Graduation",0,0,"Email",0
59,52074.00,"Graduation",0,0,"SMS",0
59,52074.00,"Graduation",0,0,"Social Media",0
59,52074.00,"Graduation",0,0,"Google Search Ads",0
59,52074.00,"Graduation",0,0,"Display Ads",0
59,52074.00,"Graduation",0,0,"Email",0
51,80427.00,"PhD",0,0,"Email",0
51,80427.00,"PhD",0,0,"SMS",0
51,80427.00,"PhD",0,0,"Social Media",0
51,80427.00,"PhD",0,0,"Google Search Ads",0
51,80427.00,"PhD",0,0,"Display Ads",0
51,80427.00,"PhD",0,0,"Email",0
78,83837.00,"PhD",0,0,"Email",0
78,83837.00,"PhD",0,0,"SMS",0
78,83837.00,"PhD",0,0,"Social Media",0
78,83837.00,"PhD",0,0,"Google Search Ads",0
78,83837.00,"PhD",0,0,"Display Ads",0
78,83837.00,"PhD",0,0,"Email",0
56,38853.00,"PhD",0,0,"Email",0
56,38853.00,"PhD",0,0,"SMS",0
56,38853.00,"PhD",0,0,"Social Media",0
56,38853.00,"PhD",0,0,"Google Search Ads",0
56,38853.00,"PhD",0,0,"Display Ads",0
56,38853.00,"PhD",0,0,"Email",0
67,38285.00,"Graduation",0,0,"Email",0
67,38285.00,"Graduation",0,0,"SMS",0
67,38285.00,"Graduation",0,0,"Social Media",0
67,38285.00,"Graduation",0,0,"Google Search Ads",0
67,38285.00,"Graduation",0,0,"Display Ads",0
67,38285.00,"Graduation",0,0,"Email",0
75,78497.00,"2n Cycle",0,0,"Email",0
75,78497.00,"2n Cycle",0,0,"SMS",0
75,78497.00,"2n Cycle",0,0,"Social Media",0
75,78497.00,"2n Cycle",0,0,"Google Search Ads",0
75,78497.00,"2n Cycle",0,0,"Display Ads",0
75,78497.00,"2n Cycle",0,0,"Email",0
50,51650.00,"PhD",0,0,"Email",0
50,51650.00,"PhD",0,0,"SMS",0
50,51650.00,"PhD",0,0,"Social Media",0
50,51650.00,"PhD",0,0,"Google Search Ads",0
50,51650.00,"PhD",0,0,"Display Ads",0
50,51650.00,"PhD",0,0,"Email",0
38,16248.00,"2n Cycle",0,0,"Email",0
38,16248.00,"2n Cycle",0,0,"SMS",0
38,16248.00,"2n Cycle",0,0,"Social Media",0
38,16248.00,"2n Cycle",0,0,"Google Search Ads",0
38,16248.00,"2n Cycle",0,0,"Display Ads",0
38,16248.00,"2n Cycle",0,0,"Email",0
80,66835.00,"Master",0,0,"Email",0
80,66835.00,"Master",0,0,"SMS",0
80,66835.00,"Master",0,0,"Social Media",0
80,66835.00,"Master",0,0,"Google Search Ads",0
80,66835.00,"Master",0,0,"Display Ads",0
80,66835.00,"Master",0,0,"Email",0
42,30477.00,"Master",0,0,"Email",0
42,30477.00,"Master",0,0,"SMS",0
42,30477.00,"Master",0,0,"Social Media",0
42,30477.00,"Master",0,0,"Google Search Ads",0
42,30477.00,"Master",0,0,"Display Ads",0
42,30477.00,"Master",0,0,"Email",0
65,28249.00,"Basic",0,0,"Email",0
65,28249.00,"Basic",0,0,"SMS",0
65,28249.00,"Basic",0,0,"Social Media",0
65,28249.00,"Basic",0,0,"Google Search Ads",0
65,28249.00,"Basic",0,0,"Display Ads",0
65,28249.00,"Basic",0,0,"Email",0
43,25271.00,"Graduation",0,0,"Email",0
43,25271.00,"Graduation",0,0,"SMS",0
43,25271.00,"Graduation",0,0,"Social Media",0
43,25271.00,"Graduation",0,0,"Google Search Ads",0
43,25271.00,"Graduation",0,0,"Display Ads",0
43,25271.00,"Graduation",0,0,"Email",0
56,32303.00,"PhD",0,0,"Email",0
56,32303.00,"PhD",0,0,"SMS",0
56,32303.00,"PhD",0,0,"Social Media",0
56,32303.00,"PhD",0,0,"Google Search Ads",0
56,32303.00,"PhD",0,0,"Display Ads",0
56,32303.00,"PhD",0,0,"Email",0
60,61286.00,"Graduation",0,0,"Email",0
60,61286.00,"Graduation",0,0,"SMS",0
60,61286.00,"Graduation",0,0,"Social Media",0
60,61286.00,"Graduation",0,0,"Google Search Ads",0
60,61286.00,"Graduation",0,0,"Display Ads",0
60,61286.00,"Graduation",0,0,"Email",0
50,74068.00,"Graduation",0,0,"Email",0
50,74068.00,"Graduation",0,0,"SMS",0
50,74068.00,"Graduation",0,0,"Social Media",0
50,74068.00,"Graduation",0,0,"Google Search Ads",0
50,74068.00,"Graduation",0,0,"Display Ads",0
50,74068.00,"Graduation",0,0,"Email",0
62,45759.00,"PhD",0,0,"Email",0
62,45759.00,"PhD",0,0,"SMS",0
62,45759.00,"PhD",0,0,"Social Media",0
62,45759.00,"PhD",0,0,"Google Search Ads",0
62,45759.00,"PhD",0,0,"Display Ads",0
62,45759.00,"PhD",0,0,"Email",0
48,24882.00,"Basic",0,0,"Email",0
48,24882.00,"Basic",0,0,"SMS",0
48,24882.00,"Basic",0,0,"Social Media",0
48,24882.00,"Basic",0,0,"Google Search Ads",0
48,24882.00,"Basic",0,0,"Display Ads",0
48,24882.00,"Basic",0,0,"Email",0
37,66973.00,"PhD",0,0,"Email",0
37,66973.00,"PhD",0,0,"SMS",0
37,66973.00,"PhD",0,0,"Social Media",0
37,66973.00,"PhD",0,0,"Google Search Ads",0
37,66973.00,"PhD",0,0,"Display Ads",0
37,66973.00,"PhD",0,0,"Email",0
126,36640.00,"2n Cycle",0,0,"Email",0
126,36640.00,"2n Cycle",0,0,"SMS",0
126,36640.00,"2n Cycle",0,0,"Social Media",0
126,36640.00,"2n Cycle",0,0,"Google Search Ads",0
126,36640.00,"2n Cycle",0,0,"Display Ads",0
126,36640.00,"2n Cycle",0,0,"Email",0
38,38872.00,"Graduation",0,0,"Email",0
38,38872.00,"Graduation",0,0,"SMS",0
38,38872.00,"Graduation",0,0,"Social Media",0
38,38872.00,"Graduation",0,0,"Google Search Ads",0
38,38872.00,"Graduation",0,0,"Display Ads",0
38,38872.00,"Graduation",0,0,"Email",0
53,51148.00,"Graduation",0,0,"Email",0
53,51148.00,"Graduation",0,0,"SMS",0
53,51148.00,"Graduation",0,0,"Social Media",0
53,51148.00,"Graduation",0,0,"Google Search Ads",0
53,51148.00,"Graduation",0,0,"Display Ads",0
53,51148.00,"Graduation",0,0,"Email",0
49,31353.00,"Graduation",0,0,"Email",0
49,31353.00,"Graduation",0,0,"SMS",0
49,31353.00,"Graduation",0,0,"Social Media",0
49,31353.00,"Graduation",0,0,"Google Search Ads",0
49,31353.00,"Graduation",0,0,"Display Ads",0
49,31353.00,"Graduation",0,0,"Email",0
46,69661.00,"Master",0,0,"Email",0
46,69661.00,"Master",0,0,"SMS",0
46,69661.00,"Master",0,0,"Social Media",0
46,69661.00,"Master",0,0,"Google Search Ads",0
46,69661.00,"Master",0,0,"Display Ads",0
46,69661.00,"Master",0,0,"Email",0
72,80067.00,"Graduation",0,0,"Email",0
72,80067.00,"Graduation",0,0,"SMS",0
72,80067.00,"Graduation",0,0,"Social Media",0
72,80067.00,"Graduation",0,0,"Google Search Ads",0
72,80067.00,"Graduation",0,0,"Display Ads",0
72,80067.00,"Graduation",0,0,"Email",0
72,86718.00,"Graduation",0,0,"Email",0
72,86718.00,"Graduation",0,0,"SMS",0
72,86718.00,"Graduation",0,0,"Social Media",0
72,86718.00,"Graduation",0,0,"Google Search Ads",0
72,86718.00,"Graduation",0,0,"Display Ads",0
72,86718.00,"Graduation",0,0,"Email",0
53,46854.00,"PhD",0,0,"Email",0
53,46854.00,"PhD",0,0,"SMS",0
53,46854.00,"PhD",0,0,"Social Media",0
53,46854.00,"PhD",0,0,"Google Search Ads",0
53,46854.00,"PhD",0,0,"Display Ads",0
53,46854.00,"PhD",0,0,"Email",0
74,69142.00,"Graduation",0,0,"Email",0
74,69142.00,"Graduation",0,0,"SMS",0
74,69142.00,"Graduation",0,0,"Social Media",0
74,69142.00,"Graduation",0,0,"Google Search Ads",0
74,69142.00,"Graduation",0,0,"Display Ads",0
74,69142.00,"Graduation",0,0,"Email",0
58,75922.00,"Graduation",0,0,"Email",0
58,75922.00,"Graduation",0,0,"SMS",0
58,75922.00,"Graduation",0,0,"Social Media",0
58,75922.00,"Graduation",0,0,"Google Search Ads",0
58,75922.00,"Graduation",0,0,"Display Ads",0
58,75922.00,"Graduation",0,0,"Email",0
48,63693.00,"Graduation",0,0,"Email",0
48,63693.00,"Graduation",0,0,"SMS",0
48,63693.00,"Graduation",0,0,"Social Media",0
48,63693.00,"Graduation",0,0,"Google Search Ads",0
48,63693.00,"Graduation",0,0,"Display Ads",0
48,63693.00,"Graduation",0,0,"Email",0
49,102160.00,"PhD",0,0,"Email",0
49,102160.00,"PhD",0,0,"SMS",0
49,102160.00,"PhD",0,0,"Social Media",0
49,102160.00,"PhD",0,0,"Google Search Ads",0
49,102160.00,"PhD",0,0,"Display Ads",0
49,102160.00,"PhD",0,0,"Email",0
61,40637.00,"PhD",0,0,"Email",0
61,40637.00,"PhD",0,0,"SMS",0
61,40637.00,"PhD",0,0,"Social Media",0
61,40637.00,"PhD",0,0,"Google Search Ads",0
61,40637.00,"PhD",0,0,"Display Ads",0
61,40637.00,"PhD",0,0,"Email",0
42,18890.00,"Master",0,0,"Email",0
42,18890.00,"Master",0,0,"SMS",0
42,18890.00,"Master",0,0,"Social Media",0
42,18890.00,"Master",0,0,"Google Search Ads",0
42,18890.00,"Master",0,0,"Display Ads",0
42,18890.00,"Master",0,0,"Email",0
38,29604.00,"Graduation",0,0,"Email",0
38,29604.00,"Graduation",0,0,"SMS",0
38,29604.00,"Graduation",0,0,"Social Media",0
38,29604.00,"Graduation",0,0,"Google Search Ads",0
38,29604.00,"Graduation",0,0,"Display Ads",0
38,29604.00,"Graduation",0,0,"Email",0
63,48721.00,"Master",0,0,"Email",0
63,48721.00,"Master",0,0,"SMS",0
63,48721.00,"Master",0,0,"Social Media",0
63,48721.00,"Master",0,0,"Google Search Ads",0
63,48721.00,"Master",0,0,"Display Ads",0
63,48721.00,"Master",0,0,"Email",0
60,44794.00,"Graduation",0,0,"Email",0
60,44794.00,"Graduation",0,0,"SMS",0
60,44794.00,"Graduation",0,0,"Social Media",0
60,44794.00,"Graduation",0,0,"Google Search Ads",0
60,44794.00,"Graduation",0,0,"Display Ads",0
60,44794.00,"Graduation",0,0,"Email",0
72,64497.00,"Graduation",0,0,"Email",0
72,64497.00,"Graduation",0,0,"SMS",0
72,64497.00,"Graduation",0,0,"Social Media",0
72,64497.00,"Graduation",0,0,"Google Search Ads",0
72,64497.00,"Graduation",0,0,"Display Ads",0
72,64497.00,"Graduation",0,0,"Email",0
70,46097.00,"Graduation",0,0,"Email",0
70,46097.00,"Graduation",0,0,"SMS",0
70,46097.00,"Graduation",0,0,"Social Media",0
70,46097.00,"Graduation",0,0,"Google Search Ads",0
70,46097.00,"Graduation",0,0,"Display Ads",0
70,46097.00,"Graduation",0,0,"Email",0
72,77972.00,"Graduation",0,0,"Email",0
72,77972.00,"Graduation",0,0,"SMS",0
72,77972.00,"Graduation",0,0,"Social Media",0
72,77972.00,"Graduation",0,0,"Google Search Ads",0
72,77972.00,"Graduation",0,0,"Display Ads",0
72,77972.00,"Graduation",0,0,"Email",0
58,44377.00,"PhD",0,0,"Email",0
58,44377.00,"PhD",0,0,"SMS",0
58,44377.00,"PhD",0,0,"Social Media",0
58,44377.00,"PhD",0,0,"Google Search Ads",0
58,44377.00,"PhD",0,0,"Display Ads",0
58,44377.00,"PhD",0,0,"Email",0
52,46014.00,"Master",0,0,"Email",0
52,46014.00,"Master",0,0,"SMS",0
52,46014.00,"Master",0,0,"Social Media",0
52,46014.00,"Master",0,0,"Google Search Ads",0
52,46014.00,"Master",0,0,"Display Ads",0
52,46014.00,"Master",0,0,"Email",0
41,70951.00,"Graduation",0,0,"Email",0
41,70951.00,"Graduation",0,0,"SMS",0
41,70951.00,"Graduation",0,0,"Social Media",0
41,70951.00,"Graduation",0,0,"Google Search Ads",0
41,70951.00,"Graduation",0,0,"Display Ads",0
41,70951.00,"Graduation",0,0,"Email",0
49,41443.00,"Graduation",0,0,"Email",0
49,41443.00,"Graduation",0,0,"SMS",0
49,41443.00,"Graduation",0,0,"Social Media",0
49,41443.00,"Graduation",0,0,"Google Search Ads",0
49,41443.00,"Graduation",0,0,"Display Ads",0
49,41443.00,"Graduation",0,0,"Email",0
48,52195.00,"2n Cycle",0,0,"Email",0
48,52195.00,"2n Cycle",0,0,"SMS",0
48,52195.00,"2n Cycle",0,0,"Social Media",0
48,52195.00,"2n Cycle",0,0,"Google Search Ads",0
48,52195.00,"2n Cycle",0,0,"Display Ads",0
48,52195.00,"2n Cycle",0,0,"Email",0
78,83790.00,"Master",0,0,"Email",0
78,83790.00,"Master",0,0,"SMS",0
78,83790.00,"Master",0,0,"Social Media",0
78,83790.00,"Master",0,0,"Google Search Ads",0
78,83790.00,"Master",0,0,"Display Ads",0
78,83790.00,"Master",0,0,"Email",0
72,44551.00,"Master",0,0,"Email",0
72,44551.00,"Master",0,0,"SMS",0
72,44551.00,"Master",0,0,"Social Media",0
72,44551.00,"Master",0,0,"Google Search Ads",0
72,44551.00,"Master",0,0,"Display Ads",0
72,44551.00,"Master",0,0,"Email",0
46,69508.00,"Graduation",0,0,"Email",0
46,69508.00,"Graduation",0,0,"SMS",0
46,69508.00,"Graduation",0,0,"Social Media",0
46,69508.00,"Graduation",0,0,"Google Search Ads",0
46,69508.00,"Graduation",0,0,"Display Ads",0
46,69508.00,"Graduation",0,0,"Email",0
38,45204.00,"2n Cycle",0,0,"Email",0
38,45204.00,"2n Cycle",0,0,"SMS",0
38,45204.00,"2n Cycle",0,0,"Social Media",0
38,45204.00,"2n Cycle",0,0,"Google Search Ads",0
38,45204.00,"2n Cycle",0,0,"Display Ads",0
38,45204.00,"2n Cycle",0,0,"Email",0
57,72460.00,"Graduation",0,0,"Email",0
57,72460.00,"Graduation",0,0,"SMS",0
57,72460.00,"Graduation",0,0,"Social Media",0
57,72460.00,"Graduation",0,0,"Google Search Ads",0
57,72460.00,"Graduation",0,0,"Display Ads",0
57,72460.00,"Graduation",0,0,"Email",0
56,77622.00,"PhD",0,0,"Email",0
56,77622.00,"PhD",0,0,"SMS",0
56,77622.00,"PhD",0,0,"Social Media",0
56,77622.00,"PhD",0,0,"Google Search Ads",0
56,77622.00,"PhD",0,0,"Display Ads",0
56,77622.00,"PhD",0,0,"Email",0
46,30732.00,"PhD",0,0,"Email",0
46,30732.00,"PhD",0,0,"SMS",0
46,30732.00,"PhD",0,0,"Social Media",0
46,30732.00,"PhD",0,0,"Google Search Ads",0
46,30732.00,"PhD",0,0,"Display Ads",0
46,30732.00,"PhD",0,0,"Email",0
64,63887.00,"Graduation",0,0,"Email",0
64,63887.00,"Graduation",0,0,"SMS",0
64,63887.00,"Graduation",0,0,"Social Media",0
64,63887.00,"Graduation",0,0,"Google Search Ads",0
64,63887.00,"Graduation",0,0,"Display Ads",0
64,63887.00,"Graduation",0,0,"Email",0
48,42011.00,"Graduation",0,0,"Email",0
48,42011.00,"Graduation",0,0,"SMS",0
48,42011.00,"Graduation",0,0,"Social Media",0
48,42011.00,"Graduation",0,0,"Google Search Ads",0
48,42011.00,"Graduation",0,0,"Display Ads",0
48,42011.00,"Graduation",0,0,"Email",0
50,51369.00,"Graduation",0,0,"Email",0
50,51369.00,"Graduation",0,0,"SMS",0
50,51369.00,"Graduation",0,0,"Social Media",0
50,51369.00,"Graduation",0,0,"Google Search Ads",0
50,51369.00,"Graduation",0,0,"Display Ads",0
50,51369.00,"Graduation",0,0,"Email",0
74,51537.00,"Graduation",0,0,"Email",0
74,51537.00,"Graduation",0,0,"SMS",0
74,51537.00,"Graduation",0,0,"Social Media",0
74,51537.00,"Graduation",0,0,"Google Search Ads",0
74,51537.00,"Graduation",0,0,"Display Ads",0
74,51537.00,"Graduation",0,0,"Email",0
54,79930.00,"PhD",0,0,"Email",0
54,79930.00,"PhD",0,0,"SMS",0
54,79930.00,"PhD",0,0,"Social Media",0
54,79930.00,"PhD",0,0,"Google Search Ads",0
54,79930.00,"PhD",0,0,"Display Ads",0
54,79930.00,"PhD",0,0,"Email",0
40,34320.00,"PhD",0,0,"Email",0
40,34320.00,"PhD",0,0,"SMS",0
40,34320.00,"PhD",0,0,"Social Media",0
40,34320.00,"PhD",0,0,"Google Search Ads",0
40,34320.00,"PhD",0,0,"Display Ads",0
40,34320.00,"PhD",0,0,"Email",0
60,37070.00,"Graduation",0,0,"Email",0
60,37070.00,"Graduation",0,0,"SMS",0
60,37070.00,"Graduation",0,0,"Social Media",0
60,37070.00,"Graduation",0,0,"Google Search Ads",0
60,37070.00,"Graduation",0,0,"Display Ads",0
60,37070.00,"Graduation",0,0,"Email",0
64,81975.00,"2n Cycle",0,0,"Email",0
64,81975.00,"2n Cycle",0,0,"SMS",0
64,81975.00,"2n Cycle",0,0,"Social Media",0
64,81975.00,"2n Cycle",0,0,"Google Search Ads",0
64,81975.00,"2n Cycle",0,0,"Display Ads",0
64,81975.00,"2n Cycle",0,0,"Email",0
55,38590.00,"Graduation",0,0,"Email",0
55,38590.00,"Graduation",0,0,"SMS",0
55,38590.00,"Graduation",0,0,"Social Media",0
55,38590.00,"Graduation",0,0,"Google Search Ads",0
55,38590.00,"Graduation",0,0,"Display Ads",0
55,38590.00,"Graduation",0,0,"Email",0
75,15033.00,"Graduation",0,0,"Email",0
75,15033.00,"Graduation",0,0,"SMS",0
75,15033.00,"Graduation",0,0,"Social Media",0
75,15033.00,"Graduation",0,0,"Google Search Ads",0
75,15033.00,"Graduation",0,0,"Display Ads",0
75,15033.00,"Graduation",0,0,"Email",0
61,62745.00,"PhD",0,0,"Email",0
61,62745.00,"PhD",0,0,"SMS",0
61,62745.00,"PhD",0,0,"Social Media",0
61,62745.00,"PhD",0,0,"Google Search Ads",0
61,62745.00,"PhD",0,0,"Display Ads",0
61,62745.00,"PhD",0,0,"Email",0
51,22212.00,"2n Cycle",0,0,"Email",0
51,22212.00,"2n Cycle",0,0,"SMS",0
51,22212.00,"2n Cycle",0,0,"Social Media",0
51,22212.00,"2n Cycle",0,0,"Google Search Ads",0
51,22212.00,"2n Cycle",0,0,"Display Ads",0
51,22212.00,"2n Cycle",0,0,"Email",0
44,23661.00,"Master",0,0,"Email",0
44,23661.00,"Master",0,0,"SMS",0
44,23661.00,"Master",0,0,"Social Media",0
44,23661.00,"Master",0,0,"Google Search Ads",0
44,23661.00,"Master",0,0,"Display Ads",0
44,23661.00,"Master",0,0,"Email",0
68,79761.00,"PhD",0,0,"Email",0
68,79761.00,"PhD",0,0,"SMS",0
68,79761.00,"PhD",0,0,"Social Media",0
68,79761.00,"PhD",0,0,"Google Search Ads",0
68,79761.00,"PhD",0,0,"Display Ads",0
68,79761.00,"PhD",0,0,"Email",0
53,7500.00,"Graduation",0,0,"Email",0
53,7500.00,"Graduation",0,0,"SMS",0
53,7500.00,"Graduation",0,0,"Social Media",0
53,7500.00,"Graduation",0,0,"Google Search Ads",0
53,7500.00,"Graduation",0,0,"Display Ads",0
53,7500.00,"Graduation",0,0,"Email",0
133,60182.00,"2n Cycle",0,0,"Email",0
133,60182.00,"2n Cycle",0,0,"SMS",0
133,60182.00,"2n Cycle",0,0,"Social Media",0
133,60182.00,"2n Cycle",0,0,"Google Search Ads",0
133,60182.00,"2n Cycle",0,0,"Display Ads",0
133,60182.00,"2n Cycle",0,0,"Email",0
58,73455.00,"Graduation",0,0,"Email",0
58,73455.00,"Graduation",0,0,"SMS",0
58,73455.00,"Graduation",0,0,"Social Media",0
58,73455.00,"Graduation",0,0,"Google Search Ads",0
58,73455.00,"Graduation",0,0,"Display Ads",0
58,73455.00,"Graduation",0,0,"Email",0
68,64961.00,"Graduation",0,0,"Email",0
68,64961.00,"Graduation",0,0,"SMS",0
68,64961.00,"Graduation",0,0,"Social Media",0
68,64961.00,"Graduation",0,0,"Google Search Ads",0
68,64961.00,"Graduation",0,0,"Display Ads",0
68,64961.00,"Graduation",0,0,"Email",0
55,22804.00,"Graduation",0,0,"Email",0
55,22804.00,"Graduation",0,0,"SMS",0
55,22804.00,"Graduation",0,0,"Social Media",0
55,22804.00,"Graduation",0,0,"Google Search Ads",0
55,22804.00,"Graduation",0,0,"Display Ads",0
55,22804.00,"Graduation",0,0,"Email",0
36,73687.00,"Graduation",0,0,"Email",0
36,73687.00,"Graduation",0,0,"SMS",0
36,73687.00,"Graduation",0,0,"Social Media",0
36,73687.00,"Graduation",0,0,"Google Search Ads",0
36,73687.00,"Graduation",0,0,"Display Ads",0
36,73687.00,"Graduation",0,0,"Email",0
68,61074.00,"Graduation",0,0,"Email",0
68,61074.00,"Graduation",0,0,"SMS",0
68,61074.00,"Graduation",0,0,"Social Media",0
68,61074.00,"Graduation",0,0,"Google Search Ads",0
68,61074.00,"Graduation",0,0,"Display Ads",0
68,61074.00,"Graduation",0,0,"Email",0
62,31686.00,"PhD",0,0,"Email",0
62,31686.00,"PhD",0,0,"SMS",0
62,31686.00,"PhD",0,0,"Social Media",0
62,31686.00,"PhD",0,0,"Google Search Ads",0
62,31686.00,"PhD",0,0,"Display Ads",0
62,31686.00,"PhD",0,0,"Email",0
54,80134.00,"Graduation",0,0,"Email",0
54,80134.00,"Graduation",0,0,"SMS",0
54,80134.00,"Graduation",0,0,"Social Media",0
54,80134.00,"Graduation",0,0,"Google Search Ads",0
54,80134.00,"Graduation",0,0,"Display Ads",0
54,80134.00,"Graduation",0,0,"Email",0
73,75027.00,"Graduation",0,0,"Email",0
73,75027.00,"Graduation",0,0,"SMS",0
73,75027.00,"Graduation",0,0,"Social Media",0
73,75027.00,"Graduation",0,0,"Google Search Ads",0
73,75027.00,"Graduation",0,0,"Display Ads",0
73,75027.00,"Graduation",0,0,"Email",0
38,67546.00,"PhD",0,0,"Email",0
38,67546.00,"PhD",0,0,"SMS",0
38,67546.00,"PhD",0,0,"Social Media",0
38,67546.00,"PhD",0,0,"Google Search Ads",0
38,67546.00,"PhD",0,0,"Display Ads",0
38,67546.00,"PhD",0,0,"Email",0
57,65176.00,"Master",0,0,"Email",0
57,65176.00,"Master",0,0,"SMS",0
57,65176.00,"Master",0,0,"Social Media",0
57,65176.00,"Master",0,0,"Google Search Ads",0
57,65176.00,"Master",0,0,"Display Ads",0
57,65176.00,"Master",0,0,"Email",0
51,31160.00,"Master",0,0,"Email",0
51,31160.00,"Master",0,0,"SMS",0
51,31160.00,"Master",0,0,"Social Media",0
51,31160.00,"Master",0,0,"Google Search Ads",0
51,31160.00,"Master",0,0,"Display Ads",0
51,31160.00,"Master",0,0,"Email",0
41,29938.00,"Graduation",0,0,"Email",0
41,29938.00,"Graduation",0,0,"SMS",0
41,29938.00,"Graduation",0,0,"Social Media",0
41,29938.00,"Graduation",0,0,"Google Search Ads",0
41,29938.00,"Graduation",0,0,"Display Ads",0
41,29938.00,"Graduation",0,0,"Email",0
52,102692.00,"Graduation",0,0,"Email",0
52,102692.00,"Graduation",0,0,"SMS",0
52,102692.00,"Graduation",0,0,"Social Media",0
52,102692.00,"Graduation",0,0,"Google Search Ads",0
52,102692.00,"Graduation",0,0,"Display Ads",0
52,102692.00,"Graduation",0,0,"Email",0
68,26490.00,"2n Cycle",0,0,"Email",0
68,26490.00,"2n Cycle",0,0,"SMS",0
68,26490.00,"2n Cycle",0,0,"Social Media",0
68,26490.00,"2n Cycle",0,0,"Google Search Ads",0
68,26490.00,"2n Cycle",0,0,"Display Ads",0
68,26490.00,"2n Cycle",0,0,"Email",0
59,75702.00,"Graduation",0,0,"Email",0
59,75702.00,"Graduation",0,0,"SMS",0
59,75702.00,"Graduation",0,0,"Social Media",0
59,75702.00,"Graduation",0,0,"Google Search Ads",0
59,75702.00,"Graduation",0,0,"Display Ads",0
59,75702.00,"Graduation",0,0,"Email",0
52,30899.00,"PhD",0,0,"Email",0
52,30899.00,"PhD",0,0,"SMS",0
52,30899.00,"PhD",0,0,"Social Media",0
52,30899.00,"PhD",0,0,"Google Search Ads",0
52,30899.00,"PhD",0,0,"Display Ads",0
52,30899.00,"PhD",0,0,"Email",0
65,63342.00,"PhD",0,0,"Email",0
65,63342.00,"PhD",0,0,"SMS",0
65,63342.00,"PhD",0,0,"Social Media",0
65,63342.00,"PhD",0,0,"Google Search Ads",0
65,63342.00,"PhD",0,0,"Display Ads",0
65,63342.00,"PhD",0,0,"Email",0
62,45989.00,"Graduation",0,0,"Email",0
62,45989.00,"Graduation",0,0,"SMS",0
62,45989.00,"Graduation",0,0,"Social Media",0
62,45989.00,"Graduation",0,0,"Google Search Ads",0
62,45989.00,"Graduation",0,0,"Display Ads",0
62,45989.00,"Graduation",0,0,"Email",0
62,18701.00,"Graduation",0,0,"Email",0
62,18701.00,"Graduation",0,0,"SMS",0
62,18701.00,"Graduation",0,0,"Social Media",0
62,18701.00,"Graduation",0,0,"Google Search Ads",0
62,18701.00,"Graduation",0,0,"Display Ads",0
62,18701.00,"Graduation",0,0,"Email",0
69,40737.00,"PhD",0,0,"Email",0
69,40737.00,"PhD",0,0,"SMS",0
69,40737.00,"PhD",0,0,"Social Media",0
69,40737.00,"PhD",0,0,"Google Search Ads",0
69,40737.00,"PhD",0,0,"Display Ads",0
69,40737.00,"PhD",0,0,"Email",0
47,15287.00,"Graduation",0,0,"Email",0
47,15287.00,"Graduation",0,0,"SMS",0
47,15287.00,"Graduation",0,0,"Social Media",0
47,15287.00,"Graduation",0,0,"Google Search Ads",0
47,15287.00,"Graduation",0,0,"Display Ads",0
47,15287.00,"Graduation",0,0,"Email",0
58,69674.00,"PhD",0,0,"Email",0
58,69674.00,"PhD",0,0,"SMS",0
58,69674.00,"PhD",0,0,"Social Media",0
58,69674.00,"PhD",0,0,"Google Search Ads",0
58,69674.00,"PhD",0,0,"Display Ads",0
58,69674.00,"PhD",0,0,"Email",0
56,44159.00,"Master",0,0,"Email",0
56,44159.00,"Master",0,0,"SMS",0
56,44159.00,"Master",0,0,"Social Media",0
56,44159.00,"Master",0,0,"Google Search Ads",0
56,44159.00,"Master",0,0,"Display Ads",0
56,44159.00,"Master",0,0,"Email",0
48,37717.00,"PhD",0,0,"Email",0
48,37717.00,"PhD",0,0,"SMS",0
48,37717.00,"PhD",0,0,"Social Media",0
48,37717.00,"PhD",0,0,"Google Search Ads",0
48,37717.00,"PhD",0,0,"Display Ads",0
48,37717.00,"PhD",0,0,"Email",0
74,43776.00,"Master",0,0,"Email",0
74,43776.00,"Master",0,0,"SMS",0
74,43776.00,"Master",0,0,"Social Media",0
74,43776.00,"Master",0,0,"Google Search Ads",0
74,43776.00,"Master",0,0,"Display Ads",0
74,43776.00,"Master",0,0,"Email",0
60,38179.00,"Master",0,0,"Email",0
60,38179.00,"Master",0,0,"SMS",0
60,38179.00,"Master",0,0,"Social Media",0
60,38179.00,"Master",0,0,"Google Search Ads",0
60,38179.00,"Master",0,0,"Display Ads",0
60,38179.00,"Master",0,0,"Email",0
63,80124.00,"Graduation",0,0,"Email",0
63,80124.00,"Graduation",0,0,"SMS",0
63,80124.00,"Graduation",0,0,"Social Media",0
63,80124.00,"Graduation",0,0,"Google Search Ads",0
63,80124.00,"Graduation",0,0,"Display Ads",0
63,80124.00,"Graduation",0,0,"Email",0
56,38097.00,"PhD",0,0,"Email",0
56,38097.00,"PhD",0,0,"SMS",0
56,38097.00,"PhD",0,0,"Social Media",0
56,38097.00,"PhD",0,0,"Google Search Ads",0
56,38097.00,"PhD",0,0,"Display Ads",0
56,38097.00,"PhD",0,0,"Email",0
56,72940.00,"Graduation",0,0,"Email",0
56,72940.00,"Graduation",0,0,"SMS",0
56,72940.00,"Graduation",0,0,"Social Media",0
56,72940.00,"Graduation",0,0,"Google Search Ads",0
56,72940.00,"Graduation",0,0,"Display Ads",0
56,72940.00,"Graduation",0,0,"Email",0
56,22070.00,"Graduation",0,0,"Email",0
56,22070.00,"Graduation",0,0,"SMS",0
56,22070.00,"Graduation",0,0,"Social Media",0
56,22070.00,"Graduation",0,0,"Google Search Ads",0
56,22070.00,"Graduation",0,0,"Display Ads",0
56,22070.00,"Graduation",0,0,"Email",0
73,69267.00,"Graduation",0,0,"Email",0
73,69267.00,"Graduation",0,0,"SMS",0
73,69267.00,"Graduation",0,0,"Social Media",0
73,69267.00,"Graduation",0,0,"Google Search Ads",0
73,69267.00,"Graduation",0,0,"Display Ads",0
73,69267.00,"Graduation",0,0,"Email",0
43,31788.00,"Master",0,0,"Email",0
43,31788.00,"Master",0,0,"SMS",0
43,31788.00,"Master",0,0,"Social Media",0
43,31788.00,"Master",0,0,"Google Search Ads",0
43,31788.00,"Master",0,0,"Display Ads",0
43,31788.00,"Master",0,0,"Email",0
51,61905.00,"PhD",0,0,"Email",0
51,61905.00,"PhD",0,0,"SMS",0
51,61905.00,"PhD",0,0,"Social Media",0
51,61905.00,"PhD",0,0,"Google Search Ads",0
51,61905.00,"PhD",0,0,"Display Ads",0
51,61905.00,"PhD",0,0,"Email",0
66,29315.00,"Graduation",0,0,"Email",0
66,29315.00,"Graduation",0,0,"SMS",0
66,29315.00,"Graduation",0,0,"Social Media",0
66,29315.00,"Graduation",0,0,"Google Search Ads",0
66,29315.00,"Graduation",0,0,"Display Ads",0
66,29315.00,"Graduation",0,0,"Email",0
63,33378.00,"Graduation",0,0,"Email",0
63,33378.00,"Graduation",0,0,"SMS",0
63,33378.00,"Graduation",0,0,"Social Media",0
63,33378.00,"Graduation",0,0,"Google Search Ads",0
63,33378.00,"Graduation",0,0,"Display Ads",0
63,33378.00,"Graduation",0,0,"Email",0
63,66313.00,"PhD",0,0,"Email",0
63,66313.00,"PhD",0,0,"SMS",0
63,66313.00,"PhD",0,0,"Social Media",0
63,66313.00,"PhD",0,0,"Google Search Ads",0
63,66313.00,"PhD",0,0,"Display Ads",0
63,66313.00,"PhD",0,0,"Email",0
70,60714.00,"Graduation",0,0,"Email",0
70,60714.00,"Graduation",0,0,"SMS",0
70,60714.00,"Graduation",0,0,"Social Media",0
70,60714.00,"Graduation",0,0,"Google Search Ads",0
70,60714.00,"Graduation",0,0,"Display Ads",0
70,60714.00,"Graduation",0,0,"Email",0
45,77882.00,"Master",0,0,"Email",0
45,77882.00,"Master",0,0,"SMS",0
45,77882.00,"Master",0,0,"Social Media",0
45,77882.00,"Master",0,0,"Google Search Ads",0
45,77882.00,"Master",0,0,"Display Ads",0
45,77882.00,"Master",0,0,"Email",0
40,69867.00,"PhD",0,0,"Email",0
40,69867.00,"PhD",0,0,"SMS",0
40,69867.00,"PhD",0,0,"Social Media",0
40,69867.00,"PhD",0,0,"Google Search Ads",0
40,69867.00,"PhD",0,0,"Display Ads",0
40,69867.00,"PhD",0,0,"Email",0
58,63841.00,"Master",0,0,"Email",0
58,63841.00,"Master",0,0,"SMS",0
58,63841.00,"Master",0,0,"Social Media",0
58,63841.00,"Master",0,0,"Google Search Ads",0
58,63841.00,"Master",0,0,"Display Ads",0
58,63841.00,"Master",0,0,"Email",0
45,24480.00,"Basic",0,0,"Email",0
45,24480.00,"Basic",0,0,"SMS",0
45,24480.00,"Basic",0,0,"Social Media",0
45,24480.00,"Basic",0,0,"Google Search Ads",0
45,24480.00,"Basic",0,0,"Display Ads",0
45,24480.00,"Basic",0,0,"Email",0
50,51369.00,"Graduation",0,0,"Email",0
50,51369.00,"Graduation",0,0,"SMS",0
50,51369.00,"Graduation",0,0,"Social Media",0
50,51369.00,"Graduation",0,0,"Google Search Ads",0
50,51369.00,"Graduation",0,0,"Display Ads",0
50,51369.00,"Graduation",0,0,"Email",0
80,37760.00,"Graduation",0,0,"Email",0
80,37760.00,"Graduation",0,0,"SMS",0
80,37760.00,"Graduation",0,0,"Social Media",0
80,37760.00,"Graduation",0,0,"Google Search Ads",0
80,37760.00,"Graduation",0,0,"Display Ads",0
80,37760.00,"Graduation",0,0,"Email",0
52,65640.00,"PhD",0,0,"Email",0
52,65640.00,"PhD",0,0,"SMS",0
52,65640.00,"PhD",0,0,"Social Media",0
52,65640.00,"PhD",0,0,"Google Search Ads",0
52,65640.00,"PhD",0,0,"Display Ads",0
52,65640.00,"PhD",0,0,"Email",0
51,44319.00,"Master",0,0,"Email",0
51,44319.00,"Master",0,0,"SMS",0
51,44319.00,"Master",0,0,"Social Media",0
51,44319.00,"Master",0,0,"Google Search Ads",0
51,44319.00,"Master",0,0,"Display Ads",0
51,44319.00,"Master",0,0,"Email",0
52,30631.00,"Graduation",0,0,"Email",0
52,30631.00,"Graduation",0,0,"SMS",0
52,30631.00,"Graduation",0,0,"Social Media",0
52,30631.00,"Graduation",0,0,"Google Search Ads",0
52,30631.00,"Graduation",0,0,"Display Ads",0
52,30631.00,"Graduation",0,0,"Email",0
74,75278.00,"Graduation",0,0,"Email",0
74,75278.00,"Graduation",0,0,"SMS",0
74,75278.00,"Graduation",0,0,"Social Media",0
74,75278.00,"Graduation",0,0,"Google Search Ads",0
74,75278.00,"Graduation",0,0,"Display Ads",0
74,75278.00,"Graduation",0,0,"Email",0
70,50898.00,"Master",0,0,"Email",0
70,50898.00,"Master",0,0,"SMS",0
70,50898.00,"Master",0,0,"Social Media",0
70,50898.00,"Master",0,0,"Google Search Ads",0
70,50898.00,"Master",0,0,"Display Ads",0
70,50898.00,"Master",0,0,"Email",0
60,79946.00,"Graduation",0,0,"Email",0
60,79946.00,"Graduation",0,0,"SMS",0
60,79946.00,"Graduation",0,0,"Social Media",0
60,79946.00,"Graduation",0,0,"Google Search Ads",0
60,79946.00,"Graduation",0,0,"Display Ads",0
60,79946.00,"Graduation",0,0,"Email",0
77,35416.00,"Master",0,0,"Email",0
77,35416.00,"Master",0,0,"SMS",0
77,35416.00,"Master",0,0,"Social Media",0
77,35416.00,"Master",0,0,"Google Search Ads",0
77,35416.00,"Master",0,0,"Display Ads",0
77,35416.00,"Master",0,0,"Email",0
42,32414.00,"2n Cycle",0,0,"Email",0
42,32414.00,"2n Cycle",0,0,"SMS",0
42,32414.00,"2n Cycle",0,0,"Social Media",0
42,32414.00,"2n Cycle",0,0,"Google Search Ads",0
42,32414.00,"2n Cycle",0,0,"Display Ads",0
42,32414.00,"2n Cycle",0,0,"Email",0
57,38361.00,"Graduation",0,0,"Email",0
57,38361.00,"Graduation",0,0,"SMS",0
57,38361.00,"Graduation",0,0,"Social Media",0
57,38361.00,"Graduation",0,0,"Google Search Ads",0
57,38361.00,"Graduation",0,0,"Display Ads",0
57,38361.00,"Graduation",0,0,"Email",0
46,82497.00,"Graduation",0,0,"Email",0
46,82497.00,"Graduation",0,0,"SMS",0
46,82497.00,"Graduation",0,0,"Social Media",0
46,82497.00,"Graduation",0,0,"Google Search Ads",0
46,82497.00,"Graduation",0,0,"Display Ads",0
46,82497.00,"Graduation",0,0,"Email",0
55,16626.00,"Graduation",0,0,"Email",0
55,16626.00,"Graduation",0,0,"SMS",0
55,16626.00,"Graduation",0,0,"Social Media",0
55,16626.00,"Graduation",0,0,"Google Search Ads",0
55,16626.00,"Graduation",0,0,"Display Ads",0
55,16626.00,"Graduation",0,0,"Email",0
61,29672.00,"Graduation",0,0,"Email",0
61,29672.00,"Graduation",0,0,"SMS",0
61,29672.00,"Graduation",0,0,"Social Media",0
61,29672.00,"Graduation",0,0,"Google Search Ads",0
61,29672.00,"Graduation",0,0,"Display Ads",0
61,29672.00,"Graduation",0,0,"Email",0
74,55951.00,"Master",0,0,"Email",0
74,55951.00,"Master",0,0,"SMS",0
74,55951.00,"Master",0,0,"Social Media",0
74,55951.00,"Master",0,0,"Google Search Ads",0
74,55951.00,"Master",0,0,"Display Ads",0
74,55951.00,"Master",0,0,"Email",0
38,35388.00,"2n Cycle",0,0,"Email",0
38,35388.00,"2n Cycle",0,0,"SMS",0
38,35388.00,"2n Cycle",0,0,"Social Media",0
38,35388.00,"2n Cycle",0,0,"Google Search Ads",0
38,35388.00,"2n Cycle",0,0,"Display Ads",0
38,35388.00,"2n Cycle",0,0,"Email",0
40,42386.00,"Master",0,0,"Email",0
40,42386.00,"Master",0,0,"SMS",0
40,42386.00,"Master",0,0,"Social Media",0
40,42386.00,"Master",0,0,"Google Search Ads",0
40,42386.00,"Master",0,0,"Display Ads",0
40,42386.00,"Master",0,0,"Email",0
44,68627.00,"Graduation",0,0,"Email",0
44,68627.00,"Graduation",0,0,"SMS",0
44,68627.00,"Graduation",0,0,"Social Media",0
44,68627.00,"Graduation",0,0,"Google Search Ads",0
44,68627.00,"Graduation",0,0,"Display Ads",0
44,68627.00,"Graduation",0,0,"Email",0
61,57912.00,"PhD",0,0,"Email",0
61,57912.00,"PhD",0,0,"SMS",0
61,57912.00,"PhD",0,0,"Social Media",0
61,57912.00,"PhD",0,0,"Google Search Ads",0
61,57912.00,"PhD",0,0,"Display Ads",0
61,57912.00,"PhD",0,0,"Email",0
68,35246.00,"Graduation",0,0,"Email",0
68,35246.00,"Graduation",0,0,"SMS",0
68,35246.00,"Graduation",0,0,"Social Media",0
68,35246.00,"Graduation",0,0,"Google Search Ads",0
68,35246.00,"Graduation",0,0,"Display Ads",0
68,35246.00,"Graduation",0,0,"Email",0
70,58821.00,"2n Cycle",0,0,"Email",0
70,58821.00,"2n Cycle",0,0,"SMS",0
70,58821.00,"2n Cycle",0,0,"Social Media",0
70,58821.00,"2n Cycle",0,0,"Google Search Ads",0
70,58821.00,"2n Cycle",0,0,"Display Ads",0
70,58821.00,"2n Cycle",0,0,"Email",0
48,46377.00,"PhD",0,0,"Email",0
48,46377.00,"PhD",0,0,"SMS",0
48,46377.00,"PhD",0,0,"Social Media",0
48,46377.00,"PhD",0,0,"Google Search Ads",0
48,46377.00,"PhD",0,0,"Display Ads",0
48,46377.00,"PhD",0,0,"Email",0
38,39747.00,"Graduation",0,0,"Email",0
38,39747.00,"Graduation",0,0,"SMS",0
38,39747.00,"Graduation",0,0,"Social Media",0
38,39747.00,"Graduation",0,0,"Google Search Ads",0
38,39747.00,"Graduation",0,0,"Display Ads",0
38,39747.00,"Graduation",0,0,"Email",0
42,23976.00,"Graduation",0,0,"Email",0
42,23976.00,"Graduation",0,0,"SMS",0
42,23976.00,"Graduation",0,0,"Social Media",0
42,23976.00,"Graduation",0,0,"Google Search Ads",0
42,23976.00,"Graduation",0,0,"Display Ads",0
42,23976.00,"Graduation",0,0,"Email",0
65,80950.00,"Master",0,0,"Email",0
65,80950.00,"Master",0,0,"SMS",0
65,80950.00,"Master",0,0,"Social Media",0
65,80950.00,"Master",0,0,"Google Search Ads",0
65,80950.00,"Master",0,0,"Display Ads",0
65,80950.00,"Master",0,0,"Email",0
60,27038.00,"Graduation",0,0,"Email",0
60,27038.00,"Graduation",0,0,"SMS",0
60,27038.00,"Graduation",0,0,"Social Media",0
60,27038.00,"Graduation",0,0,"Google Search Ads",0
60,27038.00,"Graduation",0,0,"Display Ads",0
60,27038.00,"Graduation",0,0,"Email",0
79,77457.00,"Graduation",0,0,"Email",0
79,77457.00,"Graduation",0,0,"SMS",0
79,77457.00,"Graduation",0,0,"Social Media",0
79,77457.00,"Graduation",0,0,"Google Search Ads",0
79,77457.00,"Graduation",0,0,"Display Ads",0
79,77457.00,"Graduation",0,0,"Email",0
62,64100.00,"Master",0,0,"Email",0
62,64100.00,"Master",0,0,"SMS",0
62,64100.00,"Master",0,0,"Social Media",0
62,64100.00,"Master",0,0,"Google Search Ads",0
62,64100.00,"Master",0,0,"Display Ads",0
62,64100.00,"Master",0,0,"Email",0
34,42670.00,"Master",0,0,"Email",0
34,42670.00,"Master",0,0,"SMS",0
34,42670.00,"Master",0,0,"Social Media",0
34,42670.00,"Master",0,0,"Google Search Ads",0
34,42670.00,"Master",0,0,"Display Ads",0
34,42670.00,"Master",0,0,"Email",0
50,12571.00,"Graduation",0,0,"Email",0
50,12571.00,"Graduation",0,0,"SMS",0
50,12571.00,"Graduation",0,0,"Social Media",0
50,12571.00,"Graduation",0,0,"Google Search Ads",0
50,12571.00,"Graduation",0,0,"Display Ads",0
50,12571.00,"Graduation",0,0,"Email",0
59,22574.00,"Graduation",0,0,"Email",0
59,22574.00,"Graduation",0,0,"SMS",0
59,22574.00,"Graduation",0,0,"Social Media",0
59,22574.00,"Graduation",0,0,"Google Search Ads",0
59,22574.00,"Graduation",0,0,"Display Ads",0
59,22574.00,"Graduation",0,0,"Email",0
37,0.00,"Graduation",0,0,"Email",0
37,0.00,"Graduation",0,0,"SMS",0
37,0.00,"Graduation",0,0,"Social Media",0
37,0.00,"Graduation",0,0,"Google Search Ads",0
37,0.00,"Graduation",0,0,"Display Ads",0
37,0.00,"Graduation",0,0,"Email",0
50,70893.00,"Master",0,0,"Email",0
50,70893.00,"Master",0,0,"SMS",0
50,70893.00,"Master",0,0,"Social Media",0
50,70893.00,"Master",0,0,"Google Search Ads",0
50,70893.00,"Master",0,0,"Display Ads",0
50,70893.00,"Master",0,0,"Email",0
60,54198.00,"Graduation",0,0,"Email",0
60,54198.00,"Graduation",0,0,"SMS",0
60,54198.00,"Graduation",0,0,"Social Media",0
60,54198.00,"Graduation",0,0,"Google Search Ads",0
60,54198.00,"Graduation",0,0,"Display Ads",0
60,54198.00,"Graduation",0,0,"Email",0
70,28839.00,"Master",0,0,"Email",0
70,28839.00,"Master",0,0,"SMS",0
70,28839.00,"Master",0,0,"Social Media",0
70,28839.00,"Master",0,0,"Google Search Ads",0
70,28839.00,"Master",0,0,"Display Ads",0
70,28839.00,"Master",0,0,"Email",0
54,40321.00,"Graduation",0,0,"Email",0
54,40321.00,"Graduation",0,0,"SMS",0
54,40321.00,"Graduation",0,0,"Social Media",0
54,40321.00,"Graduation",0,0,"Google Search Ads",0
54,40321.00,"Graduation",0,0,"Display Ads",0
54,40321.00,"Graduation",0,0,"Email",0
41,66503.00,"Graduation",0,0,"Email",0
41,66503.00,"Graduation",0,0,"SMS",0
41,66503.00,"Graduation",0,0,"Social Media",0
41,66503.00,"Graduation",0,0,"Google Search Ads",0
41,66503.00,"Graduation",0,0,"Display Ads",0
41,66503.00,"Graduation",0,0,"Email",0
75,30833.00,"Graduation",0,0,"Email",0
75,30833.00,"Graduation",0,0,"SMS",0
75,30833.00,"Graduation",0,0,"Social Media",0
75,30833.00,"Graduation",0,0,"Google Search Ads",0
75,30833.00,"Graduation",0,0,"Display Ads",0
75,30833.00,"Graduation",0,0,"Email",0
56,0.00,"Graduation",0,0,"Email",0
56,0.00,"Graduation",0,0,"SMS",0
56,0.00,"Graduation",0,0,"Social Media",0
56,0.00,"Graduation",0,0,"Google Search Ads",0
56,0.00,"Graduation",0,0,"Display Ads",0
56,0.00,"Graduation",0,0,"Email",0
55,64795.00,"Graduation",0,0,"Email",0
55,64795.00,"Graduation",0,0,"SMS",0
55,64795.00,"Graduation",0,0,"Social Media",0
55,64795.00,"Graduation",0,0,"Google Search Ads",0
55,64795.00,"Graduation",0,0,"Display Ads",0
55,64795.00,"Graduation",0,0,"Email",0
52,34421.00,"Graduation",0,0,"Email",0
52,34421.00,"Graduation",0,0,"SMS",0
52,34421.00,"Graduation",0,0,"Social Media",0
52,34421.00,"Graduation",0,0,"Google Search Ads",0
52,34421.00,"Graduation",0,0,"Display Ads",0
52,34421.00,"Graduation",0,0,"Email",0
61,47025.00,"PhD",0,0,"Email",0
61,47025.00,"PhD",0,0,"SMS",0
61,47025.00,"PhD",0,0,"Social Media",0
61,47025.00,"PhD",0,0,"Google Search Ads",0
61,47025.00,"PhD",0,0,"Display Ads",0
61,47025.00,"PhD",0,0,"Email",0
65,64325.00,"PhD",0,0,"Email",0
65,64325.00,"PhD",0,0,"SMS",0
65,64325.00,"PhD",0,0,"Social Media",0
65,64325.00,"PhD",0,0,"Google Search Ads",0
65,64325.00,"PhD",0,0,"Display Ads",0
65,64325.00,"PhD",0,0,"Email",0
73,40464.00,"Graduation",0,0,"Email",0
73,40464.00,"Graduation",0,0,"SMS",0
73,40464.00,"Graduation",0,0,"Social Media",0
73,40464.00,"Graduation",0,0,"Google Search Ads",0
73,40464.00,"Graduation",0,0,"Display Ads",0
73,40464.00,"Graduation",0,0,"Email",0
69,62187.00,"Graduation",0,0,"Email",0
69,62187.00,"Graduation",0,0,"SMS",0
69,62187.00,"Graduation",0,0,"Social Media",0
69,62187.00,"Graduation",0,0,"Google Search Ads",0
69,62187.00,"Graduation",0,0,"Display Ads",0
69,62187.00,"Graduation",0,0,"Email",0
50,14849.00,"PhD",0,0,"Email",0
50,14849.00,"PhD",0,0,"SMS",0
50,14849.00,"PhD",0,0,"Social Media",0
50,14849.00,"PhD",0,0,"Google Search Ads",0
50,14849.00,"PhD",0,0,"Display Ads",0
50,14849.00,"PhD",0,0,"Email",0
42,27255.00,"Graduation",0,0,"Email",0
42,27255.00,"Graduation",0,0,"SMS",0
42,27255.00,"Graduation",0,0,"Social Media",0
42,27255.00,"Graduation",0,0,"Google Search Ads",0
42,27255.00,"Graduation",0,0,"Display Ads",0
42,27255.00,"Graduation",0,0,"Email",0
76,54432.00,"PhD",0,0,"Email",0
76,54432.00,"PhD",0,0,"SMS",0
76,54432.00,"PhD",0,0,"Social Media",0
76,54432.00,"PhD",0,0,"Google Search Ads",0
76,54432.00,"PhD",0,0,"Display Ads",0
76,54432.00,"PhD",0,0,"Email",0
40,29999.00,"PhD",0,0,"Email",0
40,29999.00,"PhD",0,0,"SMS",0
40,29999.00,"PhD",0,0,"Social Media",0
40,29999.00,"PhD",0,0,"Google Search Ads",0
40,29999.00,"PhD",0,0,"Display Ads",0
40,29999.00,"PhD",0,0,"Email",0
43,24072.00,"Graduation",0,0,"Email",0
43,24072.00,"Graduation",0,0,"SMS",0
43,24072.00,"Graduation",0,0,"Social Media",0
43,24072.00,"Graduation",0,0,"Google Search Ads",0
43,24072.00,"Graduation",0,0,"Display Ads",0
43,24072.00,"Graduation",0,0,"Email",0
37,33996.00,"PhD",0,0,"Email",0
37,33996.00,"PhD",0,0,"SMS",0
37,33996.00,"PhD",0,0,"Social Media",0
37,33996.00,"PhD",0,0,"Google Search Ads",0
37,33996.00,"PhD",0,0,"Display Ads",0
37,33996.00,"PhD",0,0,"Email",0
70,66334.00,"PhD",0,0,"Email",0
70,66334.00,"PhD",0,0,"SMS",0
70,66334.00,"PhD",0,0,"Social Media",0
70,66334.00,"PhD",0,0,"Google Search Ads",0
70,66334.00,"PhD",0,0,"Display Ads",0
70,66334.00,"PhD",0,0,"Email",0
55,35178.00,"Master",0,0,"Email",0
55,35178.00,"Master",0,0,"SMS",0
55,35178.00,"Master",0,0,"Social Media",0
55,35178.00,"Master",0,0,"Google Search Ads",0
55,35178.00,"Master",0,0,"Display Ads",0
55,35178.00,"Master",0,0,"Email",0
43,22010.00,"Graduation",0,0,"Email",0
43,22010.00,"Graduation",0,0,"SMS",0
43,22010.00,"Graduation",0,0,"Social Media",0
43,22010.00,"Graduation",0,0,"Google Search Ads",0
43,22010.00,"Graduation",0,0,"Display Ads",0
43,22010.00,"Graduation",0,0,"Email",0
66,62204.00,"Graduation",0,0,"Email",0
66,62204.00,"Graduation",0,0,"SMS",0
66,62204.00,"Graduation",0,0,"Social Media",0
66,62204.00,"Graduation",0,0,"Google Search Ads",0
66,62204.00,"Graduation",0,0,"Display Ads",0
66,62204.00,"Graduation",0,0,"Email",0
58,75693.00,"Graduation",0,0,"Email",0
58,75693.00,"Graduation",0,0,"SMS",0
58,75693.00,"Graduation",0,0,"Social Media",0
58,75693.00,"Graduation",0,0,"Google Search Ads",0
58,75693.00,"Graduation",0,0,"Display Ads",0
58,75693.00,"Graduation",0,0,"Email",0
54,30675.00,"Graduation",0,0,"Email",0
54,30675.00,"Graduation",0,0,"SMS",0
54,30675.00,"Graduation",0,0,"Social Media",0
54,30675.00,"Graduation",0,0,"Google Search Ads",0
54,30675.00,"Graduation",0,0,"Display Ads",0
54,30675.00,"Graduation",0,0,"Email",0
61,83003.00,"Graduation",0,0,"Email",0
61,83003.00,"Graduation",0,0,"SMS",0
61,83003.00,"Graduation",0,0,"Social Media",0
61,83003.00,"Graduation",0,0,"Google Search Ads",0
61,83003.00,"Graduation",0,0,"Display Ads",0
61,83003.00,"Graduation",0,0,"Email",0
127,83532.00,"PhD",0,0,"Email",0
127,83532.00,"PhD",0,0,"SMS",0
127,83532.00,"PhD",0,0,"Social Media",0
127,83532.00,"PhD",0,0,"Google Search Ads",0
127,83532.00,"PhD",0,0,"Display Ads",0
127,83532.00,"PhD",0,0,"Email",0
38,68655.00,"Graduation",0,0,"Email",0
38,68655.00,"Graduation",0,0,"SMS",0
38,68655.00,"Graduation",0,0,"Social Media",0
38,68655.00,"Graduation",0,0,"Google Search Ads",0
38,68655.00,"Graduation",0,0,"Display Ads",0
38,68655.00,"Graduation",0,0,"Email",0
40,41411.00,"Graduation",0,0,"Email",0
40,41411.00,"Graduation",0,0,"SMS",0
40,41411.00,"Graduation",0,0,"Social Media",0
40,41411.00,"Graduation",0,0,"Google Search Ads",0
40,41411.00,"Graduation",0,0,"Display Ads",0
40,41411.00,"Graduation",0,0,"Email",0
57,55212.00,"PhD",0,0,"Email",0
57,55212.00,"PhD",0,0,"SMS",0
57,55212.00,"PhD",0,0,"Social Media",0
57,55212.00,"PhD",0,0,"Google Search Ads",0
57,55212.00,"PhD",0,0,"Display Ads",0
57,55212.00,"PhD",0,0,"Email",0
76,59292.00,"PhD",0,0,"Email",0
76,59292.00,"PhD",0,0,"SMS",0
76,59292.00,"PhD",0,0,"Social Media",0
76,59292.00,"PhD",0,0,"Google Search Ads",0
76,59292.00,"PhD",0,0,"Display Ads",0
76,59292.00,"PhD",0,0,"Email",0
53,27190.00,"Basic",0,0,"Email",0
53,27190.00,"Basic",0,0,"SMS",0
53,27190.00,"Basic",0,0,"Social Media",0
53,27190.00,"Basic",0,0,"Google Search Ads",0
53,27190.00,"Basic",0,0,"Display Ads",0
53,27190.00,"Basic",0,0,"Email",0
74,82623.00,"Graduation",0,0,"Email",0
74,82623.00,"Graduation",0,0,"SMS",0
74,82623.00,"Graduation",0,0,"Social Media",0
74,82623.00,"Graduation",0,0,"Google Search Ads",0
74,82623.00,"Graduation",0,0,"Display Ads",0
74,82623.00,"Graduation",0,0,"Email",0
61,44300.00,"Graduation",0,0,"Email",0
61,44300.00,"Graduation",0,0,"SMS",0
61,44300.00,"Graduation",0,0,"Social Media",0
61,44300.00,"Graduation",0,0,"Google Search Ads",0
61,44300.00,"Graduation",0,0,"Display Ads",0
61,44300.00,"Graduation",0,0,"Email",0
56,84835.00,"Graduation",0,0,"Email",0
56,84835.00,"Graduation",0,0,"SMS",0
56,84835.00,"Graduation",0,0,"Social Media",0
56,84835.00,"Graduation",0,0,"Google Search Ads",0
56,84835.00,"Graduation",0,0,"Display Ads",0
56,84835.00,"Graduation",0,0,"Email",0
55,30372.00,"Graduation",0,0,"Email",0
55,30372.00,"Graduation",0,0,"SMS",0
55,30372.00,"Graduation",0,0,"Social Media",0
55,30372.00,"Graduation",0,0,"Google Search Ads",0
55,30372.00,"Graduation",0,0,"Display Ads",0
55,30372.00,"Graduation",0,0,"Email",0
50,33181.00,"Master",0,0,"Email",0
50,33181.00,"Master",0,0,"SMS",0
50,33181.00,"Master",0,0,"Social Media",0
50,33181.00,"Master",0,0,"Google Search Ads",0
50,33181.00,"Master",0,0,"Display Ads",0
50,33181.00,"Master",0,0,"Email",0
69,71113.00,"Graduation",0,0,"Email",0
69,71113.00,"Graduation",0,0,"SMS",0
69,71113.00,"Graduation",0,0,"Social Media",0
69,71113.00,"Graduation",0,0,"Google Search Ads",0
69,71113.00,"Graduation",0,0,"Display Ads",0
69,71113.00,"Graduation",0,0,"Email",0
40,71952.00,"Graduation",0,0,"Email",0
40,71952.00,"Graduation",0,0,"SMS",0
40,71952.00,"Graduation",0,0,"Social Media",0
40,71952.00,"Graduation",0,0,"Google Search Ads",0
40,71952.00,"Graduation",0,0,"Display Ads",0
40,71952.00,"Graduation",0,0,"Email",0
60,69759.00,"PhD",0,0,"Email",0
60,69759.00,"PhD",0,0,"SMS",0
60,69759.00,"PhD",0,0,"Social Media",0
60,69759.00,"PhD",0,0,"Google Search Ads",0
60,69759.00,"PhD",0,0,"Display Ads",0
60,69759.00,"PhD",0,0,"Email",0
52,72099.00,"Graduation",0,0,"Email",0
52,72099.00,"Graduation",0,0,"SMS",0
52,72099.00,"Graduation",0,0,"Social Media",0
52,72099.00,"Graduation",0,0,"Google Search Ads",0
52,72099.00,"Graduation",0,0,"Display Ads",0
52,72099.00,"Graduation",0,0,"Email",0
50,60000.00,"PhD",0,0,"Email",0
50,60000.00,"PhD",0,0,"SMS",0
50,60000.00,"PhD",0,0,"Social Media",0
50,60000.00,"PhD",0,0,"Google Search Ads",0
50,60000.00,"PhD",0,0,"Display Ads",0
50,60000.00,"PhD",0,0,"Email",0
48,38643.00,"Graduation",0,0,"Email",0
48,38643.00,"Graduation",0,0,"SMS",0
48,38643.00,"Graduation",0,0,"Social Media",0
48,38643.00,"Graduation",0,0,"Google Search Ads",0
48,38643.00,"Graduation",0,0,"Display Ads",0
48,38643.00,"Graduation",0,0,"Email",0
71,50737.00,"Graduation",0,0,"Email",0
71,50737.00,"Graduation",0,0,"SMS",0
71,50737.00,"Graduation",0,0,"Social Media",0
71,50737.00,"Graduation",0,0,"Google Search Ads",0
71,50737.00,"Graduation",0,0,"Display Ads",0
71,50737.00,"Graduation",0,0,"Email",0
57,68462.00,"PhD",0,0,"Email",0
57,68462.00,"PhD",0,0,"SMS",0
57,68462.00,"PhD",0,0,"Social Media",0
57,68462.00,"PhD",0,0,"Google Search Ads",0
57,68462.00,"PhD",0,0,"Display Ads",0
57,68462.00,"PhD",0,0,"Email",0
83,65073.00,"Master",0,0,"Email",0
83,65073.00,"Master",0,0,"SMS",0
83,65073.00,"Master",0,0,"Social Media",0
83,65073.00,"Master",0,0,"Google Search Ads",0
83,65073.00,"Master",0,0,"Display Ads",0
83,65073.00,"Master",0,0,"Email",0
78,46681.00,"PhD",0,0,"Email",0
78,46681.00,"PhD",0,0,"SMS",0
78,46681.00,"PhD",0,0,"Social Media",0
78,46681.00,"PhD",0,0,"Google Search Ads",0
78,46681.00,"PhD",0,0,"Display Ads",0
78,46681.00,"PhD",0,0,"Email",0
69,78618.00,"Graduation",0,0,"Email",0
69,78618.00,"Graduation",0,0,"SMS",0
69,78618.00,"Graduation",0,0,"Social Media",0
69,78618.00,"Graduation",0,0,"Google Search Ads",0
69,78618.00,"Graduation",0,0,"Display Ads",0
69,78618.00,"Graduation",0,0,"Email",0
57,62187.00,"PhD",0,0,"Email",0
57,62187.00,"PhD",0,0,"SMS",0
57,62187.00,"PhD",0,0,"Social Media",0
57,62187.00,"PhD",0,0,"Google Search Ads",0
57,62187.00,"PhD",0,0,"Display Ads",0
57,62187.00,"PhD",0,0,"Email",0
48,28442.00,"Graduation",0,0,"Email",0
48,28442.00,"Graduation",0,0,"SMS",0
48,28442.00,"Graduation",0,0,"Social Media",0
48,28442.00,"Graduation",0,0,"Google Search Ads",0
48,28442.00,"Graduation",0,0,"Display Ads",0
48,28442.00,"Graduation",0,0,"Email",0
48,37717.00,"PhD",0,0,"Email",0
48,37717.00,"PhD",0,0,"SMS",0
48,37717.00,"PhD",0,0,"Social Media",0
48,37717.00,"PhD",0,0,"Google Search Ads",0
48,37717.00,"PhD",0,0,"Display Ads",0
48,37717.00,"PhD",0,0,"Email",0
59,51479.00,"Graduation",0,0,"Email",0
59,51479.00,"Graduation",0,0,"SMS",0
59,51479.00,"Graduation",0,0,"Social Media",0
59,51479.00,"Graduation",0,0,"Google Search Ads",0
59,51479.00,"Graduation",0,0,"Display Ads",0
59,51479.00,"Graduation",0,0,"Email",0
57,54803.00,"Graduation",0,0,"Email",0
57,54803.00,"Graduation",0,0,"SMS",0
57,54803.00,"Graduation",0,0,"Social Media",0
57,54803.00,"Graduation",0,0,"Google Search Ads",0
57,54803.00,"Graduation",0,0,"Display Ads",0
57,54803.00,"Graduation",0,0,"Email",0
66,79530.00,"Graduation",0,0,"Email",0
66,79530.00,"Graduation",0,0,"SMS",0
66,79530.00,"Graduation",0,0,"Social Media",0
66,79530.00,"Graduation",0,0,"Google Search Ads",0
66,79530.00,"Graduation",0,0,"Display Ads",0
66,79530.00,"Graduation",0,0,"Email",0
50,31615.00,"Graduation",0,0,"Email",0
50,31615.00,"Graduation",0,0,"SMS",0
50,31615.00,"Graduation",0,0,"Social Media",0
50,31615.00,"Graduation",0,0,"Google Search Ads",0
50,31615.00,"Graduation",0,0,"Display Ads",0
50,31615.00,"Graduation",0,0,"Email",0
64,72025.00,"Graduation",0,0,"Email",0
64,72025.00,"Graduation",0,0,"SMS",0
64,72025.00,"Graduation",0,0,"Social Media",0
64,72025.00,"Graduation",0,0,"Google Search Ads",0
64,72025.00,"Graduation",0,0,"Display Ads",0
64,72025.00,"Graduation",0,0,"Email",0
51,52614.00,"PhD",0,0,"Email",0
51,52614.00,"PhD",0,0,"SMS",0
51,52614.00,"PhD",0,0,"Social Media",0
51,52614.00,"PhD",0,0,"Google Search Ads",0
51,52614.00,"PhD",0,0,"Display Ads",0
51,52614.00,"PhD",0,0,"Email",0
42,35684.00,"2n Cycle",0,0,"Email",0
42,35684.00,"2n Cycle",0,0,"SMS",0
42,35684.00,"2n Cycle",0,0,"Social Media",0
42,35684.00,"2n Cycle",0,0,"Google Search Ads",0
42,35684.00,"2n Cycle",0,0,"Display Ads",0
42,35684.00,"2n Cycle",0,0,"Email",0
51,48178.00,"Graduation",0,0,"Email",0
51,48178.00,"Graduation",0,0,"SMS",0
51,48178.00,"Graduation",0,0,"Social Media",0
51,48178.00,"Graduation",0,0,"Google Search Ads",0
51,48178.00,"Graduation",0,0,"Display Ads",0
51,48178.00,"Graduation",0,0,"Email",0
56,29548.00,"Master",0,0,"Email",0
56,29548.00,"Master",0,0,"SMS",0
56,29548.00,"Master",0,0,"Social Media",0
56,29548.00,"Master",0,0,"Google Search Ads",0
56,29548.00,"Master",0,0,"Display Ads",0
56,29548.00,"Master",0,0,"Email",0
60,63810.00,"Graduation",0,0,"Email",0
60,63810.00,"Graduation",0,0,"SMS",0
60,63810.00,"Graduation",0,0,"Social Media",0
60,63810.00,"Graduation",0,0,"Google Search Ads",0
60,63810.00,"Graduation",0,0,"Display Ads",0
60,63810.00,"Graduation",0,0,"Email",0
54,38578.00,"PhD",0,0,"Email",0
54,38578.00,"PhD",0,0,"SMS",0
54,38578.00,"PhD",0,0,"Social Media",0
54,38578.00,"PhD",0,0,"Google Search Ads",0
54,38578.00,"PhD",0,0,"Display Ads",0
54,38578.00,"PhD",0,0,"Email",0
51,46098.00,"Master",0,0,"Email",0
51,46098.00,"Master",0,0,"SMS",0
51,46098.00,"Master",0,0,"Social Media",0
51,46098.00,"Master",0,0,"Google Search Ads",0
51,46098.00,"Master",0,0,"Display Ads",0
51,46098.00,"Master",0,0,"Email",0
56,22585.00,"Graduation",0,0,"Email",0
56,22585.00,"Graduation",0,0,"SMS",0
56,22585.00,"Graduation",0,0,"Social Media",0
56,22585.00,"Graduation",0,0,"Google Search Ads",0
56,22585.00,"Graduation",0,0,"Display Ads",0
56,22585.00,"Graduation",0,0,"Email",0
37,30279.00,"Graduation",0,0,"Email",0
37,30279.00,"Graduation",0,0,"SMS",0
37,30279.00,"Graduation",0,0,"Social Media",0
37,30279.00,"Graduation",0,0,"Google Search Ads",0
37,30279.00,"Graduation",0,0,"Display Ads",0
37,30279.00,"Graduation",0,0,"Email",0
65,66426.00,"PhD",0,0,"Email",0
65,66426.00,"PhD",0,0,"SMS",0
65,66426.00,"PhD",0,0,"Social Media",0
65,66426.00,"PhD",0,0,"Google Search Ads",0
65,66426.00,"PhD",0,0,"Display Ads",0
65,66426.00,"PhD",0,0,"Email",0
57,30822.00,"Graduation",0,0,"Email",0
57,30822.00,"Graduation",0,0,"SMS",0
57,30822.00,"Graduation",0,0,"Social Media",0
57,30822.00,"Graduation",0,0,"Google Search Ads",0
57,30822.00,"Graduation",0,0,"Display Ads",0
57,30822.00,"Graduation",0,0,"Email",0
57,33581.00,"PhD",0,0,"Email",0
57,33581.00,"PhD",0,0,"SMS",0
57,33581.00,"PhD",0,0,"Social Media",0
57,33581.00,"PhD",0,0,"Google Search Ads",0
57,33581.00,"PhD",0,0,"Display Ads",0
57,33581.00,"PhD",0,0,"Email",0
41,19986.00,"Graduation",0,0,"Email",0
41,19986.00,"Graduation",0,0,"SMS",0
41,19986.00,"Graduation",0,0,"Social Media",0
41,19986.00,"Graduation",0,0,"Google Search Ads",0
41,19986.00,"Graduation",0,0,"Display Ads",0
41,19986.00,"Graduation",0,0,"Email",0
72,27421.00,"Graduation",0,0,"Email",0
72,27421.00,"Graduation",0,0,"SMS",0
72,27421.00,"Graduation",0,0,"Social Media",0
72,27421.00,"Graduation",0,0,"Google Search Ads",0
72,27421.00,"Graduation",0,0,"Display Ads",0
72,27421.00,"Graduation",0,0,"Email",0
53,35688.00,"2n Cycle",0,0,"Email",0
53,35688.00,"2n Cycle",0,0,"SMS",0
53,35688.00,"2n Cycle",0,0,"Social Media",0
53,35688.00,"2n Cycle",0,0,"Google Search Ads",0
53,35688.00,"2n Cycle",0,0,"Display Ads",0
53,35688.00,"2n Cycle",0,0,"Email",0
45,36143.00,"Master",0,0,"Email",0
45,36143.00,"Master",0,0,"SMS",0
45,36143.00,"Master",0,0,"Social Media",0
45,36143.00,"Master",0,0,"Google Search Ads",0
45,36143.00,"Master",0,0,"Display Ads",0
45,36143.00,"Master",0,0,"Email",0
55,10245.00,"Graduation",0,0,"Email",0
55,10245.00,"Graduation",0,0,"SMS",0
55,10245.00,"Graduation",0,0,"Social Media",0
55,10245.00,"Graduation",0,0,"Google Search Ads",0
55,10245.00,"Graduation",0,0,"Display Ads",0
55,10245.00,"Graduation",0,0,"Email",0
58,43795.00,"Master",0,0,"Email",0
58,43795.00,"Master",0,0,"SMS",0
58,43795.00,"Master",0,0,"Social Media",0
58,43795.00,"Master",0,0,"Google Search Ads",0
58,43795.00,"Master",0,0,"Display Ads",0
58,43795.00,"Master",0,0,"Email",0
66,63381.00,"Graduation",0,0,"Email",0
66,63381.00,"Graduation",0,0,"SMS",0
66,63381.00,"Graduation",0,0,"Social Media",0
66,63381.00,"Graduation",0,0,"Google Search Ads",0
66,63381.00,"Graduation",0,0,"Display Ads",0
66,63381.00,"Graduation",0,0,"Email",0
77,38823.00,"Graduation",0,0,"Email",0
77,38823.00,"Graduation",0,0,"SMS",0
77,38823.00,"Graduation",0,0,"Social Media",0
77,38823.00,"Graduation",0,0,"Google Search Ads",0
77,38823.00,"Graduation",0,0,"Display Ads",0
77,38823.00,"Graduation",0,0,"Email",0
58,83664.00,"PhD",0,0,"Email",0
58,83664.00,"PhD",0,0,"SMS",0
58,83664.00,"PhD",0,0,"Social Media",0
58,83664.00,"PhD",0,0,"Google Search Ads",0
58,83664.00,"PhD",0,0,"Display Ads",0
58,83664.00,"PhD",0,0,"Email",0
47,90300.00,"Graduation",0,0,"Email",0
47,90300.00,"Graduation",0,0,"SMS",0
47,90300.00,"Graduation",0,0,"Social Media",0
47,90300.00,"Graduation",0,0,"Google Search Ads",0
47,90300.00,"Graduation",0,0,"Display Ads",0
47,90300.00,"Graduation",0,0,"Email",0
47,62499.00,"Master",0,0,"Email",0
47,62499.00,"Master",0,0,"SMS",0
47,62499.00,"Master",0,0,"Social Media",0
47,62499.00,"Master",0,0,"Google Search Ads",0
47,62499.00,"Master",0,0,"Display Ads",0
47,62499.00,"Master",0,0,"Email",0
33,74293.00,"Graduation",0,0,"Email",0
33,74293.00,"Graduation",0,0,"SMS",0
33,74293.00,"Graduation",0,0,"Social Media",0
33,74293.00,"Graduation",0,0,"Google Search Ads",0
33,74293.00,"Graduation",0,0,"Display Ads",0
33,74293.00,"Graduation",0,0,"Email",0
80,51012.00,"PhD",0,0,"Email",0
80,51012.00,"PhD",0,0,"SMS",0
80,51012.00,"PhD",0,0,"Social Media",0
80,51012.00,"PhD",0,0,"Google Search Ads",0
80,51012.00,"PhD",0,0,"Display Ads",0
80,51012.00,"PhD",0,0,"Email",0
58,70777.00,"Master",0,0,"Email",0
58,70777.00,"Master",0,0,"SMS",0
58,70777.00,"Master",0,0,"Social Media",0
58,70777.00,"Master",0,0,"Google Search Ads",0
58,70777.00,"Master",0,0,"Display Ads",0
58,70777.00,"Master",0,0,"Email",0
35,68682.00,"PhD",0,0,"Email",0
35,68682.00,"PhD",0,0,"SMS",0
35,68682.00,"PhD",0,0,"Social Media",0
35,68682.00,"PhD",0,0,"Google Search Ads",0
35,68682.00,"PhD",0,0,"Display Ads",0
35,68682.00,"PhD",0,0,"Email",0
55,43824.00,"Graduation",0,0,"Email",0
55,43824.00,"Graduation",0,0,"SMS",0
55,43824.00,"Graduation",0,0,"Social Media",0
55,43824.00,"Graduation",0,0,"Google Search Ads",0
55,43824.00,"Graduation",0,0,"Display Ads",0
55,43824.00,"Graduation",0,0,"Email",0
42,15345.00,"Graduation",0,0,"Email",0
42,15345.00,"Graduation",0,0,"SMS",0
42,15345.00,"Graduation",0,0,"Social Media",0
42,15345.00,"Graduation",0,0,"Google Search Ads",0
42,15345.00,"Graduation",0,0,"Display Ads",0
42,15345.00,"Graduation",0,0,"Email",0
39,23442.00,"Graduation",0,0,"Email",0
39,23442.00,"Graduation",0,0,"SMS",0
39,23442.00,"Graduation",0,0,"Social Media",0
39,23442.00,"Graduation",0,0,"Google Search Ads",0
39,23442.00,"Graduation",0,0,"Display Ads",0
39,23442.00,"Graduation",0,0,"Email",0
46,14515.00,"2n Cycle",0,0,"Email",0
46,14515.00,"2n Cycle",0,0,"SMS",0
46,14515.00,"2n Cycle",0,0,"Social Media",0
46,14515.00,"2n Cycle",0,0,"Google Search Ads",0
46,14515.00,"2n Cycle",0,0,"Display Ads",0
46,14515.00,"2n Cycle",0,0,"Email",0
70,31395.00,"2n Cycle",0,0,"Email",0
70,31395.00,"2n Cycle",0,0,"SMS",0
70,31395.00,"2n Cycle",0,0,"Social Media",0
70,31395.00,"2n Cycle",0,0,"Google Search Ads",0
70,31395.00,"2n Cycle",0,0,"Display Ads",0
70,31395.00,"2n Cycle",0,0,"Email",0
61,75276.00,"Graduation",0,0,"Email",0
61,75276.00,"Graduation",0,0,"SMS",0
61,75276.00,"Graduation",0,0,"Social Media",0
61,75276.00,"Graduation",0,0,"Google Search Ads",0
61,75276.00,"Graduation",0,0,"Display Ads",0
61,75276.00,"Graduation",0,0,"Email",0
52,42373.00,"Graduation",0,0,"Email",0
52,42373.00,"Graduation",0,0,"SMS",0
52,42373.00,"Graduation",0,0,"Social Media",0
52,42373.00,"Graduation",0,0,"Google Search Ads",0
52,42373.00,"Graduation",0,0,"Display Ads",0
52,42373.00,"Graduation",0,0,"Email",0
66,30507.00,"Graduation",0,0,"Email",0
66,30507.00,"Graduation",0,0,"SMS",0
66,30507.00,"Graduation",0,0,"Social Media",0
66,30507.00,"Graduation",0,0,"Google Search Ads",0
66,30507.00,"Graduation",0,0,"Display Ads",0
66,30507.00,"Graduation",0,0,"Email",0
71,55521.00,"PhD",0,0,"Email",0
71,55521.00,"PhD",0,0,"SMS",0
71,55521.00,"PhD",0,0,"Social Media",0
71,55521.00,"PhD",0,0,"Google Search Ads",0
71,55521.00,"PhD",0,0,"Display Ads",0
71,55521.00,"PhD",0,0,"Email",0
61,48006.00,"Graduation",0,0,"Email",0
61,48006.00,"Graduation",0,0,"SMS",0
61,48006.00,"Graduation",0,0,"Social Media",0
61,48006.00,"Graduation",0,0,"Google Search Ads",0
61,48006.00,"Graduation",0,0,"Display Ads",0
61,48006.00,"Graduation",0,0,"Email",0
54,27213.00,"PhD",0,0,"Email",0
54,27213.00,"PhD",0,0,"SMS",0
54,27213.00,"PhD",0,0,"Social Media",0
54,27213.00,"PhD",0,0,"Google Search Ads",0
54,27213.00,"PhD",0,0,"Display Ads",0
54,27213.00,"PhD",0,0,"Email",0
55,65808.00,"PhD",0,0,"Email",0
55,65808.00,"PhD",0,0,"SMS",0
55,65808.00,"PhD",0,0,"Social Media",0
55,65808.00,"PhD",0,0,"Google Search Ads",0
55,65808.00,"PhD",0,0,"Display Ads",0
55,65808.00,"PhD",0,0,"Email",0
52,30351.00,"PhD",0,0,"Email",0
52,30351.00,"PhD",0,0,"SMS",0
52,30351.00,"PhD",0,0,"Social Media",0
52,30351.00,"PhD",0,0,"Google Search Ads",0
52,30351.00,"PhD",0,0,"Display Ads",0
52,30351.00,"PhD",0,0,"Email",0
63,50437.00,"Graduation",0,0,"Email",0
63,50437.00,"Graduation",0,0,"SMS",0
63,50437.00,"Graduation",0,0,"Social Media",0
63,50437.00,"Graduation",0,0,"Google Search Ads",0
63,50437.00,"Graduation",0,0,"Display Ads",0
63,50437.00,"Graduation",0,0,"Email",0
44,23616.00,"2n Cycle",0,0,"Email",0
44,23616.00,"2n Cycle",0,0,"SMS",0
44,23616.00,"2n Cycle",0,0,"Social Media",0
44,23616.00,"2n Cycle",0,0,"Google Search Ads",0
44,23616.00,"2n Cycle",0,0,"Display Ads",0
44,23616.00,"2n Cycle",0,0,"Email",0
50,53858.00,"Graduation",0,0,"Email",0
50,53858.00,"Graduation",0,0,"SMS",0
50,53858.00,"Graduation",0,0,"Social Media",0
50,53858.00,"Graduation",0,0,"Google Search Ads",0
50,53858.00,"Graduation",0,0,"Display Ads",0
50,53858.00,"Graduation",0,0,"Email",0
71,66465.00,"PhD",0,0,"Email",0
71,66465.00,"PhD",0,0,"SMS",0
71,66465.00,"PhD",0,0,"Social Media",0
71,66465.00,"PhD",0,0,"Google Search Ads",0
71,66465.00,"PhD",0,0,"Display Ads",0
71,66465.00,"PhD",0,0,"Email",0
39,46923.00,"Graduation",0,0,"Email",0
39,46923.00,"Graduation",0,0,"SMS",0
39,46923.00,"Graduation",0,0,"Social Media",0
39,46923.00,"Graduation",0,0,"Google Search Ads",0
39,46923.00,"Graduation",0,0,"Display Ads",0
39,46923.00,"Graduation",0,0,"Email",0
64,75072.00,"Graduation",0,0,"Email",0
64,75072.00,"Graduation",0,0,"SMS",0
64,75072.00,"Graduation",0,0,"Social Media",0
64,75072.00,"Graduation",0,0,"Google Search Ads",0
64,75072.00,"Graduation",0,0,"Display Ads",0
64,75072.00,"Graduation",0,0,"Email",0
83,75865.00,"PhD",0,0,"Email",0
83,75865.00,"PhD",0,0,"SMS",0
83,75865.00,"PhD",0,0,"Social Media",0
83,75865.00,"PhD",0,0,"Google Search Ads",0
83,75865.00,"PhD",0,0,"Display Ads",0
83,75865.00,"PhD",0,0,"Email",0
51,19789.00,"2n Cycle",0,0,"Email",0
51,19789.00,"2n Cycle",0,0,"SMS",0
51,19789.00,"2n Cycle",0,0,"Social Media",0
51,19789.00,"2n Cycle",0,0,"Google Search Ads",0
51,19789.00,"2n Cycle",0,0,"Display Ads",0
51,19789.00,"2n Cycle",0,0,"Email",0
32,80134.00,"Graduation",0,0,"Email",0
32,80134.00,"Graduation",0,0,"SMS",0
32,80134.00,"Graduation",0,0,"Social Media",0
32,80134.00,"Graduation",0,0,"Google Search Ads",0
32,80134.00,"Graduation",0,0,"Display Ads",0
32,80134.00,"Graduation",0,0,"Email",0
45,91065.00,"Graduation",0,0,"Email",0
45,91065.00,"Graduation",0,0,"SMS",0
45,91065.00,"Graduation",0,0,"Social Media",0
45,91065.00,"Graduation",0,0,"Google Search Ads",0
45,91065.00,"Graduation",0,0,"Display Ads",0
45,91065.00,"Graduation",0,0,"Email",0
55,49505.00,"Master",0,0,"Email",0
55,49505.00,"Master",0,0,"SMS",0
55,49505.00,"Master",0,0,"Social Media",0
55,49505.00,"Master",0,0,"Google Search Ads",0
55,49505.00,"Master",0,0,"Display Ads",0
55,49505.00,"Master",0,0,"Email",0
53,37401.00,"PhD",0,0,"Email",0
53,37401.00,"PhD",0,0,"SMS",0
53,37401.00,"PhD",0,0,"Social Media",0
53,37401.00,"PhD",0,0,"Google Search Ads",0
53,37401.00,"PhD",0,0,"Display Ads",0
53,37401.00,"PhD",0,0,"Email",0
43,30096.00,"Graduation",0,0,"Email",0
43,30096.00,"Graduation",0,0,"SMS",0
43,30096.00,"Graduation",0,0,"Social Media",0
43,30096.00,"Graduation",0,0,"Google Search Ads",0
43,30096.00,"Graduation",0,0,"Display Ads",0
43,30096.00,"Graduation",0,0,"Email",0
44,18492.00,"Master",0,0,"Email",0
44,18492.00,"Master",0,0,"SMS",0
44,18492.00,"Master",0,0,"Social Media",0
44,18492.00,"Master",0,0,"Google Search Ads",0
44,18492.00,"Master",0,0,"Display Ads",0
44,18492.00,"Master",0,0,"Email",0
52,82584.00,"Master",0,0,"Email",0
52,82584.00,"Master",0,0,"SMS",0
52,82584.00,"Master",0,0,"Social Media",0
52,82584.00,"Master",0,0,"Google Search Ads",0
52,82584.00,"Master",0,0,"Display Ads",0
52,82584.00,"Master",0,0,"Email",0
85,93027.00,"PhD",0,0,"Email",0
85,93027.00,"PhD",0,0,"SMS",0
85,93027.00,"PhD",0,0,"Social Media",0
85,93027.00,"PhD",0,0,"Google Search Ads",0
85,93027.00,"PhD",0,0,"Display Ads",0
85,93027.00,"PhD",0,0,"Email",0
73,48686.00,"Graduation",0,0,"Email",0
73,48686.00,"Graduation",0,0,"SMS",0
73,48686.00,"Graduation",0,0,"Social Media",0
73,48686.00,"Graduation",0,0,"Google Search Ads",0
73,48686.00,"Graduation",0,0,"Display Ads",0
73,48686.00,"Graduation",0,0,"Email",0
40,92910.00,"Graduation",0,0,"Email",0
40,92910.00,"Graduation",0,0,"SMS",0
40,92910.00,"Graduation",0,0,"Social Media",0
40,92910.00,"Graduation",0,0,"Google Search Ads",0
40,92910.00,"Graduation",0,0,"Display Ads",0
40,92910.00,"Graduation",0,0,"Email",0
37,75433.00,"Graduation",0,0,"Email",0
37,75433.00,"Graduation",0,0,"SMS",0
37,75433.00,"Graduation",0,0,"Social Media",0
37,75433.00,"Graduation",0,0,"Google Search Ads",0
37,75433.00,"Graduation",0,0,"Display Ads",0
37,75433.00,"Graduation",0,0,"Email",0
37,10404.00,"2n Cycle",0,0,"Email",0
37,10404.00,"2n Cycle",0,0,"SMS",0
37,10404.00,"2n Cycle",0,0,"Social Media",0
37,10404.00,"2n Cycle",0,0,"Google Search Ads",0
37,10404.00,"2n Cycle",0,0,"Display Ads",0
37,10404.00,"2n Cycle",0,0,"Email",0
58,61314.00,"Graduation",0,0,"Email",0
58,61314.00,"Graduation",0,0,"SMS",0
58,61314.00,"Graduation",0,0,"Social Media",0
58,61314.00,"Graduation",0,0,"Google Search Ads",0
58,61314.00,"Graduation",0,0,"Display Ads",0
58,61314.00,"Graduation",0,0,"Email",0
65,84865.00,"PhD",0,0,"Email",0
65,84865.00,"PhD",0,0,"SMS",0
65,84865.00,"PhD",0,0,"Social Media",0
65,84865.00,"PhD",0,0,"Google Search Ads",0
65,84865.00,"PhD",0,0,"Display Ads",0
65,84865.00,"PhD",0,0,"Email",0
37,42387.00,"Graduation",0,0,"Email",0
37,42387.00,"Graduation",0,0,"SMS",0
37,42387.00,"Graduation",0,0,"Social Media",0
37,42387.00,"Graduation",0,0,"Google Search Ads",0
37,42387.00,"Graduation",0,0,"Display Ads",0
37,42387.00,"Graduation",0,0,"Email",0
59,67309.00,"2n Cycle",0,0,"Email",0
59,67309.00,"2n Cycle",0,0,"SMS",0
59,67309.00,"2n Cycle",0,0,"Social Media",0
59,67309.00,"2n Cycle",0,0,"Google Search Ads",0
59,67309.00,"2n Cycle",0,0,"Display Ads",0
59,67309.00,"2n Cycle",0,0,"Email",0
62,75236.00,"Graduation",0,0,"Email",0
62,75236.00,"Graduation",0,0,"SMS",0
62,75236.00,"Graduation",0,0,"Social Media",0
62,75236.00,"Graduation",0,0,"Google Search Ads",0
62,75236.00,"Graduation",0,0,"Display Ads",0
62,75236.00,"Graduation",0,0,"Email",0
56,30015.00,"Graduation",0,0,"Email",0
56,30015.00,"Graduation",0,0,"SMS",0
56,30015.00,"Graduation",0,0,"Social Media",0
56,30015.00,"Graduation",0,0,"Google Search Ads",0
56,30015.00,"Graduation",0,0,"Display Ads",0
56,30015.00,"Graduation",0,0,"Email",0
70,50943.00,"Master",0,0,"Email",0
70,50943.00,"Master",0,0,"SMS",0
70,50943.00,"Master",0,0,"Social Media",0
70,50943.00,"Master",0,0,"Google Search Ads",0
70,50943.00,"Master",0,0,"Display Ads",0
70,50943.00,"Master",0,0,"Email",0
60,67272.00,"Graduation",0,0,"Email",0
60,67272.00,"Graduation",0,0,"SMS",0
60,67272.00,"Graduation",0,0,"Social Media",0
60,67272.00,"Graduation",0,0,"Google Search Ads",0
60,67272.00,"Graduation",0,0,"Display Ads",0
60,67272.00,"Graduation",0,0,"Email",0
77,51529.00,"Master",0,0,"Email",0
77,51529.00,"Master",0,0,"SMS",0
77,51529.00,"Master",0,0,"Social Media",0
77,51529.00,"Master",0,0,"Google Search Ads",0
77,51529.00,"Master",0,0,"Display Ads",0
77,51529.00,"Master",0,0,"Email",0
55,32011.00,"PhD",0,0,"Email",0
55,32011.00,"PhD",0,0,"SMS",0
55,32011.00,"PhD",0,0,"Social Media",0
55,32011.00,"PhD",0,0,"Google Search Ads",0
55,32011.00,"PhD",0,0,"Display Ads",0
55,32011.00,"PhD",0,0,"Email",0
40,7500.00,"2n Cycle",0,0,"Email",0
40,7500.00,"2n Cycle",0,0,"SMS",0
40,7500.00,"2n Cycle",0,0,"Social Media",0
40,7500.00,"2n Cycle",0,0,"Google Search Ads",0
40,7500.00,"2n Cycle",0,0,"Display Ads",0
40,7500.00,"2n Cycle",0,0,"Email",0
37,28691.00,"Graduation",0,0,"Email",0
37,28691.00,"Graduation",0,0,"SMS",0
37,28691.00,"Graduation",0,0,"Social Media",0
37,28691.00,"Graduation",0,0,"Google Search Ads",0
37,28691.00,"Graduation",0,0,"Display Ads",0
37,28691.00,"Graduation",0,0,"Email",0
78,56223.00,"PhD",0,0,"Email",0
78,56223.00,"PhD",0,0,"SMS",0
78,56223.00,"PhD",0,0,"Social Media",0
78,56223.00,"PhD",0,0,"Google Search Ads",0
78,56223.00,"PhD",0,0,"Display Ads",0
78,56223.00,"PhD",0,0,"Email",0
80,18100.00,"Graduation",0,0,"Email",0
80,18100.00,"Graduation",0,0,"SMS",0
80,18100.00,"Graduation",0,0,"Social Media",0
80,18100.00,"Graduation",0,0,"Google Search Ads",0
80,18100.00,"Graduation",0,0,"Display Ads",0
80,18100.00,"Graduation",0,0,"Email",0
37,30279.00,"Graduation",0,0,"Email",0
37,30279.00,"Graduation",0,0,"SMS",0
37,30279.00,"Graduation",0,0,"Social Media",0
37,30279.00,"Graduation",0,0,"Google Search Ads",0
37,30279.00,"Graduation",0,0,"Display Ads",0
37,30279.00,"Graduation",0,0,"Email",0
52,20130.00,"2n Cycle",0,0,"Email",0
52,20130.00,"2n Cycle",0,0,"SMS",0
52,20130.00,"2n Cycle",0,0,"Social Media",0
52,20130.00,"2n Cycle",0,0,"Google Search Ads",0
52,20130.00,"2n Cycle",0,0,"Display Ads",0
52,20130.00,"2n Cycle",0,0,"Email",0
67,23295.00,"Graduation",0,0,"Email",0
67,23295.00,"Graduation",0,0,"SMS",0
67,23295.00,"Graduation",0,0,"Social Media",0
67,23295.00,"Graduation",0,0,"Google Search Ads",0
67,23295.00,"Graduation",0,0,"Display Ads",0
67,23295.00,"Graduation",0,0,"Email",0
54,42618.00,"Master",0,0,"Email",0
54,42618.00,"Master",0,0,"SMS",0
54,42618.00,"Master",0,0,"Social Media",0
54,42618.00,"Master",0,0,"Google Search Ads",0
54,42618.00,"Master",0,0,"Display Ads",0
54,42618.00,"Master",0,0,"Email",0
62,81246.00,"Graduation",0,0,"Email",0
62,81246.00,"Graduation",0,0,"SMS",0
62,81246.00,"Graduation",0,0,"Social Media",0
62,81246.00,"Graduation",0,0,"Google Search Ads",0
62,81246.00,"Graduation",0,0,"Display Ads",0
62,81246.00,"Graduation",0,0,"Email",0
50,24027.00,"Graduation",0,0,"Email",0
50,24027.00,"Graduation",0,0,"SMS",0
50,24027.00,"Graduation",0,0,"Social Media",0
50,24027.00,"Graduation",0,0,"Google Search Ads",0
50,24027.00,"Graduation",0,0,"Display Ads",0
50,24027.00,"Graduation",0,0,"Email",0
73,55707.00,"PhD",0,0,"Email",0
73,55707.00,"PhD",0,0,"SMS",0
73,55707.00,"PhD",0,0,"Social Media",0
73,55707.00,"PhD",0,0,"Google Search Ads",0
73,55707.00,"PhD",0,0,"Display Ads",0
73,55707.00,"PhD",0,0,"Email",0
71,57959.00,"Graduation",0,0,"Email",0
71,57959.00,"Graduation",0,0,"SMS",0
71,57959.00,"Graduation",0,0,"Social Media",0
71,57959.00,"Graduation",0,0,"Google Search Ads",0
71,57959.00,"Graduation",0,0,"Display Ads",0
71,57959.00,"Graduation",0,0,"Email",0
57,56796.00,"Graduation",0,0,"Email",0
57,56796.00,"Graduation",0,0,"SMS",0
57,56796.00,"Graduation",0,0,"Social Media",0
57,56796.00,"Graduation",0,0,"Google Search Ads",0
57,56796.00,"Graduation",0,0,"Display Ads",0
57,56796.00,"Graduation",0,0,"Email",0
55,36230.00,"Master",0,0,"Email",0
55,36230.00,"Master",0,0,"SMS",0
55,36230.00,"Master",0,0,"Social Media",0
55,36230.00,"Master",0,0,"Google Search Ads",0
55,36230.00,"Master",0,0,"Display Ads",0
55,36230.00,"Master",0,0,"Email",0
46,70829.00,"2n Cycle",0,0,"Email",0
46,70829.00,"2n Cycle",0,0,"SMS",0
46,70829.00,"2n Cycle",0,0,"Social Media",0
46,70829.00,"2n Cycle",0,0,"Google Search Ads",0
46,70829.00,"2n Cycle",0,0,"Display Ads",0
46,70829.00,"2n Cycle",0,0,"Email",0
50,65991.00,"Graduation",0,0,"Email",0
50,65991.00,"Graduation",0,0,"SMS",0
50,65991.00,"Graduation",0,0,"Social Media",0
50,65991.00,"Graduation",0,0,"Google Search Ads",0
50,65991.00,"Graduation",0,0,"Display Ads",0
50,65991.00,"Graduation",0,0,"Email",0
54,38988.00,"Graduation",0,0,"Email",0
54,38988.00,"Graduation",0,0,"SMS",0
54,38988.00,"Graduation",0,0,"Social Media",0
54,38988.00,"Graduation",0,0,"Google Search Ads",0
54,38988.00,"Graduation",0,0,"Display Ads",0
54,38988.00,"Graduation",0,0,"Email",0
60,89572.00,"2n Cycle",0,0,"Email",0
60,89572.00,"2n Cycle",0,0,"SMS",0
60,89572.00,"2n Cycle",0,0,"Social Media",0
60,89572.00,"2n Cycle",0,0,"Google Search Ads",0
60,89572.00,"2n Cycle",0,0,"Display Ads",0
60,89572.00,"2n Cycle",0,0,"Email",0
42,42207.00,"Master",0,0,"Email",0
42,42207.00,"Master",0,0,"SMS",0
42,42207.00,"Master",0,0,"Social Media",0
42,42207.00,"Master",0,0,"Google Search Ads",0
42,42207.00,"Master",0,0,"Display Ads",0
42,42207.00,"Master",0,0,"Email",0
74,50300.00,"Graduation",0,0,"Email",0
74,50300.00,"Graduation",0,0,"SMS",0
74,50300.00,"Graduation",0,0,"Social Media",0
74,50300.00,"Graduation",0,0,"Google Search Ads",0
74,50300.00,"Graduation",0,0,"Display Ads",0
74,50300.00,"Graduation",0,0,"Email",0
44,66664.00,"2n Cycle",0,0,"Email",0
44,66664.00,"2n Cycle",0,0,"SMS",0
44,66664.00,"2n Cycle",0,0,"Social Media",0
44,66664.00,"2n Cycle",0,0,"Google Search Ads",0
44,66664.00,"2n Cycle",0,0,"Display Ads",0
44,66664.00,"2n Cycle",0,0,"Email",0
62,60597.00,"Graduation",0,0,"Email",0
62,60597.00,"Graduation",0,0,"SMS",0
62,60597.00,"Graduation",0,0,"Social Media",0
62,60597.00,"Graduation",0,0,"Google Search Ads",0
62,60597.00,"Graduation",0,0,"Display Ads",0
62,60597.00,"Graduation",0,0,"Email",0
77,70165.00,"Graduation",0,0,"Email",0
77,70165.00,"Graduation",0,0,"SMS",0
77,70165.00,"Graduation",0,0,"Social Media",0
77,70165.00,"Graduation",0,0,"Google Search Ads",0
77,70165.00,"Graduation",0,0,"Display Ads",0
77,70165.00,"Graduation",0,0,"Email",0
68,50520.00,"PhD",0,0,"Email",0
68,50520.00,"PhD",0,0,"SMS",0
68,50520.00,"PhD",0,0,"Social Media",0
68,50520.00,"PhD",0,0,"Google Search Ads",0
68,50520.00,"PhD",0,0,"Display Ads",0
68,50520.00,"PhD",0,0,"Email",0
63,80124.00,"Graduation",0,0,"Email",0
63,80124.00,"Graduation",0,0,"SMS",0
63,80124.00,"Graduation",0,0,"Social Media",0
63,80124.00,"Graduation",0,0,"Google Search Ads",0
63,80124.00,"Graduation",0,0,"Display Ads",0
63,80124.00,"Graduation",0,0,"Email",0
51,33183.00,"Graduation",0,0,"Email",0
51,33183.00,"Graduation",0,0,"SMS",0
51,33183.00,"Graduation",0,0,"Social Media",0
51,33183.00,"Graduation",0,0,"Google Search Ads",0
51,33183.00,"Graduation",0,0,"Display Ads",0
51,33183.00,"Graduation",0,0,"Email",0
57,66582.00,"PhD",0,0,"Email",0
57,66582.00,"PhD",0,0,"SMS",0
57,66582.00,"PhD",0,0,"Social Media",0
57,66582.00,"PhD",0,0,"Google Search Ads",0
57,66582.00,"PhD",0,0,"Display Ads",0
57,66582.00,"PhD",0,0,"Email",0
71,75261.00,"PhD",0,0,"Email",0
71,75261.00,"PhD",0,0,"SMS",0
71,75261.00,"PhD",0,0,"Social Media",0
71,75261.00,"PhD",0,0,"Google Search Ads",0
71,75261.00,"PhD",0,0,"Display Ads",0
71,75261.00,"PhD",0,0,"Email",0
56,31880.00,"Graduation",0,0,"Email",0
56,31880.00,"Graduation",0,0,"SMS",0
56,31880.00,"Graduation",0,0,"Social Media",0
56,31880.00,"Graduation",0,0,"Google Search Ads",0
56,31880.00,"Graduation",0,0,"Display Ads",0
56,31880.00,"Graduation",0,0,"Email",0
75,53790.00,"Graduation",0,0,"Email",0
75,53790.00,"Graduation",0,0,"SMS",0
75,53790.00,"Graduation",0,0,"Social Media",0
75,53790.00,"Graduation",0,0,"Google Search Ads",0
75,53790.00,"Graduation",0,0,"Display Ads",0
75,53790.00,"Graduation",0,0,"Email",0
55,49269.00,"PhD",0,0,"Email",0
55,49269.00,"PhD",0,0,"SMS",0
55,49269.00,"PhD",0,0,"Social Media",0
55,49269.00,"PhD",0,0,"Google Search Ads",0
55,49269.00,"PhD",0,0,"Display Ads",0
55,49269.00,"PhD",0,0,"Email",0
51,61456.00,"Graduation",0,0,"Email",0
51,61456.00,"Graduation",0,0,"SMS",0
51,61456.00,"Graduation",0,0,"Social Media",0
51,61456.00,"Graduation",0,0,"Google Search Ads",0
51,61456.00,"Graduation",0,0,"Display Ads",0
51,61456.00,"Graduation",0,0,"Email",0
46,37406.00,"Graduation",0,0,"Email",0
46,37406.00,"Graduation",0,0,"SMS",0
46,37406.00,"Graduation",0,0,"Social Media",0
46,37406.00,"Graduation",0,0,"Google Search Ads",0
46,37406.00,"Graduation",0,0,"Display Ads",0
46,37406.00,"Graduation",0,0,"Email",0
45,56937.00,"PhD",0,0,"Email",0
45,56937.00,"PhD",0,0,"SMS",0
45,56937.00,"PhD",0,0,"Social Media",0
45,56937.00,"PhD",0,0,"Google Search Ads",0
45,56937.00,"PhD",0,0,"Display Ads",0
45,56937.00,"PhD",0,0,"Email",0
48,38415.00,"Graduation",0,0,"Email",0
48,38415.00,"Graduation",0,0,"SMS",0
48,38415.00,"Graduation",0,0,"Social Media",0
48,38415.00,"Graduation",0,0,"Google Search Ads",0
48,38415.00,"Graduation",0,0,"Display Ads",0
48,38415.00,"Graduation",0,0,"Email",0
38,20518.00,"Graduation",0,0,"Email",0
38,20518.00,"Graduation",0,0,"SMS",0
38,20518.00,"Graduation",0,0,"Social Media",0
38,20518.00,"Graduation",0,0,"Google Search Ads",0
38,20518.00,"Graduation",0,0,"Display Ads",0
38,20518.00,"Graduation",0,0,"Email",0
70,62503.00,"Graduation",0,0,"Email",0
70,62503.00,"Graduation",0,0,"SMS",0
70,62503.00,"Graduation",0,0,"Social Media",0
70,62503.00,"Graduation",0,0,"Google Search Ads",0
70,62503.00,"Graduation",0,0,"Display Ads",0
70,62503.00,"Graduation",0,0,"Email",0
54,41644.00,"PhD",0,0,"Email",0
54,41644.00,"PhD",0,0,"SMS",0
54,41644.00,"PhD",0,0,"Social Media",0
54,41644.00,"PhD",0,0,"Google Search Ads",0
54,41644.00,"PhD",0,0,"Display Ads",0
54,41644.00,"PhD",0,0,"Email",0
49,55842.00,"Master",0,0,"Email",0
49,55842.00,"Master",0,0,"SMS",0
49,55842.00,"Master",0,0,"Social Media",0
49,55842.00,"Master",0,0,"Google Search Ads",0
49,55842.00,"Master",0,0,"Display Ads",0
49,55842.00,"Master",0,0,"Email",0
54,62010.00,"PhD",0,0,"Email",0
54,62010.00,"PhD",0,0,"SMS",0
54,62010.00,"PhD",0,0,"Social Media",0
54,62010.00,"PhD",0,0,"Google Search Ads",0
54,62010.00,"PhD",0,0,"Display Ads",0
54,62010.00,"PhD",0,0,"Email",0
49,41124.00,"Graduation",0,0,"Email",0
49,41124.00,"Graduation",0,0,"SMS",0
49,41124.00,"Graduation",0,0,"Social Media",0
49,41124.00,"Graduation",0,0,"Google Search Ads",0
49,41124.00,"Graduation",0,0,"Display Ads",0
49,41124.00,"Graduation",0,0,"Email",0
53,38961.00,"Master",0,0,"Email",0
53,38961.00,"Master",0,0,"SMS",0
53,38961.00,"Master",0,0,"Social Media",0
53,38961.00,"Master",0,0,"Google Search Ads",0
53,38961.00,"Master",0,0,"Display Ads",0
53,38961.00,"Master",0,0,"Email",0
54,37760.00,"Master",0,0,"Email",0
54,37760.00,"Master",0,0,"SMS",0
54,37760.00,"Master",0,0,"Social Media",0
54,37760.00,"Master",0,0,"Google Search Ads",0
54,37760.00,"Master",0,0,"Display Ads",0
54,37760.00,"Master",0,0,"Email",0
52,32233.00,"Graduation",0,0,"Email",0
52,32233.00,"Graduation",0,0,"SMS",0
52,32233.00,"Graduation",0,0,"Social Media",0
52,32233.00,"Graduation",0,0,"Google Search Ads",0
52,32233.00,"Graduation",0,0,"Display Ads",0
52,32233.00,"Graduation",0,0,"Email",0
51,43057.00,"Graduation",0,0,"Email",0
51,43057.00,"Graduation",0,0,"SMS",0
51,43057.00,"Graduation",0,0,"Social Media",0
51,43057.00,"Graduation",0,0,"Google Search Ads",0
51,43057.00,"Graduation",0,0,"Display Ads",0
51,43057.00,"Graduation",0,0,"Email",0
66,83151.00,"Master",0,0,"Email",0
66,83151.00,"Master",0,0,"SMS",0
66,83151.00,"Master",0,0,"Social Media",0
66,83151.00,"Master",0,0,"Google Search Ads",0
66,83151.00,"Master",0,0,"Display Ads",0
66,83151.00,"Master",0,0,"Email",0
62,78825.00,"PhD",0,0,"Email",0
62,78825.00,"PhD",0,0,"SMS",0
62,78825.00,"PhD",0,0,"Social Media",0
62,78825.00,"PhD",0,0,"Google Search Ads",0
62,78825.00,"PhD",0,0,"Display Ads",0
62,78825.00,"PhD",0,0,"Email",0
50,65104.00,"Master",0,0,"Email",0
50,65104.00,"Master",0,0,"SMS",0
50,65104.00,"Master",0,0,"Social Media",0
50,65104.00,"Master",0,0,"Google Search Ads",0
50,65104.00,"Master",0,0,"Display Ads",0
50,65104.00,"Master",0,0,"Email",0
52,60093.00,"Graduation",0,0,"Email",0
52,60093.00,"Graduation",0,0,"SMS",0
52,60093.00,"Graduation",0,0,"Social Media",0
52,60093.00,"Graduation",0,0,"Google Search Ads",0
52,60093.00,"Graduation",0,0,"Display Ads",0
52,60093.00,"Graduation",0,0,"Email",0
57,14045.00,"Graduation",0,0,"Email",0
57,14045.00,"Graduation",0,0,"SMS",0
57,14045.00,"Graduation",0,0,"Social Media",0
57,14045.00,"Graduation",0,0,"Google Search Ads",0
57,14045.00,"Graduation",0,0,"Display Ads",0
57,14045.00,"Graduation",0,0,"Email",0
74,28457.00,"2n Cycle",0,0,"Email",0
74,28457.00,"2n Cycle",0,0,"SMS",0
74,28457.00,"2n Cycle",0,0,"Social Media",0
74,28457.00,"2n Cycle",0,0,"Google Search Ads",0
74,28457.00,"2n Cycle",0,0,"Display Ads",0
74,28457.00,"2n Cycle",0,0,"Email",0
68,78952.00,"PhD",0,0,"Email",0
68,78952.00,"PhD",0,0,"SMS",0
68,78952.00,"PhD",0,0,"Social Media",0
68,78952.00,"PhD",0,0,"Google Search Ads",0
68,78952.00,"PhD",0,0,"Display Ads",0
68,78952.00,"PhD",0,0,"Email",0
50,46310.00,"Graduation",0,0,"Email",0
50,46310.00,"Graduation",0,0,"SMS",0
50,46310.00,"Graduation",0,0,"Social Media",0
50,46310.00,"Graduation",0,0,"Google Search Ads",0
50,46310.00,"Graduation",0,0,"Display Ads",0
50,46310.00,"Graduation",0,0,"Email",0
71,76005.00,"Graduation",0,0,"Email",0
71,76005.00,"Graduation",0,0,"SMS",0
71,76005.00,"Graduation",0,0,"Social Media",0
71,76005.00,"Graduation",0,0,"Google Search Ads",0
71,76005.00,"Graduation",0,0,"Display Ads",0
71,76005.00,"Graduation",0,0,"Email",0
62,58308.00,"Master",0,0,"Email",0
62,58308.00,"Master",0,0,"SMS",0
62,58308.00,"Master",0,0,"Social Media",0
62,58308.00,"Master",0,0,"Google Search Ads",0
62,58308.00,"Master",0,0,"Display Ads",0
62,58308.00,"Master",0,0,"Email",0
82,55614.00,"PhD",0,0,"Email",0
82,55614.00,"PhD",0,0,"SMS",0
82,55614.00,"PhD",0,0,"Social Media",0
82,55614.00,"PhD",0,0,"Google Search Ads",0
82,55614.00,"PhD",0,0,"Display Ads",0
82,55614.00,"PhD",0,0,"Email",0
64,59432.00,"Master",0,0,"Email",0
64,59432.00,"Master",0,0,"SMS",0
64,59432.00,"Master",0,0,"Social Media",0
64,59432.00,"Master",0,0,"Google Search Ads",0
64,59432.00,"Master",0,0,"Display Ads",0
64,59432.00,"Master",0,0,"Email",0
48,55563.00,"Graduation",0,0,"Email",0
48,55563.00,"Graduation",0,0,"SMS",0
48,55563.00,"Graduation",0,0,"Social Media",0
48,55563.00,"Graduation",0,0,"Google Search Ads",0
48,55563.00,"Graduation",0,0,"Display Ads",0
48,55563.00,"Graduation",0,0,"Email",0
55,78642.00,"PhD",0,0,"Email",0
55,78642.00,"PhD",0,0,"SMS",0
55,78642.00,"PhD",0,0,"Social Media",0
55,78642.00,"PhD",0,0,"Google Search Ads",0
55,78642.00,"PhD",0,0,"Display Ads",0
55,78642.00,"PhD",0,0,"Email",0
77,67911.00,"PhD",0,0,"Email",0
77,67911.00,"PhD",0,0,"SMS",0
77,67911.00,"PhD",0,0,"Social Media",0
77,67911.00,"PhD",0,0,"Google Search Ads",0
77,67911.00,"PhD",0,0,"Display Ads",0
77,67911.00,"PhD",0,0,"Email",0
82,65275.00,"Graduation",0,0,"Email",0
82,65275.00,"Graduation",0,0,"SMS",0
82,65275.00,"Graduation",0,0,"Social Media",0
82,65275.00,"Graduation",0,0,"Google Search Ads",0
82,65275.00,"Graduation",0,0,"Display Ads",0
82,65275.00,"Graduation",0,0,"Email",0
76,27203.00,"Graduation",26,38.94,"Email",0
76,27203.00,"Graduation",26,38.94,"SMS",0
76,27203.00,"Graduation",26,38.94,"Social Media",1
76,27203.00,"Graduation",26,38.94,"Google Search Ads",0
76,27203.00,"Graduation",26,38.94,"Display Ads",0
76,27203.00,"Graduation",26,38.94,"Email",1
65,48330.00,"Master",26,38.94,"Email",0
65,48330.00,"Master",26,38.94,"SMS",0
65,48330.00,"Master",26,38.94,"Social Media",1
65,48330.00,"Master",26,38.94,"Google Search Ads",0
65,48330.00,"Master",26,38.94,"Display Ads",0
65,48330.00,"Master",26,38.94,"Email",1
36,24279.00,"Basic",22,55.23,"Email",0
36,24279.00,"Basic",22,55.23,"SMS",0
36,24279.00,"Basic",22,55.23,"Social Media",1
36,24279.00,"Basic",22,55.23,"Google Search Ads",0
36,24279.00,"Basic",22,55.23,"Display Ads",0
36,24279.00,"Basic",22,55.23,"Email",1
41,64355.00,"PhD",18,45.00,"Email",0
41,64355.00,"PhD",18,45.00,"SMS",0
41,64355.00,"PhD",18,45.00,"Social Media",1
41,64355.00,"PhD",18,45.00,"Google Search Ads",0
41,64355.00,"PhD",18,45.00,"Display Ads",0
41,64355.00,"PhD",18,45.00,"Email",1
70,50943.00,"Master",22,46.02,"Email",0
70,50943.00,"Master",22,46.02,"SMS",0
70,50943.00,"Master",22,46.02,"Social Media",1
70,50943.00,"Master",22,46.02,"Google Search Ads",0
70,50943.00,"Master",22,46.02,"Display Ads",0
70,50943.00,"Master",22,46.02,"Email",1
73,53653.00,"Graduation",26,31.15,"Email",0
73,53653.00,"Graduation",26,31.15,"SMS",0
73,53653.00,"Graduation",26,31.15,"Social Media",1
73,53653.00,"Graduation",26,31.15,"Google Search Ads",0
73,53653.00,"Graduation",26,31.15,"Display Ads",0
73,53653.00,"Graduation",26,31.15,"Email",1
50,65665.00,"Graduation",18,45.00,"Email",0
50,65665.00,"Graduation",18,45.00,"SMS",0
50,65665.00,"Graduation",18,45.00,"Social Media",1
50,65665.00,"Graduation",18,45.00,"Google Search Ads",0
50,65665.00,"Graduation",18,45.00,"Display Ads",0
50,65665.00,"Graduation",18,45.00,"Email",1
37,81217.00,"Graduation",22,36.82,"Email",0
37,81217.00,"Graduation",22,36.82,"SMS",0
37,81217.00,"Graduation",22,36.82,"Social Media",1
37,81217.00,"Graduation",22,36.82,"Google Search Ads",0
37,81217.00,"Graduation",22,36.82,"Display Ads",0
37,81217.00,"Graduation",22,36.82,"Email",1
34,34935.00,"Graduation",22,55.23,"Email",0
34,34935.00,"Graduation",22,55.23,"SMS",0
34,34935.00,"Graduation",22,55.23,"Social Media",1
34,34935.00,"Graduation",22,55.23,"Google Search Ads",0
34,34935.00,"Graduation",22,55.23,"Display Ads",0
34,34935.00,"Graduation",22,55.23,"Email",1
67,61250.00,"Graduation",22,46.02,"Email",0
67,61250.00,"Graduation",22,46.02,"SMS",0
67,61250.00,"Graduation",22,46.02,"Social Media",1
67,61250.00,"Graduation",22,46.02,"Google Search Ads",0
67,61250.00,"Graduation",22,46.02,"Display Ads",0
67,61250.00,"Graduation",22,46.02,"Email",1
45,39665.00,"PhD",18,67.50,"Email",0
45,39665.00,"PhD",18,67.50,"SMS",0
45,39665.00,"PhD",18,67.50,"Social Media",1
45,39665.00,"PhD",18,67.50,"Google Search Ads",0
45,39665.00,"PhD",18,67.50,"Display Ads",0
45,39665.00,"PhD",18,67.50,"Email",1
47,60152.00,"Graduation",22,55.23,"Email",0
47,60152.00,"Graduation",22,55.23,"SMS",0
47,60152.00,"Graduation",22,55.23,"Social Media",1
47,60152.00,"Graduation",22,55.23,"Google Search Ads",0
47,60152.00,"Graduation",22,55.23,"Display Ads",0
47,60152.00,"Graduation",22,55.23,"Email",1
62,48920.00,"Graduation",18,56.25,"Email",0
62,48920.00,"Graduation",18,56.25,"SMS",0
62,48920.00,"Graduation",18,56.25,"Social Media",1
62,48920.00,"Graduation",18,56.25,"Google Search Ads",0
62,48920.00,"Graduation",18,56.25,"Display Ads",0
62,48920.00,"Graduation",18,56.25,"Email",1
67,89120.00,"Master",22,36.82,"Email",0
67,89120.00,"Master",22,36.82,"SMS",0
67,89120.00,"Master",22,36.82,"Social Media",1
67,89120.00,"Master",22,36.82,"Google Search Ads",0
67,89120.00,"Master",22,36.82,"Display Ads",0
67,89120.00,"Master",22,36.82,"Email",1
80,44124.00,"PhD",22,55.23,"Email",0
80,44124.00,"PhD",22,55.23,"SMS",0
80,44124.00,"PhD",22,55.23,"Social Media",1
80,44124.00,"PhD",22,55.23,"Google Search Ads",0
80,44124.00,"PhD",22,55.23,"Display Ads",0
80,44124.00,"PhD",22,55.23,"Email",1
51,81169.00,"Master",22,46.02,"Email",0
51,81169.00,"Master",22,46.02,"SMS",0
51,81169.00,"Master",22,46.02,"Social Media",1
51,81169.00,"Master",22,46.02,"Google Search Ads",0
51,81169.00,"Master",22,46.02,"Display Ads",0
51,81169.00,"Master",22,46.02,"Email",1
65,36443.00,"Graduation",22,46.02,"Email",0
65,36443.00,"Graduation",22,46.02,"SMS",0
65,36443.00,"Graduation",22,46.02,"Social Media",1
65,36443.00,"Graduation",22,46.02,"Google Search Ads",0
65,36443.00,"Graduation",22,46.02,"Display Ads",0
65,36443.00,"Graduation",22,46.02,"Email",1
36,26095.00,"Graduation",22,46.02,"Email",0
36,26095.00,"Graduation",22,46.02,"SMS",0
36,26095.00,"Graduation",22,46.02,"Social Media",1
36,26095.00,"Graduation",22,46.02,"Google Search Ads",0
36,26095.00,"Graduation",22,46.02,"Display Ads",0
36,26095.00,"Graduation",22,46.02,"Email",1
67,71367.00,"Graduation",26,31.15,"Email",0
67,71367.00,"Graduation",26,31.15,"SMS",0
67,71367.00,"Graduation",26,31.15,"Social Media",1
67,71367.00,"Graduation",26,31.15,"Google Search Ads",0
67,71367.00,"Graduation",26,31.15,"Display Ads",0
67,71367.00,"Graduation",26,31.15,"Email",1
82,80184.00,"Master",18,56.25,"Email",0
82,80184.00,"Master",18,56.25,"SMS",0
82,80184.00,"Master",18,56.25,"Social Media",1
82,80184.00,"Master",18,56.25,"Google Search Ads",0
82,80184.00,"Master",18,56.25,"Display Ads",0
82,80184.00,"Master",18,56.25,"Email",1
61,30630.00,"Graduation",22,55.23,"Email",0
61,30630.00,"Graduation",22,55.23,"SMS",0
61,30630.00,"Graduation",22,55.23,"Social Media",1
61,30630.00,"Graduation",22,55.23,"Google Search Ads",0
61,30630.00,"Graduation",22,55.23,"Display Ads",0
61,30630.00,"Graduation",22,55.23,"Email",1
39,73454.00,"Master",22,55.23,"Email",0
39,73454.00,"Master",22,55.23,"SMS",0
39,73454.00,"Master",22,55.23,"Social Media",1
39,73454.00,"Master",22,55.23,"Google Search Ads",0
39,73454.00,"Master",22,55.23,"Display Ads",0
39,73454.00,"Master",22,55.23,"Email",1
35,42691.00,"Graduation",18,56.25,"Email",0
35,42691.00,"Graduation",18,56.25,"SMS",0
35,42691.00,"Graduation",18,56.25,"Social Media",1
35,42691.00,"Graduation",18,56.25,"Google Search Ads",0
35,42691.00,"Graduation",18,56.25,"Display Ads",0
35,42691.00,"Graduation",18,56.25,"Email",1
73,70503.00,"Graduation",22,36.82,"Email",0
73,70503.00,"Graduation",22,36.82,"SMS",0
73,70503.00,"Graduation",22,36.82,"Social Media",1
73,70503.00,"Graduation",22,36.82,"Google Search Ads",0
73,70503.00,"Graduation",22,36.82,"Display Ads",0
73,70503.00,"Graduation",22,36.82,"Email",1
39,25545.00,"Graduation",22,36.82,"Email",0
39,25545.00,"Graduation",22,36.82,"SMS",0
39,25545.00,"Graduation",22,36.82,"Social Media",1
39,25545.00,"Graduation",22,36.82,"Google Search Ads",0
39,25545.00,"Graduation",22,36.82,"Display Ads",0
39,25545.00,"Graduation",22,36.82,"Email",1
40,32880.00,"Graduation",18,56.25,"Email",0
40,32880.00,"Graduation",18,56.25,"SMS",0
40,32880.00,"Graduation",18,56.25,"Social Media",1
40,32880.00,"Graduation",18,56.25,"Google Search Ads",0
40,32880.00,"Graduation",18,56.25,"Display Ads",0
40,32880.00,"Graduation",18,56.25,"Email",1
68,77863.00,"PhD",22,36.82,"Email",0
68,77863.00,"PhD",22,36.82,"SMS",0
68,77863.00,"PhD",22,36.82,"Social Media",1
68,77863.00,"PhD",22,36.82,"Google Search Ads",0
68,77863.00,"PhD",22,36.82,"Display Ads",0
68,77863.00,"PhD",22,36.82,"Email",1
49,50353.00,"Master",18,45.00,"Email",0
49,50353.00,"Master",18,45.00,"SMS",0
49,50353.00,"Master",18,45.00,"Social Media",1
49,50353.00,"Master",18,45.00,"Google Search Ads",0
49,50353.00,"Master",18,45.00,"Display Ads",0
49,50353.00,"Master",18,45.00,"Email",1
62,61839.00,"Graduation",26,31.15,"Email",0
62,61839.00,"Graduation",26,31.15,"SMS",0
62,61839.00,"Graduation",26,31.15,"Social Media",1
62,61839.00,"Graduation",26,31.15,"Google Search Ads",0
62,61839.00,"Graduation",26,31.15,"Display Ads",0
62,61839.00,"Graduation",26,31.15,"Email",1
66,49154.00,"PhD",22,46.02,"Email",0
66,49154.00,"PhD",22,46.02,"SMS",0
66,49154.00,"PhD",22,46.02,"Social Media",1
66,49154.00,"PhD",22,46.02,"Google Search Ads",0
66,49154.00,"PhD",22,46.02,"Display Ads",0
66,49154.00,"PhD",22,46.02,"Email",1
51,47682.00,"2n Cycle",22,46.02,"Email",0
51,47682.00,"2n Cycle",22,46.02,"SMS",0
51,47682.00,"2n Cycle",22,46.02,"Social Media",1
51,47682.00,"2n Cycle",22,46.02,"Google Search Ads",0
51,47682.00,"2n Cycle",22,46.02,"Display Ads",0
51,47682.00,"2n Cycle",22,46.02,"Email",1
57,72679.00,"Graduation",18,56.25,"Email",0
57,72679.00,"Graduation",18,56.25,"SMS",0
57,72679.00,"Graduation",18,56.25,"Social Media",1
57,72679.00,"Graduation",18,56.25,"Google Search Ads",0
57,72679.00,"Graduation",18,56.25,"Display Ads",0
57,72679.00,"Graduation",18,56.25,"Email",1
49,57954.00,"Master",26,31.15,"Email",0
49,57954.00,"Master",26,31.15,"SMS",0
49,57954.00,"Master",26,31.15,"Social Media",1
49,57954.00,"Master",26,31.15,"Google Search Ads",0
49,57954.00,"Master",26,31.15,"Display Ads",0
49,57954.00,"Master",26,31.15,"Email",1
64,65316.00,"Graduation",18,56.25,"Email",0
64,65316.00,"Graduation",18,56.25,"SMS",0
64,65316.00,"Graduation",18,56.25,"Social Media",1
64,65316.00,"Graduation",18,56.25,"Google Search Ads",0
64,65316.00,"Graduation",18,56.25,"Display Ads",0
64,65316.00,"Graduation",18,56.25,"Email",1
44,28567.00,"Graduation",26,46.73,"Email",0
44,28567.00,"Graduation",26,46.73,"SMS",0
44,28567.00,"Graduation",26,46.73,"Social Media",1
44,28567.00,"Graduation",26,46.73,"Google Search Ads",0
44,28567.00,"Graduation",26,46.73,"Display Ads",0
44,28567.00,"Graduation",26,46.73,"Email",1
75,47352.00,"Master",22,46.02,"Email",0
75,47352.00,"Master",22,46.02,"SMS",0
75,47352.00,"Master",22,46.02,"Social Media",1
75,47352.00,"Master",22,46.02,"Google Search Ads",0
75,47352.00,"Master",22,46.02,"Display Ads",0
75,47352.00,"Master",22,46.02,"Email",1
59,44931.00,"Graduation",26,31.15,"Email",0
59,44931.00,"Graduation",26,31.15,"SMS",0
59,44931.00,"Graduation",26,31.15,"Social Media",1
59,44931.00,"Graduation",26,31.15,"Google Search Ads",0
59,44931.00,"Graduation",26,31.15,"Display Ads",0
59,44931.00,"Graduation",26,31.15,"Email",1
59,76982.00,"Graduation",22,46.02,"Email",0
59,76982.00,"Graduation",22,46.02,"SMS",0
59,76982.00,"Graduation",22,46.02,"Social Media",1
59,76982.00,"Graduation",22,46.02,"Google Search Ads",0
59,76982.00,"Graduation",22,46.02,"Display Ads",0
59,76982.00,"Graduation",22,46.02,"Email",1
74,57247.00,"2n Cycle",18,56.25,"Email",0
74,57247.00,"2n Cycle",18,56.25,"SMS",0
74,57247.00,"2n Cycle",18,56.25,"Social Media",1
74,57247.00,"2n Cycle",18,56.25,"Google Search Ads",0
74,57247.00,"2n Cycle",18,56.25,"Display Ads",0
74,57247.00,"2n Cycle",18,56.25,"Email",1
45,22944.00,"Master",22,46.02,"Email",0
45,22944.00,"Master",22,46.02,"SMS",0
45,22944.00,"Master",22,46.02,"Social Media",1
45,22944.00,"Master",22,46.02,"Google Search Ads",0
45,22944.00,"Master",22,46.02,"Display Ads",0
45,22944.00,"Master",22,46.02,"Email",1
49,25315.00,"2n Cycle",22,46.02,"Email",0
49,25315.00,"2n Cycle",22,46.02,"SMS",0
49,25315.00,"2n Cycle",22,46.02,"Social Media",1
49,25315.00,"2n Cycle",22,46.02,"Google Search Ads",0
49,25315.00,"2n Cycle",22,46.02,"Display Ads",0
49,25315.00,"2n Cycle",22,46.02,"Email",1
57,43638.00,"Graduation",22,46.02,"Email",0
57,43638.00,"Graduation",22,46.02,"SMS",0
57,43638.00,"Graduation",22,46.02,"Social Media",1
57,43638.00,"Graduation",22,46.02,"Google Search Ads",0
57,43638.00,"Graduation",22,46.02,"Display Ads",0
57,43638.00,"Graduation",22,46.02,"Email",1
42,42710.00,"PhD",22,55.23,"Email",0
42,42710.00,"PhD",22,55.23,"SMS",0
42,42710.00,"PhD",22,55.23,"Social Media",1
42,42710.00,"PhD",22,55.23,"Google Search Ads",0
42,42710.00,"PhD",22,55.23,"Display Ads",0
42,42710.00,"PhD",22,55.23,"Email",1
44,84169.00,"PhD",26,31.15,"Email",0
44,84169.00,"PhD",26,31.15,"SMS",0
44,84169.00,"PhD",26,31.15,"Social Media",1
44,84169.00,"PhD",26,31.15,"Google Search Ads",0
44,84169.00,"PhD",26,31.15,"Display Ads",0
44,84169.00,"PhD",26,31.15,"Email",1
50,54058.00,"Graduation",26,46.73,"Email",0
50,54058.00,"Graduation",26,46.73,"SMS",0
50,54058.00,"Graduation",26,46.73,"Social Media",1
50,54058.00,"Graduation",26,46.73,"Google Search Ads",0
50,54058.00,"Graduation",26,46.73,"Display Ads",0
50,54058.00,"Graduation",26,46.73,"Email",1
36,24683.00,"2n Cycle",18,56.25,"Email",0
36,24683.00,"2n Cycle",18,56.25,"SMS",0
36,24683.00,"2n Cycle",18,56.25,"Social Media",1
36,24683.00,"2n Cycle",18,56.25,"Google Search Ads",0
36,24683.00,"2n Cycle",18,56.25,"Display Ads",0
36,24683.00,"2n Cycle",18,56.25,"Email",1
62,85620.00,"Graduation",18,56.25,"Email",0
62,85620.00,"Graduation",18,56.25,"SMS",0
62,85620.00,"Graduation",18,56.25,"Social Media",1
62,85620.00,"Graduation",18,56.25,"Google Search Ads",0
62,85620.00,"Graduation",18,56.25,"Display Ads",0
62,85620.00,"Graduation",18,56.25,"Email",1
46,47850.00,"Graduation",18,56.25,"Email",0
46,47850.00,"Graduation",18,56.25,"SMS",0
46,47850.00,"Graduation",18,56.25,"Social Media",1
46,47850.00,"Graduation",18,56.25,"Google Search Ads",0
46,47850.00,"Graduation",18,56.25,"Display Ads",0
46,47850.00,"Graduation",18,56.25,"Email",1
58,19514.00,"Graduation",22,46.02,"Email",0
58,19514.00,"Graduation",22,46.02,"SMS",0
58,19514.00,"Graduation",22,46.02,"Social Media",1
58,19514.00,"Graduation",22,46.02,"Google Search Ads",0
58,19514.00,"Graduation",22,46.02,"Display Ads",0
58,19514.00,"Graduation",22,46.02,"Email",1
53,27159.00,"Master",22,46.02,"Email",0
53,27159.00,"Master",22,46.02,"SMS",0
53,27159.00,"Master",22,46.02,"Social Media",1
53,27159.00,"Master",22,46.02,"Google Search Ads",0
53,27159.00,"Master",22,46.02,"Display Ads",0
53,27159.00,"Master",22,46.02,"Email",1
63,39548.00,"2n Cycle",22,55.23,"Email",0
63,39548.00,"2n Cycle",22,55.23,"SMS",0
63,39548.00,"2n Cycle",22,55.23,"Social Media",1
63,39548.00,"2n Cycle",22,55.23,"Google Search Ads",0
63,39548.00,"2n Cycle",22,55.23,"Display Ads",0
63,39548.00,"2n Cycle",22,55.23,"Email",1
37,21474.00,"Graduation",18,56.25,"Email",0
37,21474.00,"Graduation",18,56.25,"SMS",0
37,21474.00,"Graduation",18,56.25,"Social Media",1
37,21474.00,"Graduation",18,56.25,"Google Search Ads",0
37,21474.00,"Graduation",18,56.25,"Display Ads",0
37,21474.00,"Graduation",18,56.25,"Email",1
55,60504.00,"PhD",22,46.02,"Email",0
55,60504.00,"PhD",22,46.02,"SMS",0
55,60504.00,"PhD",22,46.02,"Social Media",1
55,60504.00,"PhD",22,46.02,"Google Search Ads",0
55,60504.00,"PhD",22,46.02,"Display Ads",0
55,60504.00,"PhD",22,46.02,"Email",1
63,22419.00,"Graduation",22,36.82,"Email",0
63,22419.00,"Graduation",22,36.82,"SMS",0
63,22419.00,"Graduation",22,36.82,"Social Media",1
63,22419.00,"Graduation",22,36.82,"Google Search Ads",0
63,22419.00,"Graduation",22,36.82,"Display Ads",0
63,22419.00,"Graduation",22,36.82,"Email",1
77,81698.00,"Master",22,46.02,"Email",0
77,81698.00,"Master",22,46.02,"SMS",0
77,81698.00,"Master",22,46.02,"Social Media",1
77,81698.00,"Master",22,46.02,"Google Search Ads",0
77,81698.00,"Master",22,46.02,"Display Ads",0
77,81698.00,"Master",22,46.02,"Email",1
74,43462.00,"Graduation",22,46.02,"Email",0
74,43462.00,"Graduation",22,46.02,"SMS",0
74,43462.00,"Graduation",22,46.02,"Social Media",1
74,43462.00,"Graduation",22,46.02,"Google Search Ads",0
74,43462.00,"Graduation",22,46.02,"Display Ads",0
74,43462.00,"Graduation",22,46.02,"Email",1
48,54880.00,"PhD",22,46.02,"Email",0
48,54880.00,"PhD",22,46.02,"SMS",0
48,54880.00,"PhD",22,46.02,"Social Media",1
48,54880.00,"PhD",22,46.02,"Google Search Ads",0
48,54880.00,"PhD",22,46.02,"Display Ads",0
48,54880.00,"PhD",22,46.02,"Email",1
44,79908.00,"Graduation",18,56.25,"Email",0
44,79908.00,"Graduation",18,56.25,"SMS",0
44,79908.00,"Graduation",18,56.25,"Social Media",1
44,79908.00,"Graduation",18,56.25,"Google Search Ads",0
44,79908.00,"Graduation",18,56.25,"Display Ads",0
44,79908.00,"Graduation",18,56.25,"Email",1
56,15315.00,"2n Cycle",18,67.50,"Email",0
56,15315.00,"2n Cycle",18,67.50,"SMS",0
56,15315.00,"2n Cycle",18,67.50,"Social Media",1
56,15315.00,"2n Cycle",18,67.50,"Google Search Ads",0
56,15315.00,"2n Cycle",18,67.50,"Display Ads",0
56,15315.00,"2n Cycle",18,67.50,"Email",1
67,87771.00,"Graduation",18,56.25,"Email",0
67,87771.00,"Graduation",18,56.25,"SMS",0
67,87771.00,"Graduation",18,56.25,"Social Media",1
67,87771.00,"Graduation",18,56.25,"Google Search Ads",0
67,87771.00,"Graduation",18,56.25,"Display Ads",0
67,87771.00,"Graduation",18,56.25,"Email",1
48,33039.00,"Graduation",22,46.02,"Email",0
48,33039.00,"Graduation",22,46.02,"SMS",0
48,33039.00,"Graduation",22,46.02,"Social Media",1
48,33039.00,"Graduation",22,46.02,"Google Search Ads",0
48,33039.00,"Graduation",22,46.02,"Display Ads",0
48,33039.00,"Graduation",22,46.02,"Email",1
46,81741.00,"Graduation",22,46.02,"Email",0
46,81741.00,"Graduation",22,46.02,"SMS",0
46,81741.00,"Graduation",22,46.02,"Social Media",1
46,81741.00,"Graduation",22,46.02,"Google Search Ads",0
46,81741.00,"Graduation",22,46.02,"Display Ads",0
46,81741.00,"Graduation",22,46.02,"Email",1
55,71499.00,"Master",26,38.94,"Email",0
55,71499.00,"Master",26,38.94,"SMS",0
55,71499.00,"Master",26,38.94,"Social Media",1
55,71499.00,"Master",26,38.94,"Google Search Ads",0
55,71499.00,"Master",26,38.94,"Display Ads",0
55,71499.00,"Master",26,38.94,"Email",1
56,62466.00,"2n Cycle",22,36.82,"Email",0
56,62466.00,"2n Cycle",22,36.82,"SMS",0
56,62466.00,"2n Cycle",22,36.82,"Social Media",1
56,62466.00,"2n Cycle",22,36.82,"Google Search Ads",0
56,62466.00,"2n Cycle",22,36.82,"Display Ads",0
56,62466.00,"2n Cycle",22,36.82,"Email",1
63,48799.00,"PhD",26,38.94,"Email",0
63,48799.00,"PhD",26,38.94,"SMS",0
63,48799.00,"PhD",26,38.94,"Social Media",1
63,48799.00,"PhD",26,38.94,"Google Search Ads",0
63,48799.00,"PhD",26,38.94,"Display Ads",0
63,48799.00,"PhD",26,38.94,"Email",1
76,52157.00,"PhD",22,46.02,"Email",0
76,52157.00,"PhD",22,46.02,"SMS",0
76,52157.00,"PhD",22,46.02,"Social Media",1
76,52157.00,"PhD",22,46.02,"Google Search Ads",0
76,52157.00,"PhD",22,46.02,"Display Ads",0
76,52157.00,"PhD",22,46.02,"Email",1
64,66565.00,"Graduation",22,55.23,"Email",0
64,66565.00,"Graduation",22,55.23,"SMS",0
64,66565.00,"Graduation",22,55.23,"Social Media",1
64,66565.00,"Graduation",22,55.23,"Google Search Ads",0
64,66565.00,"Graduation",22,55.23,"Display Ads",0
64,66565.00,"Graduation",22,55.23,"Email",1
75,29298.00,"Master",26,38.94,"Email",0
75,29298.00,"Master",26,38.94,"SMS",0
75,29298.00,"Master",26,38.94,"Social Media",1
75,29298.00,"Master",26,38.94,"Google Search Ads",0
75,29298.00,"Master",26,38.94,"Display Ads",0
75,29298.00,"Master",26,38.94,"Email",1
47,47691.00,"Graduation",22,46.02,"Email",0
47,47691.00,"Graduation",22,46.02,"SMS",0
47,47691.00,"Graduation",22,46.02,"Social Media",1
47,47691.00,"Graduation",22,46.02,"Google Search Ads",0
47,47691.00,"Graduation",22,46.02,"Display Ads",0
47,47691.00,"Graduation",22,46.02,"Email",1
56,38200.00,"Graduation",18,45.00,"Email",0
56,38200.00,"Graduation",18,45.00,"SMS",0
56,38200.00,"Graduation",18,45.00,"Social Media",1
56,38200.00,"Graduation",18,45.00,"Google Search Ads",0
56,38200.00,"Graduation",18,45.00,"Display Ads",0
56,38200.00,"Graduation",18,45.00,"Email",1
52,44989.00,"Graduation",18,56.25,"Email",0
52,44989.00,"Graduation",18,56.25,"SMS",0
52,44989.00,"Graduation",18,56.25,"Social Media",1
52,44989.00,"Graduation",18,56.25,"Google Search Ads",0
52,44989.00,"Graduation",18,56.25,"Display Ads",0
52,44989.00,"Graduation",18,56.25,"Email",1
58,38443.00,"PhD",18,67.50,"Email",0
58,38443.00,"PhD",18,67.50,"SMS",0
58,38443.00,"PhD",18,67.50,"Social Media",1
58,38443.00,"PhD",18,67.50,"Google Search Ads",0
58,38443.00,"PhD",18,67.50,"Display Ads",0
58,38443.00,"PhD",18,67.50,"Email",1
48,38593.00,"2n Cycle",22,46.02,"Email",0
48,38593.00,"2n Cycle",22,46.02,"SMS",0
48,38593.00,"2n Cycle",22,46.02,"Social Media",1
48,38593.00,"2n Cycle",22,46.02,"Google Search Ads",0
48,38593.00,"2n Cycle",22,46.02,"Display Ads",0
48,38593.00,"2n Cycle",22,46.02,"Email",1
56,64413.00,"PhD",22,46.02,"Email",0
56,64413.00,"PhD",22,46.02,"SMS",0
56,64413.00,"PhD",22,46.02,"Social Media",1
56,64413.00,"PhD",22,46.02,"Google Search Ads",0
56,64413.00,"PhD",22,46.02,"Display Ads",0
56,64413.00,"PhD",22,46.02,"Email",1
45,36959.00,"Master",22,46.02,"Email",0
45,36959.00,"Master",22,46.02,"SMS",0
45,36959.00,"Master",22,46.02,"Social Media",1
45,36959.00,"Master",22,46.02,"Google Search Ads",0
45,36959.00,"Master",22,46.02,"Display Ads",0
45,36959.00,"Master",22,46.02,"Email",1
49,61996.00,"PhD",22,46.02,"Email",0
49,61996.00,"PhD",22,46.02,"SMS",0
49,61996.00,"PhD",22,46.02,"Social Media",1
49,61996.00,"PhD",22,46.02,"Google Search Ads",0
49,61996.00,"PhD",22,46.02,"Display Ads",0
49,61996.00,"PhD",22,46.02,"Email",1
58,51287.00,"Graduation",18,56.25,"Email",0
58,51287.00,"Graduation",18,56.25,"SMS",0
58,51287.00,"Graduation",18,56.25,"Social Media",1
58,51287.00,"Graduation",18,56.25,"Google Search Ads",0
58,51287.00,"Graduation",18,56.25,"Display Ads",0
58,51287.00,"Graduation",18,56.25,"Email",1
56,13260.00,"Graduation",22,55.23,"Email",0
56,13260.00,"Graduation",22,55.23,"SMS",0
56,13260.00,"Graduation",22,55.23,"Social Media",1
56,13260.00,"Graduation",22,55.23,"Google Search Ads",0
56,13260.00,"Graduation",22,55.23,"Display Ads",0
56,13260.00,"Graduation",22,55.23,"Email",1
60,47472.00,"PhD",26,38.94,"Email",0
60,47472.00,"PhD",26,38.94,"SMS",0
60,47472.00,"PhD",26,38.94,"Social Media",1
60,47472.00,"PhD",26,38.94,"Google Search Ads",0
60,47472.00,"PhD",26,38.94,"Display Ads",0
60,47472.00,"PhD",26,38.94,"Email",1
70,54603.00,"Master",26,38.94,"Email",0
70,54603.00,"Master",26,38.94,"SMS",0
70,54603.00,"Master",26,38.94,"Social Media",1
70,54603.00,"Master",26,38.94,"Google Search Ads",0
70,54603.00,"Master",26,38.94,"Display Ads",0
70,54603.00,"Master",26,38.94,"Email",1
52,45207.00,"PhD",26,38.94,"Email",0
52,45207.00,"PhD",26,38.94,"SMS",0
52,45207.00,"PhD",26,38.94,"Social Media",1
52,45207.00,"PhD",26,38.94,"Google Search Ads",0
52,45207.00,"PhD",26,38.94,"Display Ads",0
52,45207.00,"PhD",26,38.94,"Email",1
75,40689.00,"Graduation",26,38.94,"Email",0
75,40689.00,"Graduation",26,38.94,"SMS",0
75,40689.00,"Graduation",26,38.94,"Social Media",1
75,40689.00,"Graduation",26,38.94,"Google Search Ads",0
75,40689.00,"Graduation",26,38.94,"Display Ads",0
75,40689.00,"Graduation",26,38.94,"Email",1
59,47821.00,"2n Cycle",26,38.94,"Email",0
59,47821.00,"2n Cycle",26,38.94,"SMS",0
59,47821.00,"2n Cycle",26,38.94,"Social Media",1
59,47821.00,"2n Cycle",26,38.94,"Google Search Ads",0
59,47821.00,"2n Cycle",26,38.94,"Display Ads",0
59,47821.00,"2n Cycle",26,38.94,"Email",1
75,27450.00,"Master",18,56.25,"Email",0
75,27450.00,"Master",18,56.25,"SMS",0
75,27450.00,"Master",18,56.25,"Social Media",1
75,27450.00,"Master",18,56.25,"Google Search Ads",0
75,27450.00,"Master",18,56.25,"Display Ads",0
75,27450.00,"Master",18,56.25,"Email",1
43,39453.00,"Graduation",18,56.25,"Email",0
43,39453.00,"Graduation",18,56.25,"SMS",0
43,39453.00,"Graduation",18,56.25,"Social Media",1
43,39453.00,"Graduation",18,56.25,"Google Search Ads",0
43,39453.00,"Graduation",18,56.25,"Display Ads",0
43,39453.00,"Graduation",18,56.25,"Email",1
55,26850.00,"2n Cycle",22,36.82,"Email",0
55,26850.00,"2n Cycle",22,36.82,"SMS",0
55,26850.00,"2n Cycle",22,36.82,"Social Media",1
55,26850.00,"2n Cycle",22,36.82,"Google Search Ads",0
55,26850.00,"2n Cycle",22,36.82,"Display Ads",0
55,26850.00,"2n Cycle",22,36.82,"Email",1
71,79800.00,"Graduation",26,31.15,"Email",0
71,79800.00,"Graduation",26,31.15,"SMS",0
71,79800.00,"Graduation",26,31.15,"Social Media",1
71,79800.00,"Graduation",26,31.15,"Google Search Ads",0
71,79800.00,"Graduation",26,31.15,"Display Ads",0
71,79800.00,"Graduation",26,31.15,"Email",1
65,61794.00,"Master",22,46.02,"Email",0
65,61794.00,"Master",22,46.02,"SMS",0
65,61794.00,"Master",22,46.02,"Social Media",1
65,61794.00,"Master",22,46.02,"Google Search Ads",0
65,61794.00,"Master",22,46.02,"Display Ads",0
65,61794.00,"Master",22,46.02,"Email",1
71,53863.00,"Graduation",22,36.82,"Email",0
71,53863.00,"Graduation",22,36.82,"SMS",0
71,53863.00,"Graduation",22,36.82,"Social Media",1
71,53863.00,"Graduation",22,36.82,"Google Search Ads",0
71,53863.00,"Graduation",22,36.82,"Display Ads",0
71,53863.00,"Graduation",22,36.82,"Email",1
67,24221.00,"Graduation",26,38.94,"Email",0
67,24221.00,"Graduation",26,38.94,"SMS",0
67,24221.00,"Graduation",26,38.94,"Social Media",1
67,24221.00,"Graduation",26,38.94,"Google Search Ads",0
67,24221.00,"Graduation",26,38.94,"Display Ads",0
67,24221.00,"Graduation",26,38.94,"Email",1
42,39684.00,"PhD",22,46.02,"Email",0
42,39684.00,"PhD",22,46.02,"SMS",0
42,39684.00,"PhD",22,46.02,"Social Media",1
42,39684.00,"PhD",22,46.02,"Google Search Ads",0
42,39684.00,"PhD",22,46.02,"Display Ads",0
42,39684.00,"PhD",22,46.02,"Email",1
51,92163.00,"Master",26,38.94,"Email",0
51,92163.00,"Master",26,38.94,"SMS",0
51,92163.00,"Master",26,38.94,"Social Media",1
51,92163.00,"Master",26,38.94,"Google Search Ads",0
51,92163.00,"Master",26,38.94,"Display Ads",0
51,92163.00,"Master",26,38.94,"Email",1
61,69882.00,"Master",22,55.23,"Email",0
61,69882.00,"Master",22,55.23,"SMS",0
61,69882.00,"Master",22,55.23,"Social Media",1
61,69882.00,"Master",22,55.23,"Google Search Ads",0
61,69882.00,"Master",22,55.23,"Display Ads",0
61,69882.00,"Master",22,55.23,"Email",1
49,33178.00,"Graduation",18,56.25,"Email",0
49,33178.00,"Graduation",18,56.25,"SMS",0
49,33178.00,"Graduation",18,56.25,"Social Media",1
49,33178.00,"Graduation",18,56.25,"Google Search Ads",0
49,33178.00,"Graduation",18,56.25,"Display Ads",0
49,33178.00,"Graduation",18,56.25,"Email",1
54,59973.00,"PhD",22,36.82,"Email",0
54,59973.00,"PhD",22,36.82,"SMS",0
54,59973.00,"PhD",22,36.82,"Social Media",1
54,59973.00,"PhD",22,36.82,"Google Search Ads",0
54,59973.00,"PhD",22,36.82,"Display Ads",0
54,59973.00,"PhD",22,36.82,"Email",1
51,17459.00,"Master",22,46.02,"Email",0
51,17459.00,"Master",22,46.02,"SMS",0
51,17459.00,"Master",22,46.02,"Social Media",1
51,17459.00,"Master",22,46.02,"Google Search Ads",0
51,17459.00,"Master",22,46.02,"Display Ads",0
51,17459.00,"Master",22,46.02,"Email",1
57,23910.00,"Graduation",26,46.73,"Email",0
57,23910.00,"Graduation",26,46.73,"SMS",0
57,23910.00,"Graduation",26,46.73,"Social Media",1
57,23910.00,"Graduation",26,46.73,"Google Search Ads",0
57,23910.00,"Graduation",26,46.73,"Display Ads",0
57,23910.00,"Graduation",26,46.73,"Email",1
57,42169.00,"Master",18,67.50,"Email",0
57,42169.00,"Master",18,67.50,"SMS",0
57,42169.00,"Master",18,67.50,"Social Media",1
57,42169.00,"Master",18,67.50,"Google Search Ads",0
57,42169.00,"Master",18,67.50,"Display Ads",0
57,42169.00,"Master",18,67.50,"Email",1
48,26224.00,"2n Cycle",18,45.00,"Email",0
48,26224.00,"2n Cycle",18,45.00,"SMS",0
48,26224.00,"2n Cycle",18,45.00,"Social Media",1
48,26224.00,"2n Cycle",18,45.00,"Google Search Ads",0
48,26224.00,"2n Cycle",18,45.00,"Display Ads",0
48,26224.00,"2n Cycle",18,45.00,"Email",1
45,31089.00,"Graduation",22,46.02,"Email",0
45,31089.00,"Graduation",22,46.02,"SMS",0
45,31089.00,"Graduation",22,46.02,"Social Media",1
45,31089.00,"Graduation",22,46.02,"Google Search Ads",0
45,31089.00,"Graduation",22,46.02,"Display Ads",0
45,31089.00,"Graduation",22,46.02,"Email",1
65,30081.00,"Graduation",22,46.02,"Email",0
65,30081.00,"Graduation",22,46.02,"SMS",0
65,30081.00,"Graduation",22,46.02,"Social Media",1
65,30081.00,"Graduation",22,46.02,"Google Search Ads",0
65,30081.00,"Graduation",22,46.02,"Display Ads",0
65,30081.00,"Graduation",22,46.02,"Email",1
66,62807.00,"Graduation",22,46.02,"Email",0
66,62807.00,"Graduation",22,46.02,"SMS",0
66,62807.00,"Graduation",22,46.02,"Social Media",1
66,62807.00,"Graduation",22,46.02,"Google Search Ads",0
66,62807.00,"Graduation",22,46.02,"Display Ads",0
66,62807.00,"Graduation",22,46.02,"Email",1
71,72906.00,"Graduation",18,67.50,"Email",0
71,72906.00,"Graduation",18,67.50,"SMS",0
71,72906.00,"Graduation",18,67.50,"Social Media",1
71,72906.00,"Graduation",18,67.50,"Google Search Ads",0
71,72906.00,"Graduation",18,67.50,"Display Ads",0
71,72906.00,"Graduation",18,67.50,"Email",1
78,61467.00,"PhD",22,46.02,"Email",0
78,61467.00,"PhD",22,46.02,"SMS",0
78,61467.00,"PhD",22,46.02,"Social Media",1
78,61467.00,"PhD",22,46.02,"Google Search Ads",0
78,61467.00,"PhD",22,46.02,"Display Ads",0
78,61467.00,"PhD",22,46.02,"Email",1
60,49618.00,"Master",26,38.94,"Email",0
60,49618.00,"Master",26,38.94,"SMS",0
60,49618.00,"Master",26,38.94,"Social Media",1
60,49618.00,"Master",26,38.94,"Google Search Ads",0
60,49618.00,"Master",26,38.94,"Display Ads",0
60,49618.00,"Master",26,38.94,"Email",1
40,21888.00,"Master",22,46.02,"Email",0
40,21888.00,"Master",22,46.02,"SMS",0
40,21888.00,"Master",22,46.02,"Social Media",1
40,21888.00,"Master",22,46.02,"Google Search Ads",0
40,21888.00,"Master",22,46.02,"Display Ads",0
40,21888.00,"Master",22,46.02,"Email",1
53,42429.00,"Graduation",26,46.73,"Email",0
53,42429.00,"Graduation",26,46.73,"SMS",0
53,42429.00,"Graduation",26,46.73,"Social Media",1
53,42429.00,"Graduation",26,46.73,"Google Search Ads",0
53,42429.00,"Graduation",26,46.73,"Display Ads",0
53,42429.00,"Graduation",26,46.73,"Email",1
70,26150.00,"Graduation",22,46.02,"Email",0
70,26150.00,"Graduation",22,46.02,"SMS",0
70,26150.00,"Graduation",22,46.02,"Social Media",1
70,26150.00,"Graduation",22,46.02,"Google Search Ads",0
70,26150.00,"Graduation",22,46.02,"Display Ads",0
70,26150.00,"Graduation",22,46.02,"Email",1
51,30801.00,"Basic",18,56.25,"Email",0
51,30801.00,"Basic",18,56.25,"SMS",0
51,30801.00,"Basic",18,56.25,"Social Media",1
51,30801.00,"Basic",18,56.25,"Google Search Ads",0
51,30801.00,"Basic",18,56.25,"Display Ads",0
51,30801.00,"Basic",18,56.25,"Email",1
61,81168.00,"Graduation",18,67.50,"Email",0
61,81168.00,"Graduation",18,67.50,"SMS",0
61,81168.00,"Graduation",18,67.50,"Social Media",1
61,81168.00,"Graduation",18,67.50,"Google Search Ads",0
61,81168.00,"Graduation",18,67.50,"Display Ads",0
61,81168.00,"Graduation",18,67.50,"Email",1
57,26877.00,"Master",18,56.25,"Email",0
57,26877.00,"Master",18,56.25,"SMS",0
57,26877.00,"Master",18,56.25,"Social Media",1
57,26877.00,"Master",18,56.25,"Google Search Ads",0
57,26877.00,"Master",18,56.25,"Display Ads",0
57,26877.00,"Master",18,56.25,"Email",1
82,45006.00,"Master",22,46.02,"Email",0
82,45006.00,"Master",22,46.02,"SMS",0
82,45006.00,"Master",22,46.02,"Social Media",1
82,45006.00,"Master",22,46.02,"Google Search Ads",0
82,45006.00,"Master",22,46.02,"Display Ads",0
82,45006.00,"Master",22,46.02,"Email",1
53,18978.00,"Basic",22,55.23,"Email",0
53,18978.00,"Basic",22,55.23,"SMS",0
53,18978.00,"Basic",22,55.23,"Social Media",1
53,18978.00,"Basic",22,55.23,"Google Search Ads",0
53,18978.00,"Basic",22,55.23,"Display Ads",0
53,18978.00,"Basic",22,55.23,"Email",1
59,22574.00,"Graduation",26,38.94,"Email",0
59,22574.00,"Graduation",26,38.94,"SMS",0
59,22574.00,"Graduation",26,38.94,"Social Media",1
59,22574.00,"Graduation",26,38.94,"Google Search Ads",0
59,22574.00,"Graduation",26,38.94,"Display Ads",0
59,22574.00,"Graduation",26,38.94,"Email",1
57,48240.00,"PhD",22,46.02,"Email",0
57,48240.00,"PhD",22,46.02,"SMS",0
57,48240.00,"PhD",22,46.02,"Social Media",1
57,48240.00,"PhD",22,46.02,"Google Search Ads",0
57,48240.00,"PhD",22,46.02,"Display Ads",0
57,48240.00,"PhD",22,46.02,"Email",1
52,45837.00,"Graduation",26,46.73,"Email",0
52,45837.00,"Graduation",26,46.73,"SMS",0
52,45837.00,"Graduation",26,46.73,"Social Media",1
52,45837.00,"Graduation",26,46.73,"Google Search Ads",0
52,45837.00,"Graduation",26,46.73,"Display Ads",0
52,45837.00,"Graduation",26,46.73,"Email",1
61,35791.00,"Master",22,55.23,"Email",0
61,35791.00,"Master",22,55.23,"SMS",0
61,35791.00,"Master",22,55.23,"Social Media",1
61,35791.00,"Master",22,55.23,"Google Search Ads",0
61,35791.00,"Master",22,55.23,"Display Ads",0
61,35791.00,"Master",22,55.23,"Email",1
50,162397.00,"PhD",22,46.02,"Email",0
50,162397.00,"PhD",22,46.02,"SMS",0
50,162397.00,"PhD",22,46.02,"Social Media",1
50,162397.00,"PhD",22,46.02,"Google Search Ads",0
50,162397.00,"PhD",22,46.02,"Display Ads",0
50,162397.00,"PhD",22,46.02,"Email",1
48,54162.00,"Graduation",18,67.50,"Email",0
48,54162.00,"Graduation",18,67.50,"SMS",0
48,54162.00,"Graduation",18,67.50,"Social Media",1
48,54162.00,"Graduation",18,67.50,"Google Search Ads",0
48,54162.00,"Graduation",18,67.50,"Display Ads",0
48,54162.00,"Graduation",18,67.50,"Email",1
66,30522.00,"Master",22,46.02,"Email",0
66,30522.00,"Master",22,46.02,"SMS",0
66,30522.00,"Master",22,46.02,"Social Media",1
66,30522.00,"Master",22,46.02,"Google Search Ads",0
66,30522.00,"Master",22,46.02,"Display Ads",0
66,30522.00,"Master",22,46.02,"Email",1
65,54456.00,"PhD",22,46.02,"Email",0
65,54456.00,"PhD",22,46.02,"SMS",0
65,54456.00,"PhD",22,46.02,"Social Media",1
65,54456.00,"PhD",22,46.02,"Google Search Ads",0
65,54456.00,"PhD",22,46.02,"Display Ads",0
65,54456.00,"PhD",22,46.02,"Email",1
55,31632.00,"Graduation",18,45.00,"Email",0
55,31632.00,"Graduation",18,45.00,"SMS",0
55,31632.00,"Graduation",18,45.00,"Social Media",1
55,31632.00,"Graduation",18,45.00,"Google Search Ads",0
55,31632.00,"Graduation",18,45.00,"Display Ads",0
55,31632.00,"Graduation",18,45.00,"Email",1
77,72298.00,"Graduation",22,36.82,"Email",0
77,72298.00,"Graduation",22,36.82,"SMS",0
77,72298.00,"Graduation",22,36.82,"Social Media",1
77,72298.00,"Graduation",22,36.82,"Google Search Ads",0
77,72298.00,"Graduation",22,36.82,"Display Ads",0
77,72298.00,"Graduation",22,36.82,"Email",1
48,36975.00,"2n Cycle",22,36.82,"Email",0
48,36975.00,"2n Cycle",22,36.82,"SMS",0
48,36975.00,"2n Cycle",22,36.82,"Social Media",1
48,36975.00,"2n Cycle",22,36.82,"Google Search Ads",0
48,36975.00,"2n Cycle",22,36.82,"Display Ads",0
48,36975.00,"2n Cycle",22,36.82,"Email",1
71,72635.00,"2n Cycle",26,31.15,"Email",0
71,72635.00,"2n Cycle",26,31.15,"SMS",0
71,72635.00,"2n Cycle",26,31.15,"Social Media",1
71,72635.00,"2n Cycle",26,31.15,"Google Search Ads",0
71,72635.00,"2n Cycle",26,31.15,"Display Ads",0
71,72635.00,"2n Cycle",26,31.15,"Email",1
50,13624.00,"Graduation",22,46.02,"Email",0
50,13624.00,"Graduation",22,46.02,"SMS",0
50,13624.00,"Graduation",22,46.02,"Social Media",1
50,13624.00,"Graduation",22,46.02,"Google Search Ads",0
50,13624.00,"Graduation",22,46.02,"Display Ads",0
50,13624.00,"Graduation",22,46.02,"Email",1
51,84196.00,"Graduation",26,38.94,"Email",0
51,84196.00,"Graduation",26,38.94,"SMS",0
51,84196.00,"Graduation",26,38.94,"Social Media",1
51,84196.00,"Graduation",26,38.94,"Google Search Ads",0
51,84196.00,"Graduation",26,38.94,"Display Ads",0
51,84196.00,"Graduation",26,38.94,"Email",1
66,70971.00,"Graduation",22,36.82,"Email",0
66,70971.00,"Graduation",22,36.82,"SMS",0
66,70971.00,"Graduation",22,36.82,"Social Media",1
66,70971.00,"Graduation",22,36.82,"Google Search Ads",0
66,70971.00,"Graduation",22,36.82,"Display Ads",0
66,70971.00,"Graduation",22,36.82,"Email",1
49,34487.00,"PhD",22,36.82,"Email",0
49,34487.00,"PhD",22,36.82,"SMS",0
49,34487.00,"PhD",22,36.82,"Social Media",1
49,34487.00,"PhD",22,36.82,"Google Search Ads",0
49,34487.00,"PhD",22,36.82,"Display Ads",0
49,34487.00,"PhD",22,36.82,"Email",1
49,28769.00,"Graduation",22,55.23,"Email",0
49,28769.00,"Graduation",22,55.23,"SMS",0
49,28769.00,"Graduation",22,55.23,"Social Media",1
49,28769.00,"Graduation",22,55.23,"Google Search Ads",0
49,28769.00,"Graduation",22,55.23,"Display Ads",0
49,28769.00,"Graduation",22,55.23,"Email",1
56,69084.00,"PhD",26,46.73,"Email",0
56,69084.00,"PhD",26,46.73,"SMS",0
56,69084.00,"PhD",26,46.73,"Social Media",1
56,69084.00,"PhD",26,46.73,"Google Search Ads",0
56,69084.00,"PhD",26,46.73,"Display Ads",0
56,69084.00,"PhD",26,46.73,"Email",1
68,65488.00,"PhD",22,55.23,"Email",0
68,65488.00,"PhD",22,55.23,"SMS",0
68,65488.00,"PhD",22,55.23,"Social Media",1
68,65488.00,"PhD",22,55.23,"Google Search Ads",0
68,65488.00,"PhD",22,55.23,"Display Ads",0
68,65488.00,"PhD",22,55.23,"Email",1
56,62466.00,"2n Cycle",18,56.25,"Email",0
56,62466.00,"2n Cycle",18,56.25,"SMS",0
56,62466.00,"2n Cycle",18,56.25,"Social Media",1
56,62466.00,"2n Cycle",18,56.25,"Google Search Ads",0
56,62466.00,"2n Cycle",18,56.25,"Display Ads",0
56,62466.00,"2n Cycle",18,56.25,"Email",1
66,32218.00,"2n Cycle",26,38.94,"Email",0
66,32218.00,"2n Cycle",26,38.94,"SMS",0
66,32218.00,"2n Cycle",26,38.94,"Social Media",1
66,32218.00,"2n Cycle",26,38.94,"Google Search Ads",0
66,32218.00,"2n Cycle",26,38.94,"Display Ads",0
66,32218.00,"2n Cycle",26,38.94,"Email",1
53,83917.00,"Graduation",22,36.82,"Email",0
53,83917.00,"Graduation",22,36.82,"SMS",0
53,83917.00,"Graduation",22,36.82,"Social Media",1
53,83917.00,"Graduation",22,36.82,"Google Search Ads",0
53,83917.00,"Graduation",22,36.82,"Display Ads",0
53,83917.00,"Graduation",22,36.82,"Email",1
64,46102.00,"Graduation",22,55.23,"Email",0
64,46102.00,"Graduation",22,55.23,"SMS",0
64,46102.00,"Graduation",22,55.23,"Social Media",1
64,46102.00,"Graduation",22,55.23,"Google Search Ads",0
64,46102.00,"Graduation",22,55.23,"Display Ads",0
64,46102.00,"Graduation",22,55.23,"Email",1
74,84574.00,"Graduation",26,46.73,"Email",0
74,84574.00,"Graduation",26,46.73,"SMS",0
74,84574.00,"Graduation",26,46.73,"Social Media",1
74,84574.00,"Graduation",26,46.73,"Google Search Ads",0
74,84574.00,"Graduation",26,46.73,"Display Ads",0
74,84574.00,"Graduation",26,46.73,"Email",1
64,56181.00,"Graduation",22,36.82,"Email",0
64,56181.00,"Graduation",22,36.82,"SMS",0
64,56181.00,"Graduation",22,36.82,"Social Media",1
64,56181.00,"Graduation",22,36.82,"Google Search Ads",0
64,56181.00,"Graduation",22,36.82,"Display Ads",0
64,56181.00,"Graduation",22,36.82,"Email",1
76,63120.00,"Master",22,55.23,"Email",0
76,63120.00,"Master",22,55.23,"SMS",0
76,63120.00,"Master",22,55.23,"Social Media",1
76,63120.00,"Master",22,55.23,"Google Search Ads",0
76,63120.00,"Master",22,55.23,"Display Ads",0
76,63120.00,"Master",22,55.23,"Email",1
55,73691.00,"Graduation",22,46.02,"Email",0
55,73691.00,"Graduation",22,46.02,"SMS",0
55,73691.00,"Graduation",22,46.02,"Social Media",1
55,73691.00,"Graduation",22,46.02,"Google Search Ads",0
55,73691.00,"Graduation",22,46.02,"Display Ads",0
55,73691.00,"Graduation",22,46.02,"Email",1
66,63381.00,"Graduation",22,36.82,"Email",0
66,63381.00,"Graduation",22,36.82,"SMS",0
66,63381.00,"Graduation",22,36.82,"Social Media",1
66,63381.00,"Graduation",22,36.82,"Google Search Ads",0
66,63381.00,"Graduation",22,36.82,"Display Ads",0
66,63381.00,"Graduation",22,36.82,"Email",1
78,76140.00,"PhD",22,46.02,"Email",0
78,76140.00,"PhD",22,46.02,"SMS",0
78,76140.00,"PhD",22,46.02,"Social Media",1
78,76140.00,"PhD",22,46.02,"Google Search Ads",0
78,76140.00,"PhD",22,46.02,"Display Ads",0
78,76140.00,"PhD",22,46.02,"Email",1
67,62859.00,"PhD",26,31.15,"Email",0
67,62859.00,"PhD",26,31.15,"SMS",0
67,62859.00,"PhD",26,31.15,"Social Media",1
67,62859.00,"PhD",26,31.15,"Google Search Ads",0
67,62859.00,"PhD",26,31.15,"Display Ads",0
67,62859.00,"PhD",26,31.15,"Email",1
62,45906.00,"Graduation",22,55.23,"Email",0
62,45906.00,"Graduation",22,55.23,"SMS",0
62,45906.00,"Graduation",22,55.23,"Social Media",1
62,45906.00,"Graduation",22,55.23,"Google Search Ads",0
62,45906.00,"Graduation",22,55.23,"Display Ads",0
62,45906.00,"Graduation",22,55.23,"Email",1
79,77632.00,"Master",26,31.15,"Email",0
79,77632.00,"Master",26,31.15,"SMS",0
79,77632.00,"Master",26,31.15,"Social Media",1
79,77632.00,"Master",26,31.15,"Google Search Ads",0
79,77632.00,"Master",26,31.15,"Display Ads",0
79,77632.00,"Master",26,31.15,"Email",1
55,46463.00,"PhD",22,46.02,"Email",0
55,46463.00,"PhD",22,46.02,"SMS",0
55,46463.00,"PhD",22,46.02,"Social Media",1
55,46463.00,"PhD",22,46.02,"Google Search Ads",0
55,46463.00,"PhD",22,46.02,"Display Ads",0
55,46463.00,"PhD",22,46.02,"Email",1
56,105471.00,"Graduation",22,46.02,"Email",0
56,105471.00,"Graduation",22,46.02,"SMS",0
56,105471.00,"Graduation",22,46.02,"Social Media",1
56,105471.00,"Graduation",22,46.02,"Google Search Ads",0
56,105471.00,"Graduation",22,46.02,"Display Ads",0
56,105471.00,"Graduation",22,46.02,"Email",1
56,55282.00,"Master",22,46.02,"Email",0
56,55282.00,"Master",22,46.02,"SMS",0
56,55282.00,"Master",22,46.02,"Social Media",1
56,55282.00,"Master",22,46.02,"Google Search Ads",0
56,55282.00,"Master",22,46.02,"Display Ads",0
56,55282.00,"Master",22,46.02,"Email",1
49,78710.00,"Master",18,67.50,"Email",0
49,78710.00,"Master",18,67.50,"SMS",0
49,78710.00,"Master",18,67.50,"Social Media",1
49,78710.00,"Master",18,67.50,"Google Search Ads",0
49,78710.00,"Master",18,67.50,"Display Ads",0
49,78710.00,"Master",18,67.50,"Email",1
68,66886.00,"Graduation",22,46.02,"Email",0
68,66886.00,"Graduation",22,46.02,"SMS",0
68,66886.00,"Graduation",22,46.02,"Social Media",1
68,66886.00,"Graduation",22,46.02,"Google Search Ads",0
68,66886.00,"Graduation",22,46.02,"Display Ads",0
68,66886.00,"Graduation",22,46.02,"Email",1
66,98777.00,"Master",26,38.94,"Email",0
66,98777.00,"Master",26,38.94,"SMS",0
66,98777.00,"Master",26,38.94,"Social Media",1
66,98777.00,"Master",26,38.94,"Google Search Ads",0
66,98777.00,"Master",26,38.94,"Display Ads",0
66,98777.00,"Master",26,38.94,"Email",1
41,29103.00,"Graduation",22,36.82,"Email",0
41,29103.00,"Graduation",22,36.82,"SMS",0
41,29103.00,"Graduation",22,36.82,"Social Media",1
41,29103.00,"Graduation",22,36.82,"Google Search Ads",0
41,29103.00,"Graduation",22,36.82,"Display Ads",0
41,29103.00,"Graduation",22,36.82,"Email",1
52,67445.00,"Graduation",18,56.25,"Email",0
52,67445.00,"Graduation",18,56.25,"SMS",0
52,67445.00,"Graduation",18,56.25,"Social Media",1
52,67445.00,"Graduation",18,56.25,"Google Search Ads",0
52,67445.00,"Graduation",18,56.25,"Display Ads",0
52,67445.00,"Graduation",18,56.25,"Email",1
76,50616.00,"PhD",22,36.82,"Email",0
76,50616.00,"PhD",22,36.82,"SMS",0
76,50616.00,"PhD",22,36.82,"Social Media",1
76,50616.00,"PhD",22,36.82,"Google Search Ads",0
76,50616.00,"PhD",22,36.82,"Display Ads",0
76,50616.00,"PhD",22,36.82,"Email",1
71,49431.00,"Graduation",26,38.94,"Email",0
71,49431.00,"Graduation",26,38.94,"SMS",0
71,49431.00,"Graduation",26,38.94,"Social Media",1
71,49431.00,"Graduation",26,38.94,"Google Search Ads",0
71,49431.00,"Graduation",26,38.94,"Display Ads",0
71,49431.00,"Graduation",26,38.94,"Email",1
51,153924.00,"Graduation",26,38.94,"Email",0
51,153924.00,"Graduation",26,38.94,"SMS",0
51,153924.00,"Graduation",26,38.94,"Social Media",1
51,153924.00,"Graduation",26,38.94,"Google Search Ads",0
51,153924.00,"Graduation",26,38.94,"Display Ads",0
51,153924.00,"Graduation",26,38.94,"Email",1
73,61278.00,"Graduation",26,38.94,"Email",0
73,61278.00,"Graduation",26,38.94,"SMS",0
73,61278.00,"Graduation",26,38.94,"Social Media",1
73,61278.00,"Graduation",26,38.94,"Google Search Ads",0
73,61278.00,"Graduation",26,38.94,"Display Ads",0
73,61278.00,"Graduation",26,38.94,"Email",1
68,26490.00,"2n Cycle",22,55.23,"Email",0
68,26490.00,"2n Cycle",22,55.23,"SMS",0
68,26490.00,"2n Cycle",22,55.23,"Social Media",1
68,26490.00,"2n Cycle",22,55.23,"Google Search Ads",0
68,26490.00,"2n Cycle",22,55.23,"Display Ads",0
68,26490.00,"2n Cycle",22,55.23,"Email",1
79,73059.00,"PhD",26,38.94,"Email",0
79,73059.00,"PhD",26,38.94,"SMS",0
79,73059.00,"PhD",26,38.94,"Social Media",1
79,73059.00,"PhD",26,38.94,"Google Search Ads",0
79,73059.00,"PhD",26,38.94,"Display Ads",0
79,73059.00,"PhD",26,38.94,"Email",1
60,46734.00,"PhD",18,56.25,"Email",0
60,46734.00,"PhD",18,56.25,"SMS",0
60,46734.00,"PhD",18,56.25,"Social Media",1
60,46734.00,"PhD",18,56.25,"Google Search Ads",0
60,46734.00,"PhD",18,56.25,"Display Ads",0
60,46734.00,"PhD",18,56.25,"Email",1
63,56253.00,"Graduation",18,56.25,"Email",0
63,56253.00,"Graduation",18,56.25,"SMS",0
63,56253.00,"Graduation",18,56.25,"Social Media",1
63,56253.00,"Graduation",18,56.25,"Google Search Ads",0
63,56253.00,"Graduation",18,56.25,"Display Ads",0
63,56253.00,"Graduation",18,56.25,"Email",1
41,19986.00,"Graduation",26,31.15,"Email",0
41,19986.00,"Graduation",26,31.15,"SMS",0
41,19986.00,"Graduation",26,31.15,"Social Media",1
41,19986.00,"Graduation",26,31.15,"Google Search Ads",0
41,19986.00,"Graduation",26,31.15,"Display Ads",0
41,19986.00,"Graduation",26,31.15,"Email",1
51,58330.00,"Graduation",22,55.23,"Email",0
51,58330.00,"Graduation",22,55.23,"SMS",0
51,58330.00,"Graduation",22,55.23,"Social Media",1
51,58330.00,"Graduation",22,55.23,"Google Search Ads",0
51,58330.00,"Graduation",22,55.23,"Display Ads",0
51,58330.00,"Graduation",22,55.23,"Email",1
46,25965.00,"Basic",18,67.50,"Email",0
46,25965.00,"Basic",18,67.50,"SMS",0
46,25965.00,"Basic",18,67.50,"Social Media",1
46,25965.00,"Basic",18,67.50,"Google Search Ads",0
46,25965.00,"Basic",18,67.50,"Display Ads",0
46,25965.00,"Basic",18,67.50,"Email",1
70,14661.00,"Master",22,46.02,"Email",0
70,14661.00,"Master",22,46.02,"SMS",0
70,14661.00,"Master",22,46.02,"Social Media",1
70,14661.00,"Master",22,46.02,"Google Search Ads",0
70,14661.00,"Master",22,46.02,"Display Ads",0
70,14661.00,"Master",22,46.02,"Email",1
67,18690.00,"Graduation",22,46.02,"Email",0
67,18690.00,"Graduation",22,46.02,"SMS",0
67,18690.00,"Graduation",22,46.02,"Social Media",1
67,18690.00,"Graduation",22,46.02,"Google Search Ads",0
67,18690.00,"Graduation",22,46.02,"Display Ads",0
67,18690.00,"Graduation",22,46.02,"Email",1
52,45068.00,"PhD",26,38.94,"Email",0
52,45068.00,"PhD",26,38.94,"SMS",0
52,45068.00,"PhD",26,38.94,"Social Media",1
52,45068.00,"PhD",26,38.94,"Google Search Ads",0
52,45068.00,"PhD",26,38.94,"Display Ads",0
52,45068.00,"PhD",26,38.94,"Email",1
39,21063.00,"Basic",18,45.00,"Email",0
39,21063.00,"Basic",18,45.00,"SMS",0
39,21063.00,"Basic",18,45.00,"Social Media",1
39,21063.00,"Basic",18,45.00,"Google Search Ads",0
39,21063.00,"Basic",18,45.00,"Display Ads",0
39,21063.00,"Basic",18,45.00,"Email",1
58,29187.00,"PhD",26,38.94,"Email",0
58,29187.00,"PhD",26,38.94,"SMS",0
58,29187.00,"PhD",26,38.94,"Social Media",1
58,29187.00,"PhD",26,38.94,"Google Search Ads",0
58,29187.00,"PhD",26,38.94,"Display Ads",0
58,29187.00,"PhD",26,38.94,"Email",1
55,54690.00,"2n Cycle",26,38.94,"Email",0
55,54690.00,"2n Cycle",26,38.94,"SMS",0
55,54690.00,"2n Cycle",26,38.94,"Social Media",1
55,54690.00,"2n Cycle",26,38.94,"Google Search Ads",0
55,54690.00,"2n Cycle",26,38.94,"Display Ads",0
55,54690.00,"2n Cycle",26,38.94,"Email",1
62,59304.00,"PhD",22,36.82,"Email",0
62,59304.00,"PhD",22,36.82,"SMS",0
62,59304.00,"PhD",22,36.82,"Social Media",1
62,59304.00,"PhD",22,36.82,"Google Search Ads",0
62,59304.00,"PhD",22,36.82,"Display Ads",0
62,59304.00,"PhD",22,36.82,"Email",1
64,59247.00,"Master",22,36.82,"Email",0
64,59247.00,"Master",22,36.82,"SMS",0
64,59247.00,"Master",22,36.82,"Social Media",1
64,59247.00,"Master",22,36.82,"Google Search Ads",0
64,59247.00,"Master",22,36.82,"Display Ads",0
64,59247.00,"Master",22,36.82,"Email",1
56,66731.00,"Graduation",22,36.82,"Email",0
56,66731.00,"Graduation",22,36.82,"SMS",0
56,66731.00,"Graduation",22,36.82,"Social Media",1
56,66731.00,"Graduation",22,36.82,"Google Search Ads",0
56,66731.00,"Graduation",22,36.82,"Display Ads",0
56,66731.00,"Graduation",22,36.82,"Email",1
46,77353.00,"Graduation",22,46.02,"Email",0
46,77353.00,"Graduation",22,46.02,"SMS",0
46,77353.00,"Graduation",22,46.02,"Social Media",1
46,77353.00,"Graduation",22,46.02,"Google Search Ads",0
46,77353.00,"Graduation",22,46.02,"Display Ads",0
46,77353.00,"Graduation",22,46.02,"Email",1
51,52614.00,"PhD",22,36.82,"Email",0
51,52614.00,"PhD",22,36.82,"SMS",0
51,52614.00,"PhD",22,36.82,"Social Media",1
51,52614.00,"PhD",22,36.82,"Google Search Ads",0
51,52614.00,"PhD",22,36.82,"Display Ads",0
51,52614.00,"PhD",22,36.82,"Email",1
52,26751.00,"Graduation",26,38.94,"Email",0
52,26751.00,"Graduation",26,38.94,"SMS",0
52,26751.00,"Graduation",26,38.94,"Social Media",1
52,26751.00,"Graduation",26,38.94,"Google Search Ads",0
52,26751.00,"Graduation",26,38.94,"Display Ads",0
52,26751.00,"Graduation",26,38.94,"Email",1
63,81300.00,"PhD",22,46.02,"Email",0
63,81300.00,"PhD",22,46.02,"SMS",0
63,81300.00,"PhD",22,46.02,"Social Media",1
63,81300.00,"PhD",22,46.02,"Google Search Ads",0
63,81300.00,"PhD",22,46.02,"Display Ads",0
63,81300.00,"PhD",22,46.02,"Email",1
47,70337.00,"Graduation",18,56.25,"Email",0
47,70337.00,"Graduation",18,56.25,"SMS",0
47,70337.00,"Graduation",18,56.25,"Social Media",1
47,70337.00,"Graduation",18,56.25,"Google Search Ads",0
47,70337.00,"Graduation",18,56.25,"Display Ads",0
47,70337.00,"Graduation",18,56.25,"Email",1
41,36145.00,"2n Cycle",22,36.82,"Email",0
41,36145.00,"2n Cycle",22,36.82,"SMS",0
41,36145.00,"2n Cycle",22,36.82,"Social Media",1
41,36145.00,"2n Cycle",22,36.82,"Google Search Ads",0
41,36145.00,"2n Cycle",22,36.82,"Display Ads",0
41,36145.00,"2n Cycle",22,36.82,"Email",1
46,65295.00,"PhD",22,46.02,"Email",0
46,65295.00,"PhD",22,46.02,"SMS",0
46,65295.00,"PhD",22,46.02,"Social Media",1
46,65295.00,"PhD",22,46.02,"Google Search Ads",0
46,65295.00,"PhD",22,46.02,"Display Ads",0
46,65295.00,"PhD",22,46.02,"Email",1
63,68118.00,"Graduation",22,36.82,"Email",0
63,68118.00,"Graduation",22,36.82,"SMS",0
63,68118.00,"Graduation",22,36.82,"Social Media",1
63,68118.00,"Graduation",22,36.82,"Google Search Ads",0
63,68118.00,"Graduation",22,36.82,"Display Ads",0
63,68118.00,"Graduation",22,36.82,"Email",1
59,68743.00,"Graduation",22,46.02,"Email",0
59,68743.00,"Graduation",22,46.02,"SMS",0
59,68743.00,"Graduation",22,46.02,"Social Media",1
59,68743.00,"Graduation",22,46.02,"Google Search Ads",0
59,68743.00,"Graduation",22,46.02,"Display Ads",0
59,68743.00,"Graduation",22,46.02,"Email",1
44,41039.00,"2n Cycle",22,46.02,"Email",0
44,41039.00,"2n Cycle",22,46.02,"SMS",0
44,41039.00,"2n Cycle",22,46.02,"Social Media",1
44,41039.00,"2n Cycle",22,46.02,"Google Search Ads",0
44,41039.00,"2n Cycle",22,46.02,"Display Ads",0
44,41039.00,"2n Cycle",22,46.02,"Email",1
71,38946.00,"Graduation",18,56.25,"Email",0
71,38946.00,"Graduation",18,56.25,"SMS",0
71,38946.00,"Graduation",18,56.25,"Social Media",1
71,38946.00,"Graduation",18,56.25,"Google Search Ads",0
71,38946.00,"Graduation",18,56.25,"Display Ads",0
71,38946.00,"Graduation",18,56.25,"Email",1
59,65777.00,"Graduation",26,31.15,"Email",0
59,65777.00,"Graduation",26,31.15,"SMS",0
59,65777.00,"Graduation",26,31.15,"Social Media",1
59,65777.00,"Graduation",26,31.15,"Google Search Ads",0
59,65777.00,"Graduation",26,31.15,"Display Ads",0
59,65777.00,"Graduation",26,31.15,"Email",1
50,66476.00,"PhD",22,46.02,"Email",0
50,66476.00,"PhD",22,46.02,"SMS",0
50,66476.00,"PhD",22,46.02,"Social Media",1
50,66476.00,"PhD",22,46.02,"Google Search Ads",0
50,66476.00,"PhD",22,46.02,"Display Ads",0
50,66476.00,"PhD",22,46.02,"Email",1
54,86857.00,"PhD",22,55.23,"Email",0
54,86857.00,"PhD",22,55.23,"SMS",0
54,86857.00,"PhD",22,55.23,"Social Media",1
54,86857.00,"PhD",22,55.23,"Google Search Ads",0
54,86857.00,"PhD",22,55.23,"Display Ads",0
54,86857.00,"PhD",22,55.23,"Email",1
44,160803.00,"PhD",22,36.82,"Email",0
44,160803.00,"PhD",22,36.82,"SMS",0
44,160803.00,"PhD",22,36.82,"Social Media",1
44,160803.00,"PhD",22,36.82,"Google Search Ads",0
44,160803.00,"PhD",22,36.82,"Display Ads",0
44,160803.00,"PhD",22,36.82,"Email",1
37,77845.00,"PhD",22,36.82,"Email",0
37,77845.00,"PhD",22,36.82,"SMS",0
37,77845.00,"PhD",22,36.82,"Social Media",1
37,77845.00,"PhD",22,36.82,"Google Search Ads",0
37,77845.00,"PhD",22,36.82,"Display Ads",0
37,77845.00,"PhD",22,36.82,"Email",1
57,69476.00,"PhD",22,55.23,"Email",0
57,69476.00,"PhD",22,55.23,"SMS",0
57,69476.00,"PhD",22,55.23,"Social Media",1
57,69476.00,"PhD",22,55.23,"Google Search Ads",0
57,69476.00,"PhD",22,55.23,"Display Ads",0
57,69476.00,"PhD",22,55.23,"Email",1
66,50611.00,"PhD",18,56.25,"Email",0
66,50611.00,"PhD",18,56.25,"SMS",0
66,50611.00,"PhD",18,56.25,"Social Media",1
66,50611.00,"PhD",18,56.25,"Google Search Ads",0
66,50611.00,"PhD",18,56.25,"Display Ads",0
66,50611.00,"PhD",18,56.25,"Email",1
56,61209.00,"Graduation",22,46.02,"Email",0
56,61209.00,"Graduation",22,46.02,"SMS",0
56,61209.00,"Graduation",22,46.02,"Social Media",1
56,61209.00,"Graduation",22,46.02,"Google Search Ads",0
56,61209.00,"Graduation",22,46.02,"Display Ads",0
56,61209.00,"Graduation",22,46.02,"Email",1
68,42315.00,"Master",22,46.02,"Email",0
68,42315.00,"Master",22,46.02,"SMS",0
68,42315.00,"Master",22,46.02,"Social Media",1
68,42315.00,"Master",22,46.02,"Google Search Ads",0
68,42315.00,"Master",22,46.02,"Display Ads",0
68,42315.00,"Master",22,46.02,"Email",1
74,13084.00,"Basic",18,56.25,"Email",0
74,13084.00,"Basic",18,56.25,"SMS",0
74,13084.00,"Basic",18,56.25,"Social Media",1
74,13084.00,"Basic",18,56.25,"Google Search Ads",0
74,13084.00,"Basic",18,56.25,"Display Ads",0
74,13084.00,"Basic",18,56.25,"Email",1
77,47570.00,"Master",22,46.02,"Email",0
77,47570.00,"Master",22,46.02,"SMS",0
77,47570.00,"Master",22,46.02,"Social Media",1
77,47570.00,"Master",22,46.02,"Google Search Ads",0
77,47570.00,"Master",22,46.02,"Display Ads",0
77,47570.00,"Master",22,46.02,"Email",1
65,61923.00,"Master",26,46.73,"Email",0
65,61923.00,"Master",26,46.73,"SMS",0
65,61923.00,"Master",26,46.73,"Social Media",1
65,61923.00,"Master",26,46.73,"Google Search Ads",0
65,61923.00,"Master",26,46.73,"Display Ads",0
65,61923.00,"Master",26,46.73,"Email",1
31,34824.00,"Graduation",18,45.00,"Email",0
31,34824.00,"Graduation",18,45.00,"SMS",0
31,34824.00,"Graduation",18,45.00,"Social Media",1
31,34824.00,"Graduation",18,45.00,"Google Search Ads",0
31,34824.00,"Graduation",18,45.00,"Display Ads",0
31,34824.00,"Graduation",18,45.00,"Email",1
77,26518.00,"PhD",26,31.15,"Email",0
77,26518.00,"PhD",26,31.15,"SMS",0
77,26518.00,"PhD",26,31.15,"Social Media",1
77,26518.00,"PhD",26,31.15,"Google Search Ads",0
77,26518.00,"PhD",26,31.15,"Display Ads",0
77,26518.00,"PhD",26,31.15,"Email",1
65,45938.00,"Graduation",26,31.15,"Email",0
65,45938.00,"Graduation",26,31.15,"SMS",0
65,45938.00,"Graduation",26,31.15,"Social Media",1
65,45938.00,"Graduation",26,31.15,"Google Search Ads",0
65,45938.00,"Graduation",26,31.15,"Display Ads",0
65,45938.00,"Graduation",26,31.15,"Email",1
66,78468.00,"Graduation",26,46.73,"Email",0
66,78468.00,"Graduation",26,46.73,"SMS",0
66,78468.00,"Graduation",26,46.73,"Social Media",1
66,78468.00,"Graduation",26,46.73,"Google Search Ads",0
66,78468.00,"Graduation",26,46.73,"Display Ads",0
66,78468.00,"Graduation",26,46.73,"Email",1
53,78901.00,"Graduation",18,56.25,"Email",0
53,78901.00,"Graduation",18,56.25,"SMS",0
53,78901.00,"Graduation",18,56.25,"Social Media",1
53,78901.00,"Graduation",18,56.25,"Google Search Ads",0
53,78901.00,"Graduation",18,56.25,"Display Ads",0
53,78901.00,"Graduation",18,56.25,"Email",1
48,71427.00,"Graduation",22,46.02,"Email",0
48,71427.00,"Graduation",22,46.02,"SMS",0
48,71427.00,"Graduation",22,46.02,"Social Media",1
48,71427.00,"Graduation",22,46.02,"Google Search Ads",0
48,71427.00,"Graduation",22,46.02,"Display Ads",0
48,71427.00,"Graduation",22,46.02,"Email",1
48,71022.00,"Graduation",18,45.00,"Email",0
48,71022.00,"Graduation",18,45.00,"SMS",0
48,71022.00,"Graduation",18,45.00,"Social Media",1
48,71022.00,"Graduation",18,45.00,"Google Search Ads",0
48,71022.00,"Graduation",18,45.00,"Display Ads",0
48,71022.00,"Graduation",18,45.00,"Email",1
38,90247.00,"Master",22,46.02,"Email",0
38,90247.00,"Master",22,46.02,"SMS",0
38,90247.00,"Master",22,46.02,"Social Media",1
38,90247.00,"Master",22,46.02,"Google Search Ads",0
38,90247.00,"Master",22,46.02,"Display Ads",0
38,90247.00,"Master",22,46.02,"Email",1
58,41335.00,"Master",22,36.82,"Email",0
58,41335.00,"Master",22,36.82,"SMS",0
58,41335.00,"Master",22,36.82,"Social Media",1
58,41335.00,"Master",22,36.82,"Google Search Ads",0
58,41335.00,"Master",22,36.82,"Display Ads",0
58,41335.00,"Master",22,36.82,"Email",1
40,71952.00,"Graduation",22,55.23,"Email",0
40,71952.00,"Graduation",22,55.23,"SMS",0
40,71952.00,"Graduation",22,55.23,"Social Media",1
40,71952.00,"Graduation",22,55.23,"Google Search Ads",0
40,71952.00,"Graduation",22,55.23,"Display Ads",0
40,71952.00,"Graduation",22,55.23,"Email",1
56,35682.00,"PhD",22,46.02,"Email",0
56,35682.00,"PhD",22,46.02,"SMS",0
56,35682.00,"PhD",22,46.02,"Social Media",1
56,35682.00,"PhD",22,46.02,"Google Search Ads",0
56,35682.00,"PhD",22,46.02,"Display Ads",0
56,35682.00,"PhD",22,46.02,"Email",1
75,43185.00,"Graduation",22,36.82,"Email",0
75,43185.00,"Graduation",22,36.82,"SMS",0
75,43185.00,"Graduation",22,36.82,"Social Media",1
75,43185.00,"Graduation",22,36.82,"Google Search Ads",0
75,43185.00,"Graduation",22,36.82,"Display Ads",0
75,43185.00,"Graduation",22,36.82,"Email",1
78,66375.00,"PhD",18,67.50,"Email",0
78,66375.00,"PhD",18,67.50,"SMS",0
78,66375.00,"PhD",18,67.50,"Social Media",1
78,66375.00,"PhD",18,67.50,"Google Search Ads",0
78,66375.00,"PhD",18,67.50,"Display Ads",0
78,66375.00,"PhD",18,67.50,"Email",1
55,35178.00,"Master",22,36.82,"Email",0
55,35178.00,"Master",22,36.82,"SMS",0
55,35178.00,"Master",22,36.82,"Social Media",1
55,35178.00,"Master",22,36.82,"Google Search Ads",0
55,35178.00,"Master",22,36.82,"Display Ads",0
55,35178.00,"Master",22,36.82,"Email",1
40,25252.00,"Graduation",26,31.15,"Email",0
40,25252.00,"Graduation",26,31.15,"SMS",0
40,25252.00,"Graduation",26,31.15,"Social Media",1
40,25252.00,"Graduation",26,31.15,"Google Search Ads",0
40,25252.00,"Graduation",26,31.15,"Display Ads",0
40,25252.00,"Graduation",26,31.15,"Email",1
61,55250.00,"Master",18,56.25,"Email",0
61,55250.00,"Master",18,56.25,"SMS",0
61,55250.00,"Master",18,56.25,"Social Media",1
61,55250.00,"Master",18,56.25,"Google Search Ads",0
61,55250.00,"Master",18,56.25,"Display Ads",0
61,55250.00,"Master",18,56.25,"Email",1
51,33249.00,"Graduation",22,46.02,"Email",0
51,33249.00,"Graduation",22,46.02,"SMS",0
51,33249.00,"Graduation",22,46.02,"Social Media",1
51,33249.00,"Graduation",22,46.02,"Google Search Ads",0
51,33249.00,"Graduation",22,46.02,"Display Ads",0
51,33249.00,"Graduation",22,46.02,"Email",1
73,58398.00,"Graduation",22,36.82,"Email",0
73,58398.00,"Graduation",22,36.82,"SMS",0
73,58398.00,"Graduation",22,36.82,"Social Media",1
73,58398.00,"Graduation",22,36.82,"Google Search Ads",0
73,58398.00,"Graduation",22,36.82,"Display Ads",0
73,58398.00,"Graduation",22,36.82,"Email",1
44,50272.00,"Graduation",26,38.94,"Email",0
44,50272.00,"Graduation",26,38.94,"SMS",0
44,50272.00,"Graduation",26,38.94,"Social Media",1
44,50272.00,"Graduation",26,38.94,"Google Search Ads",0
44,50272.00,"Graduation",26,38.94,"Display Ads",0
44,50272.00,"Graduation",26,38.94,"Email",1
51,76618.00,"PhD",26,38.94,"Email",0
51,76618.00,"PhD",26,38.94,"SMS",0
51,76618.00,"PhD",26,38.94,"Social Media",1
51,76618.00,"PhD",26,38.94,"Google Search Ads",0
51,76618.00,"PhD",26,38.94,"Display Ads",0
51,76618.00,"PhD",26,38.94,"Email",1
66,87305.00,"2n Cycle",18,56.25,"Email",0
66,87305.00,"2n Cycle",18,56.25,"SMS",0
66,87305.00,"2n Cycle",18,56.25,"Social Media",1
66,87305.00,"2n Cycle",18,56.25,"Google Search Ads",0
66,87305.00,"2n Cycle",18,56.25,"Display Ads",0
66,87305.00,"2n Cycle",18,56.25,"Email",1
48,25851.00,"Graduation",26,38.94,"Email",0
48,25851.00,"Graduation",26,38.94,"SMS",0
48,25851.00,"Graduation",26,38.94,"Social Media",1
48,25851.00,"Graduation",26,38.94,"Google Search Ads",0
48,25851.00,"Graduation",26,38.94,"Display Ads",0
48,25851.00,"Graduation",26,38.94,"Email",1
56,58710.00,"Graduation",18,56.25,"Email",0
56,58710.00,"Graduation",18,56.25,"SMS",0
56,58710.00,"Graduation",18,56.25,"Social Media",1
56,58710.00,"Graduation",18,56.25,"Google Search Ads",0
56,58710.00,"Graduation",18,56.25,"Display Ads",0
56,58710.00,"Graduation",18,56.25,"Email",1
68,45160.00,"Graduation",26,38.94,"Email",0
68,45160.00,"Graduation",26,38.94,"SMS",0
68,45160.00,"Graduation",26,38.94,"Social Media",1
68,45160.00,"Graduation",26,38.94,"Google Search Ads",0
68,45160.00,"Graduation",26,38.94,"Display Ads",0
68,45160.00,"Graduation",26,38.94,"Email",1
61,74806.00,"Master",18,56.25,"Email",0
61,74806.00,"Master",18,56.25,"SMS",0
61,74806.00,"Master",18,56.25,"Social Media",1
61,74806.00,"Master",18,56.25,"Google Search Ads",0
61,74806.00,"Master",18,56.25,"Display Ads",0
61,74806.00,"Master",18,56.25,"Email",1
72,59111.00,"Graduation",26,38.94,"Email",0
72,59111.00,"Graduation",26,38.94,"SMS",0
72,59111.00,"Graduation",26,38.94,"Social Media",1
72,59111.00,"Graduation",26,38.94,"Google Search Ads",0
72,59111.00,"Graduation",26,38.94,"Display Ads",0
72,59111.00,"Graduation",26,38.94,"Email",1
42,18988.00,"PhD",22,46.02,"Email",0
42,18988.00,"PhD",22,46.02,"SMS",0
42,18988.00,"PhD",22,46.02,"Social Media",1
42,18988.00,"PhD",22,46.02,"Google Search Ads",0
42,18988.00,"PhD",22,46.02,"Display Ads",0
42,18988.00,"PhD",22,46.02,"Email",1
61,72190.00,"Graduation",22,55.23,"Email",0
61,72190.00,"Graduation",22,55.23,"SMS",0
61,72190.00,"Graduation",22,55.23,"Social Media",1
61,72190.00,"Graduation",22,55.23,"Google Search Ads",0
61,72190.00,"Graduation",22,55.23,"Display Ads",0
61,72190.00,"Graduation",22,55.23,"Email",1
50,7500.00,"Graduation",18,45.00,"Email",0
50,7500.00,"Graduation",18,45.00,"SMS",0
50,7500.00,"Graduation",18,45.00,"Social Media",1
50,7500.00,"Graduation",18,45.00,"Google Search Ads",0
50,7500.00,"Graduation",18,45.00,"Display Ads",0
50,7500.00,"Graduation",18,45.00,"Email",1
60,44794.00,"Graduation",26,38.94,"Email",0
60,44794.00,"Graduation",26,38.94,"SMS",0
60,44794.00,"Graduation",26,38.94,"Social Media",1
60,44794.00,"Graduation",26,38.94,"Google Search Ads",0
60,44794.00,"Graduation",26,38.94,"Display Ads",0
60,44794.00,"Graduation",26,38.94,"Email",1
71,80395.00,"Graduation",18,56.25,"Email",0
71,80395.00,"Graduation",18,56.25,"SMS",0
71,80395.00,"Graduation",18,56.25,"Social Media",1
71,80395.00,"Graduation",18,56.25,"Google Search Ads",0
71,80395.00,"Graduation",18,56.25,"Display Ads",0
71,80395.00,"Graduation",18,56.25,"Email",1
50,75012.00,"Master",26,38.94,"Email",0
50,75012.00,"Master",26,38.94,"SMS",0
50,75012.00,"Master",26,38.94,"Social Media",1
50,75012.00,"Master",26,38.94,"Google Search Ads",0
50,75012.00,"Master",26,38.94,"Display Ads",0
50,75012.00,"Master",26,38.94,"Email",1
61,56962.00,"Master",18,45.00,"Email",0
61,56962.00,"Master",18,45.00,"SMS",0
61,56962.00,"Master",18,45.00,"Social Media",1
61,56962.00,"Master",18,45.00,"Google Search Ads",0
61,56962.00,"Master",18,45.00,"Display Ads",0
61,56962.00,"Master",18,45.00,"Email",1
35,89891.00,"Graduation",22,55.23,"Email",0
35,89891.00,"Graduation",22,55.23,"SMS",0
35,89891.00,"Graduation",22,55.23,"Social Media",1
35,89891.00,"Graduation",22,55.23,"Google Search Ads",0
35,89891.00,"Graduation",22,55.23,"Display Ads",0
35,89891.00,"Graduation",22,55.23,"Email",1
77,35946.00,"PhD",22,55.23,"Email",0
77,35946.00,"PhD",22,55.23,"SMS",0
77,35946.00,"PhD",22,55.23,"Social Media",1
77,35946.00,"PhD",22,55.23,"Google Search Ads",0
77,35946.00,"PhD",22,55.23,"Display Ads",0
77,35946.00,"PhD",22,55.23,"Email",1
73,53593.00,"PhD",22,55.23,"Email",0
73,53593.00,"PhD",22,55.23,"SMS",0
73,53593.00,"PhD",22,55.23,"Social Media",1
73,53593.00,"PhD",22,55.23,"Google Search Ads",0
73,53593.00,"PhD",22,55.23,"Display Ads",0
73,53593.00,"PhD",22,55.23,"Email",1
48,66373.00,"Graduation",18,56.25,"Email",0
48,66373.00,"Graduation",18,56.25,"SMS",0
48,66373.00,"Graduation",18,56.25,"Social Media",1
48,66373.00,"Graduation",18,56.25,"Google Search Ads",0
48,66373.00,"Graduation",18,56.25,"Display Ads",0
48,66373.00,"Graduation",18,56.25,"Email",1
78,45072.00,"PhD",26,38.94,"Email",0
78,45072.00,"PhD",26,38.94,"SMS",0
78,45072.00,"PhD",26,38.94,"Social Media",1
78,45072.00,"PhD",26,38.94,"Google Search Ads",0
78,45072.00,"PhD",26,38.94,"Display Ads",0
78,45072.00,"PhD",26,38.94,"Email",1
53,89694.00,"Graduation",18,56.25,"Email",0
53,89694.00,"Graduation",18,56.25,"SMS",0
53,89694.00,"Graduation",18,56.25,"Social Media",1
53,89694.00,"Graduation",18,56.25,"Google Search Ads",0
53,89694.00,"Graduation",18,56.25,"Display Ads",0
53,89694.00,"Graduation",18,56.25,"Email",1
77,72025.00,"Graduation",22,46.02,"Email",0
77,72025.00,"Graduation",22,46.02,"SMS",0
77,72025.00,"Graduation",22,46.02,"Social Media",1
77,72025.00,"Graduation",22,46.02,"Google Search Ads",0
77,72025.00,"Graduation",22,46.02,"Display Ads",0
77,72025.00,"Graduation",22,46.02,"Email",1
53,67432.00,"Graduation",22,55.23,"Email",0
53,67432.00,"Graduation",22,55.23,"SMS",0
53,67432.00,"Graduation",22,55.23,"Social Media",1
53,67432.00,"Graduation",22,55.23,"Google Search Ads",0
53,67432.00,"Graduation",22,55.23,"Display Ads",0
53,67432.00,"Graduation",22,55.23,"Email",1
74,70545.00,"Master",22,36.82,"Email",0
74,70545.00,"Master",22,36.82,"SMS",0
74,70545.00,"Master",22,36.82,"Social Media",1
74,70545.00,"Master",22,36.82,"Google Search Ads",0
74,70545.00,"Master",22,36.82,"Display Ads",0
74,70545.00,"Master",22,36.82,"Email",1
37,17487.00,"Basic",26,31.15,"Email",0
37,17487.00,"Basic",26,31.15,"SMS",0
37,17487.00,"Basic",26,31.15,"Social Media",1
37,17487.00,"Basic",26,31.15,"Google Search Ads",0
37,17487.00,"Basic",26,31.15,"Display Ads",0
37,17487.00,"Basic",26,31.15,"Email",1
57,62882.00,"Graduation",18,45.00,"Email",0
57,62882.00,"Graduation",18,45.00,"SMS",0
57,62882.00,"Graduation",18,45.00,"Social Media",1
57,62882.00,"Graduation",18,45.00,"Google Search Ads",0
57,62882.00,"Graduation",18,45.00,"Display Ads",0
57,62882.00,"Graduation",18,45.00,"Email",1
73,64108.00,"PhD",18,56.25,"Email",0
73,64108.00,"PhD",18,56.25,"SMS",0
73,64108.00,"PhD",18,56.25,"Social Media",1
73,64108.00,"PhD",18,56.25,"Google Search Ads",0
73,64108.00,"PhD",18,56.25,"Display Ads",0
73,64108.00,"PhD",18,56.25,"Email",1
70,34941.00,"Master",18,56.25,"Email",0
70,34941.00,"Master",18,56.25,"SMS",0
70,34941.00,"Master",18,56.25,"Social Media",1
70,34941.00,"Master",18,56.25,"Google Search Ads",0
70,34941.00,"Master",18,56.25,"Display Ads",0
70,34941.00,"Master",18,56.25,"Email",1
76,48767.00,"PhD",22,36.82,"Email",0
76,48767.00,"PhD",22,36.82,"SMS",0
76,48767.00,"PhD",22,36.82,"Social Media",1
76,48767.00,"PhD",22,36.82,"Google Search Ads",0
76,48767.00,"PhD",22,36.82,"Display Ads",0
76,48767.00,"PhD",22,36.82,"Email",1
48,38702.00,"2n Cycle",18,56.25,"Email",0
48,38702.00,"2n Cycle",18,56.25,"SMS",0
48,38702.00,"2n Cycle",18,56.25,"Social Media",1
48,38702.00,"2n Cycle",18,56.25,"Google Search Ads",0
48,38702.00,"2n Cycle",18,56.25,"Display Ads",0
48,38702.00,"2n Cycle",18,56.25,"Email",1
62,82224.00,"Graduation",26,38.94,"Email",0
62,82224.00,"Graduation",26,38.94,"SMS",0
62,82224.00,"Graduation",26,38.94,"Social Media",1
62,82224.00,"Graduation",26,38.94,"Google Search Ads",0
62,82224.00,"Graduation",26,38.94,"Display Ads",0
62,82224.00,"Graduation",26,38.94,"Email",1
74,83844.00,"Graduation",22,46.02,"Email",0
74,83844.00,"Graduation",22,46.02,"SMS",0
74,83844.00,"Graduation",22,46.02,"Social Media",1
74,83844.00,"Graduation",22,46.02,"Google Search Ads",0
74,83844.00,"Graduation",22,46.02,"Display Ads",0
74,83844.00,"Graduation",22,46.02,"Email",1
51,17003.00,"2n Cycle",22,46.02,"Email",0
51,17003.00,"2n Cycle",22,46.02,"SMS",0
51,17003.00,"2n Cycle",22,46.02,"Social Media",1
51,17003.00,"2n Cycle",22,46.02,"Google Search Ads",0
51,17003.00,"2n Cycle",22,46.02,"Display Ads",0
51,17003.00,"2n Cycle",22,46.02,"Email",1
31,71163.00,"Graduation",26,46.73,"Email",0
31,71163.00,"Graduation",26,46.73,"SMS",0
31,71163.00,"Graduation",26,46.73,"Social Media",1
31,71163.00,"Graduation",26,46.73,"Google Search Ads",0
31,71163.00,"Graduation",26,46.73,"Display Ads",0
31,71163.00,"Graduation",26,46.73,"Email",1
56,33697.00,"Graduation",26,31.15,"Email",0
56,33697.00,"Graduation",26,31.15,"SMS",0
56,33697.00,"Graduation",26,31.15,"Social Media",1
56,33697.00,"Graduation",26,31.15,"Google Search Ads",0
56,33697.00,"Graduation",26,31.15,"Display Ads",0
56,33697.00,"Graduation",26,31.15,"Email",1
72,63564.00,"2n Cycle",26,46.73,"Email",0
72,63564.00,"2n Cycle",26,46.73,"SMS",0
72,63564.00,"2n Cycle",26,46.73,"Social Media",1
72,63564.00,"2n Cycle",26,46.73,"Google Search Ads",0
72,63564.00,"2n Cycle",26,46.73,"Display Ads",0
72,63564.00,"2n Cycle",26,46.73,"Email",1
54,83443.00,"PhD",0,0,"Email",0
54,83443.00,"PhD",0,0,"SMS",0
54,83443.00,"PhD",0,0,"Social Media",0
54,83443.00,"PhD",0,0,"Google Search Ads",0
54,83443.00,"PhD",0,0,"Display Ads",0
54,83443.00,"PhD",0,0,"Email",0
68,51518.00,"PhD",0,0,"Email",0
68,51518.00,"PhD",0,0,"SMS",0
68,51518.00,"PhD",0,0,"Social Media",0
68,51518.00,"PhD",0,0,"Google Search Ads",0
68,51518.00,"PhD",0,0,"Display Ads",0
68,51518.00,"PhD",0,0,"Email",0
51,58330.00,"Graduation",0,0,"Email",0
51,58330.00,"Graduation",0,0,"SMS",0
51,58330.00,"Graduation",0,0,"Social Media",0
51,58330.00,"Graduation",0,0,"Google Search Ads",0
51,58330.00,"Graduation",0,0,"Display Ads",0
51,58330.00,"Graduation",0,0,"Email",0
57,80952.00,"Graduation",0,0,"Email",0
57,80952.00,"Graduation",0,0,"SMS",0
57,80952.00,"Graduation",0,0,"Social Media",0
57,80952.00,"Graduation",0,0,"Google Search Ads",0
57,80952.00,"Graduation",0,0,"Display Ads",0
57,80952.00,"Graduation",0,0,"Email",0
47,75507.00,"Graduation",0,0,"Email",0
47,75507.00,"Graduation",0,0,"SMS",0
47,75507.00,"Graduation",0,0,"Social Media",0
47,75507.00,"Graduation",0,0,"Google Search Ads",0
47,75507.00,"Graduation",0,0,"Display Ads",0
47,75507.00,"Graduation",0,0,"Email",0
48,63855.00,"2n Cycle",0,0,"Email",0
48,63855.00,"2n Cycle",0,0,"SMS",0
48,63855.00,"2n Cycle",0,0,"Social Media",0
48,63855.00,"2n Cycle",0,0,"Google Search Ads",0
48,63855.00,"2n Cycle",0,0,"Display Ads",0
48,63855.00,"2n Cycle",0,0,"Email",0
54,62220.00,"PhD",0,0,"Email",0
54,62220.00,"PhD",0,0,"SMS",0
54,62220.00,"PhD",0,0,"Social Media",0
54,62220.00,"PhD",0,0,"Google Search Ads",0
54,62220.00,"PhD",0,0,"Display Ads",0
54,62220.00,"PhD",0,0,"Email",0
62,58512.00,"Graduation",0,0,"Email",0
62,58512.00,"Graduation",0,0,"SMS",0
62,58512.00,"Graduation",0,0,"Social Media",0
62,58512.00,"Graduation",0,0,"Google Search Ads",0
62,58512.00,"Graduation",0,0,"Display Ads",0
62,58512.00,"Graduation",0,0,"Email",0
47,40662.00,"Master",0,0,"Email",0
47,40662.00,"Master",0,0,"SMS",0
47,40662.00,"Master",0,0,"Social Media",0
47,40662.00,"Master",0,0,"Google Search Ads",0
47,40662.00,"Master",0,0,"Display Ads",0
47,40662.00,"Master",0,0,"Email",0
67,38829.00,"PhD",0,0,"Email",0
67,38829.00,"PhD",0,0,"SMS",0
67,38829.00,"PhD",0,0,"Social Media",0
67,38829.00,"PhD",0,0,"Google Search Ads",0
67,38829.00,"PhD",0,0,"Display Ads",0
67,38829.00,"PhD",0,0,"Email",0
45,35523.00,"2n Cycle",0,0,"Email",0
45,35523.00,"2n Cycle",0,0,"SMS",0
45,35523.00,"2n Cycle",0,0,"Social Media",0
45,35523.00,"2n Cycle",0,0,"Google Search Ads",0
45,35523.00,"2n Cycle",0,0,"Display Ads",0
45,35523.00,"2n Cycle",0,0,"Email",0
59,79146.00,"Graduation",0,0,"Email",0
59,79146.00,"Graduation",0,0,"SMS",0
59,79146.00,"Graduation",0,0,"Social Media",0
59,79146.00,"Graduation",0,0,"Google Search Ads",0
59,79146.00,"Graduation",0,0,"Display Ads",0
59,79146.00,"Graduation",0,0,"Email",0
38,78285.00,"Master",0,0,"Email",0
38,78285.00,"Master",0,0,"SMS",0
38,78285.00,"Master",0,0,"Social Media",0
38,78285.00,"Master",0,0,"Google Search Ads",0
38,78285.00,"Master",0,0,"Display Ads",0
38,78285.00,"Master",0,0,"Email",0
48,31626.00,"PhD",0,0,"Email",0
48,31626.00,"PhD",0,0,"SMS",0
48,31626.00,"PhD",0,0,"Social Media",0
48,31626.00,"PhD",0,0,"Google Search Ads",0
48,31626.00,"PhD",0,0,"Display Ads",0
48,31626.00,"PhD",0,0,"Email",0
74,75127.00,"Graduation",0,0,"Email",0
74,75127.00,"Graduation",0,0,"SMS",0
74,75127.00,"Graduation",0,0,"Social Media",0
74,75127.00,"Graduation",0,0,"Google Search Ads",0
74,75127.00,"Graduation",0,0,"Display Ads",0
74,75127.00,"Graduation",0,0,"Email",0
71,48726.00,"Graduation",0,0,"Email",0
71,48726.00,"Graduation",0,0,"SMS",0
71,48726.00,"Graduation",0,0,"Social Media",0
71,48726.00,"Graduation",0,0,"Google Search Ads",0
71,48726.00,"Graduation",0,0,"Display Ads",0
71,48726.00,"Graduation",0,0,"Email",0
49,74985.00,"Graduation",0,0,"Email",0
49,74985.00,"Graduation",0,0,"SMS",0
49,74985.00,"Graduation",0,0,"Social Media",0
49,74985.00,"Graduation",0,0,"Google Search Ads",0
49,74985.00,"Graduation",0,0,"Display Ads",0
49,74985.00,"Graduation",0,0,"Email",0
39,67430.00,"Graduation",0,0,"Email",0
39,67430.00,"Graduation",0,0,"SMS",0
39,67430.00,"Graduation",0,0,"Social Media",0
39,67430.00,"Graduation",0,0,"Google Search Ads",0
39,67430.00,"Graduation",0,0,"Display Ads",0
39,67430.00,"Graduation",0,0,"Email",0
61,46891.00,"2n Cycle",0,0,"Email",0
61,46891.00,"2n Cycle",0,0,"SMS",0
61,46891.00,"2n Cycle",0,0,"Social Media",0
61,46891.00,"2n Cycle",0,0,"Google Search Ads",0
61,46891.00,"2n Cycle",0,0,"Display Ads",0
61,46891.00,"2n Cycle",0,0,"Email",0
70,62058.00,"Master",0,0,"Email",0
70,62058.00,"Master",0,0,"SMS",0
70,62058.00,"Master",0,0,"Social Media",0
70,62058.00,"Master",0,0,"Google Search Ads",0
70,62058.00,"Master",0,0,"Display Ads",0
70,62058.00,"Master",0,0,"Email",0
47,72063.00,"Graduation",0,0,"Email",0
47,72063.00,"Graduation",0,0,"SMS",0
47,72063.00,"Graduation",0,0,"Social Media",0
47,72063.00,"Graduation",0,0,"Google Search Ads",0
47,72063.00,"Graduation",0,0,"Display Ads",0
47,72063.00,"Graduation",0,0,"Email",0
75,78939.00,"PhD",0,0,"Email",0
75,78939.00,"PhD",0,0,"SMS",0
75,78939.00,"PhD",0,0,"Social Media",0
75,78939.00,"PhD",0,0,"Google Search Ads",0
75,78939.00,"PhD",0,0,"Display Ads",0
75,78939.00,"PhD",0,0,"Email",0
61,42720.00,"Graduation",0,0,"Email",0
61,42720.00,"Graduation",0,0,"SMS",0
61,42720.00,"Graduation",0,0,"Social Media",0
61,42720.00,"Graduation",0,0,"Google Search Ads",0
61,42720.00,"Graduation",0,0,"Display Ads",0
61,42720.00,"Graduation",0,0,"Email",0
54,33622.00,"Graduation",0,0,"Email",0
54,33622.00,"Graduation",0,0,"SMS",0
54,33622.00,"Graduation",0,0,"Social Media",0
54,33622.00,"Graduation",0,0,"Google Search Ads",0
54,33622.00,"Graduation",0,0,"Display Ads",0
54,33622.00,"Graduation",0,0,"Email",0
69,6835.00,"PhD",0,0,"Email",0
69,6835.00,"PhD",0,0,"SMS",0
69,6835.00,"PhD",0,0,"Social Media",0
69,6835.00,"PhD",0,0,"Google Search Ads",0
69,6835.00,"PhD",0,0,"Display Ads",0
69,6835.00,"PhD",0,0,"Email",0
73,41452.00,"Graduation",0,0,"Email",0
73,41452.00,"Graduation",0,0,"SMS",0
73,41452.00,"Graduation",0,0,"Social Media",0
73,41452.00,"Graduation",0,0,"Google Search Ads",0
73,41452.00,"Graduation",0,0,"Display Ads",0
73,41452.00,"Graduation",0,0,"Email",0
61,40760.00,"PhD",0,0,"Email",0
61,40760.00,"PhD",0,0,"SMS",0
61,40760.00,"PhD",0,0,"Social Media",0
61,40760.00,"PhD",0,0,"Google Search Ads",0
61,40760.00,"PhD",0,0,"Display Ads",0
61,40760.00,"PhD",0,0,"Email",0
68,74250.00,"PhD",0,0,"Email",0
68,74250.00,"PhD",0,0,"SMS",0
68,74250.00,"PhD",0,0,"Social Media",0
68,74250.00,"PhD",0,0,"Google Search Ads",0
68,74250.00,"PhD",0,0,"Display Ads",0
68,74250.00,"PhD",0,0,"Email",0
71,51124.00,"Master",0,0,"Email",0
71,51124.00,"Master",0,0,"SMS",0
71,51124.00,"Master",0,0,"Social Media",0
71,51124.00,"Master",0,0,"Google Search Ads",0
71,51124.00,"Master",0,0,"Display Ads",0
71,51124.00,"Master",0,0,"Email",0
55,72258.00,"Graduation",0,0,"Email",0
55,72258.00,"Graduation",0,0,"SMS",0
55,72258.00,"Graduation",0,0,"Social Media",0
55,72258.00,"Graduation",0,0,"Google Search Ads",0
55,72258.00,"Graduation",0,0,"Display Ads",0
55,72258.00,"Graduation",0,0,"Email",0
52,71466.00,"PhD",0,0,"Email",0
52,71466.00,"PhD",0,0,"SMS",0
52,71466.00,"PhD",0,0,"Social Media",0
52,71466.00,"PhD",0,0,"Google Search Ads",0
52,71466.00,"PhD",0,0,"Display Ads",0
52,71466.00,"PhD",0,0,"Email",0
50,36283.00,"Graduation",0,0,"Email",0
50,36283.00,"Graduation",0,0,"SMS",0
50,36283.00,"Graduation",0,0,"Social Media",0
50,36283.00,"Graduation",0,0,"Google Search Ads",0
50,36283.00,"Graduation",0,0,"Display Ads",0
50,36283.00,"Graduation",0,0,"Email",0
56,20587.00,"Graduation",0,0,"Email",0
56,20587.00,"Graduation",0,0,"SMS",0
56,20587.00,"Graduation",0,0,"Social Media",0
56,20587.00,"Graduation",0,0,"Google Search Ads",0
56,20587.00,"Graduation",0,0,"Display Ads",0
56,20587.00,"Graduation",0,0,"Email",0
54,30467.00,"Graduation",0,0,"Email",0
54,30467.00,"Graduation",0,0,"SMS",0
54,30467.00,"Graduation",0,0,"Social Media",0
54,30467.00,"Graduation",0,0,"Google Search Ads",0
54,30467.00,"Graduation",0,0,"Display Ads",0
54,30467.00,"Graduation",0,0,"Email",0
54,31590.00,"Graduation",0,0,"Email",0
54,31590.00,"Graduation",0,0,"SMS",0
54,31590.00,"Graduation",0,0,"Social Media",0
54,31590.00,"Graduation",0,0,"Google Search Ads",0
54,31590.00,"Graduation",0,0,"Display Ads",0
54,31590.00,"Graduation",0,0,"Email",0
40,20425.00,"Basic",0,0,"Email",0
40,20425.00,"Basic",0,0,"SMS",0
40,20425.00,"Basic",0,0,"Social Media",0
40,20425.00,"Basic",0,0,"Google Search Ads",0
40,20425.00,"Basic",0,0,"Display Ads",0
40,20425.00,"Basic",0,0,"Email",0
66,17144.00,"Master",0,0,"Email",0
66,17144.00,"Master",0,0,"SMS",0
66,17144.00,"Master",0,0,"Social Media",0
66,17144.00,"Master",0,0,"Google Search Ads",0
66,17144.00,"Master",0,0,"Display Ads",0
66,17144.00,"Master",0,0,"Email",0
58,42564.00,"PhD",0,0,"Email",0
58,42564.00,"PhD",0,0,"SMS",0
58,42564.00,"PhD",0,0,"Social Media",0
58,42564.00,"PhD",0,0,"Google Search Ads",0
58,42564.00,"PhD",0,0,"Display Ads",0
58,42564.00,"PhD",0,0,"Email",0
48,43783.00,"Master",0,0,"Email",0
48,43783.00,"Master",0,0,"SMS",0
48,43783.00,"Master",0,0,"Social Media",0
48,43783.00,"Master",0,0,"Google Search Ads",0
48,43783.00,"Master",0,0,"Display Ads",0
48,43783.00,"Master",0,0,"Email",0
50,40780.00,"Graduation",0,0,"Email",0
50,40780.00,"Graduation",0,0,"SMS",0
50,40780.00,"Graduation",0,0,"Social Media",0
50,40780.00,"Graduation",0,0,"Google Search Ads",0
50,40780.00,"Graduation",0,0,"Display Ads",0
50,40780.00,"Graduation",0,0,"Email",0
81,62847.00,"Master",0,0,"Email",0
81,62847.00,"Master",0,0,"SMS",0
81,62847.00,"Master",0,0,"Social Media",0
81,62847.00,"Master",0,0,"Google Search Ads",0
81,62847.00,"Master",0,0,"Display Ads",0
81,62847.00,"Master",0,0,"Email",0
69,82017.00,"PhD",0,0,"Email",0
69,82017.00,"PhD",0,0,"SMS",0
69,82017.00,"PhD",0,0,"Social Media",0
69,82017.00,"PhD",0,0,"Google Search Ads",0
69,82017.00,"PhD",0,0,"Display Ads",0
69,82017.00,"PhD",0,0,"Email",0
76,16813.00,"Graduation",0,0,"Email",0
76,16813.00,"Graduation",0,0,"SMS",0
76,16813.00,"Graduation",0,0,"Social Media",0
76,16813.00,"Graduation",0,0,"Google Search Ads",0
76,16813.00,"Graduation",0,0,"Display Ads",0
76,16813.00,"Graduation",0,0,"Email",0
48,51267.00,"Graduation",0,0,"Email",0
48,51267.00,"Graduation",0,0,"SMS",0
48,51267.00,"Graduation",0,0,"Social Media",0
48,51267.00,"Graduation",0,0,"Google Search Ads",0
48,51267.00,"Graduation",0,0,"Display Ads",0
48,51267.00,"Graduation",0,0,"Email",0
65,46524.00,"Graduation",0,0,"Email",0
65,46524.00,"Graduation",0,0,"SMS",0
65,46524.00,"Graduation",0,0,"Social Media",0
65,46524.00,"Graduation",0,0,"Google Search Ads",0
65,46524.00,"Graduation",0,0,"Display Ads",0
65,46524.00,"Graduation",0,0,"Email",0
64,45183.00,"Master",0,0,"Email",0
64,45183.00,"Master",0,0,"SMS",0
64,45183.00,"Master",0,0,"Social Media",0
64,45183.00,"Master",0,0,"Google Search Ads",0
64,45183.00,"Master",0,0,"Display Ads",0
64,45183.00,"Master",0,0,"Email",0
72,70421.00,"PhD",0,0,"Email",0
72,70421.00,"PhD",0,0,"SMS",0
72,70421.00,"PhD",0,0,"Social Media",0
72,70421.00,"PhD",0,0,"Google Search Ads",0
72,70421.00,"PhD",0,0,"Display Ads",0
72,70421.00,"PhD",0,0,"Email",0
61,60161.00,"2n Cycle",0,0,"Email",0
61,60161.00,"2n Cycle",0,0,"SMS",0
61,60161.00,"2n Cycle",0,0,"Social Media",0
61,60161.00,"2n Cycle",0,0,"Google Search Ads",0
61,60161.00,"2n Cycle",0,0,"Display Ads",0
61,60161.00,"2n Cycle",0,0,"Email",0
53,73926.00,"Graduation",0,0,"Email",0
53,73926.00,"Graduation",0,0,"SMS",0
53,73926.00,"Graduation",0,0,"Social Media",0
53,73926.00,"Graduation",0,0,"Google Search Ads",0
53,73926.00,"Graduation",0,0,"Display Ads",0
53,73926.00,"Graduation",0,0,"Email",0
58,19329.00,"Graduation",0,0,"Email",0
58,19329.00,"Graduation",0,0,"SMS",0
58,19329.00,"Graduation",0,0,"Social Media",0
58,19329.00,"Graduation",0,0,"Google Search Ads",0
58,19329.00,"Graduation",0,0,"Display Ads",0
58,19329.00,"Graduation",0,0,"Email",0
56,61872.00,"Master",0,0,"Email",0
56,61872.00,"Master",0,0,"SMS",0
56,61872.00,"Master",0,0,"Social Media",0
56,61872.00,"Master",0,0,"Google Search Ads",0
56,61872.00,"Master",0,0,"Display Ads",0
56,61872.00,"Master",0,0,"Email",0
70,46984.00,"Graduation",0,0,"Email",0
70,46984.00,"Graduation",0,0,"SMS",0
70,46984.00,"Graduation",0,0,"Social Media",0
70,46984.00,"Graduation",0,0,"Google Search Ads",0
70,46984.00,"Graduation",0,0,"Display Ads",0
70,46984.00,"Graduation",0,0,"Email",0
75,34838.00,"Graduation",0,0,"Email",0
75,34838.00,"Graduation",0,0,"SMS",0
75,34838.00,"Graduation",0,0,"Social Media",0
75,34838.00,"Graduation",0,0,"Google Search Ads",0
75,34838.00,"Graduation",0,0,"Display Ads",0
75,34838.00,"Graduation",0,0,"Email",0
82,82716.00,"PhD",0,0,"Email",0
82,82716.00,"PhD",0,0,"SMS",0
82,82716.00,"PhD",0,0,"Social Media",0
82,82716.00,"PhD",0,0,"Google Search Ads",0
82,82716.00,"PhD",0,0,"Display Ads",0
82,82716.00,"PhD",0,0,"Email",0
68,48192.00,"Graduation",0,0,"Email",0
68,48192.00,"Graduation",0,0,"SMS",0
68,48192.00,"Graduation",0,0,"Social Media",0
68,48192.00,"Graduation",0,0,"Google Search Ads",0
68,48192.00,"Graduation",0,0,"Display Ads",0
68,48192.00,"Graduation",0,0,"Email",0
50,49681.00,"Master",0,0,"Email",0
50,49681.00,"Master",0,0,"SMS",0
50,49681.00,"Master",0,0,"Social Media",0
50,49681.00,"Master",0,0,"Google Search Ads",0
50,49681.00,"Master",0,0,"Display Ads",0
50,49681.00,"Master",0,0,"Email",0
55,56850.00,"Master",0,0,"Email",0
55,56850.00,"Master",0,0,"SMS",0
55,56850.00,"Master",0,0,"Social Media",0
55,56850.00,"Master",0,0,"Google Search Ads",0
55,56850.00,"Master",0,0,"Display Ads",0
55,56850.00,"Master",0,0,"Email",0
69,55267.00,"Graduation",0,0,"Email",0
69,55267.00,"Graduation",0,0,"SMS",0
69,55267.00,"Graduation",0,0,"Social Media",0
69,55267.00,"Graduation",0,0,"Google Search Ads",0
69,55267.00,"Graduation",0,0,"Display Ads",0
69,55267.00,"Graduation",0,0,"Email",0
54,59666.00,"Graduation",0,0,"Email",0
54,59666.00,"Graduation",0,0,"SMS",0
54,59666.00,"Graduation",0,0,"Social Media",0
54,59666.00,"Graduation",0,0,"Google Search Ads",0
54,59666.00,"Graduation",0,0,"Display Ads",0
54,59666.00,"Graduation",0,0,"Email",0
54,72504.00,"Graduation",0,0,"Email",0
54,72504.00,"Graduation",0,0,"SMS",0
54,72504.00,"Graduation",0,0,"Social Media",0
54,72504.00,"Graduation",0,0,"Google Search Ads",0
54,72504.00,"Graduation",0,0,"Display Ads",0
54,72504.00,"Graduation",0,0,"Email",0
45,26872.00,"Graduation",0,0,"Email",0
45,26872.00,"Graduation",0,0,"SMS",0
45,26872.00,"Graduation",0,0,"Social Media",0
45,26872.00,"Graduation",0,0,"Google Search Ads",0
45,26872.00,"Graduation",0,0,"Display Ads",0
45,26872.00,"Graduation",0,0,"Email",0
54,21359.00,"Graduation",0,0,"Email",0
54,21359.00,"Graduation",0,0,"SMS",0
54,21359.00,"Graduation",0,0,"Social Media",0
54,21359.00,"Graduation",0,0,"Google Search Ads",0
54,21359.00,"Graduation",0,0,"Display Ads",0
54,21359.00,"Graduation",0,0,"Email",0
51,73170.00,"Graduation",0,0,"Email",0
51,73170.00,"Graduation",0,0,"SMS",0
51,73170.00,"Graduation",0,0,"Social Media",0
51,73170.00,"Graduation",0,0,"Google Search Ads",0
51,73170.00,"Graduation",0,0,"Display Ads",0
51,73170.00,"Graduation",0,0,"Email",0
71,52750.00,"Master",0,0,"Email",0
71,52750.00,"Master",0,0,"SMS",0
71,52750.00,"Master",0,0,"Social Media",0
71,52750.00,"Master",0,0,"Google Search Ads",0
71,52750.00,"Master",0,0,"Display Ads",0
71,52750.00,"Master",0,0,"Email",0
40,91820.00,"PhD",0,0,"Email",0
40,91820.00,"PhD",0,0,"SMS",0
40,91820.00,"PhD",0,0,"Social Media",0
40,91820.00,"PhD",0,0,"Google Search Ads",0
40,91820.00,"PhD",0,0,"Display Ads",0
40,91820.00,"PhD",0,0,"Email",0
56,65968.00,"PhD",0,0,"Email",0
56,65968.00,"PhD",0,0,"SMS",0
56,65968.00,"PhD",0,0,"Social Media",0
56,65968.00,"PhD",0,0,"Google Search Ads",0
56,65968.00,"PhD",0,0,"Display Ads",0
56,65968.00,"PhD",0,0,"Email",0
50,30772.00,"Graduation",0,0,"Email",0
50,30772.00,"Graduation",0,0,"SMS",0
50,30772.00,"Graduation",0,0,"Social Media",0
50,30772.00,"Graduation",0,0,"Google Search Ads",0
50,30772.00,"Graduation",0,0,"Display Ads",0
50,30772.00,"Graduation",0,0,"Email",0
72,22507.00,"Graduation",0,0,"Email",0
72,22507.00,"Graduation",0,0,"SMS",0
72,22507.00,"Graduation",0,0,"Social Media",0
72,22507.00,"Graduation",0,0,"Google Search Ads",0
72,22507.00,"Graduation",0,0,"Display Ads",0
72,22507.00,"Graduation",0,0,"Email",0
54,65685.00,"Graduation",0,0,"Email",0
54,65685.00,"Graduation",0,0,"SMS",0
54,65685.00,"Graduation",0,0,"Social Media",0
54,65685.00,"Graduation",0,0,"Google Search Ads",0
54,65685.00,"Graduation",0,0,"Display Ads",0
54,65685.00,"Graduation",0,0,"Email",0
48,25804.00,"2n Cycle",0,0,"Email",0
48,25804.00,"2n Cycle",0,0,"SMS",0
48,25804.00,"2n Cycle",0,0,"Social Media",0
48,25804.00,"2n Cycle",0,0,"Google Search Ads",0
48,25804.00,"2n Cycle",0,0,"Display Ads",0
48,25804.00,"2n Cycle",0,0,"Email",0
46,76412.00,"PhD",0,0,"Email",0
46,76412.00,"PhD",0,0,"SMS",0
46,76412.00,"PhD",0,0,"Social Media",0
46,76412.00,"PhD",0,0,"Google Search Ads",0
46,76412.00,"PhD",0,0,"Display Ads",0
46,76412.00,"PhD",0,0,"Email",0
54,22063.00,"Graduation",0,0,"Email",0
54,22063.00,"Graduation",0,0,"SMS",0
54,22063.00,"Graduation",0,0,"Social Media",0
54,22063.00,"Graduation",0,0,"Google Search Ads",0
54,22063.00,"Graduation",0,0,"Display Ads",0
54,22063.00,"Graduation",0,0,"Email",0
65,57091.00,"Graduation",0,0,"Email",0
65,57091.00,"Graduation",0,0,"SMS",0
65,57091.00,"Graduation",0,0,"Social Media",0
65,57091.00,"Graduation",0,0,"Google Search Ads",0
65,57091.00,"Graduation",0,0,"Display Ads",0
65,57091.00,"Graduation",0,0,"Email",0
63,22419.00,"Graduation",0,0,"Email",0
63,22419.00,"Graduation",0,0,"SMS",0
63,22419.00,"Graduation",0,0,"Social Media",0
63,22419.00,"Graduation",0,0,"Google Search Ads",0
63,22419.00,"Graduation",0,0,"Display Ads",0
63,22419.00,"Graduation",0,0,"Email",0
67,87771.00,"Graduation",0,0,"Email",0
67,87771.00,"Graduation",0,0,"SMS",0
67,87771.00,"Graduation",0,0,"Social Media",0
67,87771.00,"Graduation",0,0,"Google Search Ads",0
67,87771.00,"Graduation",0,0,"Display Ads",0
67,87771.00,"Graduation",0,0,"Email",0
67,78353.00,"2n Cycle",0,0,"Email",0
67,78353.00,"2n Cycle",0,0,"SMS",0
67,78353.00,"2n Cycle",0,0,"Social Media",0
67,78353.00,"2n Cycle",0,0,"Google Search Ads",0
67,78353.00,"2n Cycle",0,0,"Display Ads",0
67,78353.00,"2n Cycle",0,0,"Email",0
72,93404.00,"Graduation",0,0,"Email",0
72,93404.00,"Graduation",0,0,"SMS",0
72,93404.00,"Graduation",0,0,"Social Media",0
72,93404.00,"Graduation",0,0,"Google Search Ads",0
72,93404.00,"Graduation",0,0,"Display Ads",0
72,93404.00,"Graduation",0,0,"Email",0
64,37859.00,"Graduation",0,0,"Email",0
64,37859.00,"Graduation",0,0,"SMS",0
64,37859.00,"Graduation",0,0,"Social Media",0
64,37859.00,"Graduation",0,0,"Google Search Ads",0
64,37859.00,"Graduation",0,0,"Display Ads",0
64,37859.00,"Graduation",0,0,"Email",0
68,80995.00,"PhD",0,0,"Email",0
68,80995.00,"PhD",0,0,"SMS",0
68,80995.00,"PhD",0,0,"Social Media",0
68,80995.00,"PhD",0,0,"Google Search Ads",0
68,80995.00,"PhD",0,0,"Display Ads",0
68,80995.00,"PhD",0,0,"Email",0
42,16529.00,"Graduation",0,0,"Email",0
42,16529.00,"Graduation",0,0,"SMS",0
42,16529.00,"Graduation",0,0,"Social Media",0
42,16529.00,"Graduation",0,0,"Google Search Ads",0
42,16529.00,"Graduation",0,0,"Display Ads",0
42,16529.00,"Graduation",0,0,"Email",0
50,55412.00,"PhD",0,0,"Email",0
50,55412.00,"PhD",0,0,"SMS",0
50,55412.00,"PhD",0,0,"Social Media",0
50,55412.00,"PhD",0,0,"Google Search Ads",0
50,55412.00,"PhD",0,0,"Display Ads",0
50,55412.00,"PhD",0,0,"Email",0
34,48789.00,"Graduation",0,0,"Email",0
34,48789.00,"Graduation",0,0,"SMS",0
34,48789.00,"Graduation",0,0,"Social Media",0
34,48789.00,"Graduation",0,0,"Google Search Ads",0
34,48789.00,"Graduation",0,0,"Display Ads",0
34,48789.00,"Graduation",0,0,"Email",0
59,56575.00,"PhD",0,0,"Email",0
59,56575.00,"PhD",0,0,"SMS",0
59,56575.00,"PhD",0,0,"Social Media",0
59,56575.00,"PhD",0,0,"Google Search Ads",0
59,56575.00,"PhD",0,0,"Display Ads",0
59,56575.00,"PhD",0,0,"Email",0
46,25130.00,"2n Cycle",0,0,"Email",0
46,25130.00,"2n Cycle",0,0,"SMS",0
46,25130.00,"2n Cycle",0,0,"Social Media",0
46,25130.00,"2n Cycle",0,0,"Google Search Ads",0
46,25130.00,"2n Cycle",0,0,"Display Ads",0
46,25130.00,"2n Cycle",0,0,"Email",0
59,35441.00,"Graduation",0,0,"Email",0
59,35441.00,"Graduation",0,0,"SMS",0
59,35441.00,"Graduation",0,0,"Social Media",0
59,35441.00,"Graduation",0,0,"Google Search Ads",0
59,35441.00,"Graduation",0,0,"Display Ads",0
59,35441.00,"Graduation",0,0,"Email",0
70,71391.00,"Graduation",0,0,"Email",0
70,71391.00,"Graduation",0,0,"SMS",0
70,71391.00,"Graduation",0,0,"Social Media",0
70,71391.00,"Graduation",0,0,"Google Search Ads",0
70,71391.00,"Graduation",0,0,"Display Ads",0
70,71391.00,"Graduation",0,0,"Email",0
54,49494.00,"Master",0,0,"Email",0
54,49494.00,"Master",0,0,"SMS",0
54,49494.00,"Master",0,0,"Social Media",0
54,49494.00,"Master",0,0,"Google Search Ads",0
54,49494.00,"Master",0,0,"Display Ads",0
54,49494.00,"Master",0,0,"Email",0
46,81702.00,"Graduation",0,0,"Email",0
46,81702.00,"Graduation",0,0,"SMS",0
46,81702.00,"Graduation",0,0,"Social Media",0
46,81702.00,"Graduation",0,0,"Google Search Ads",0
46,81702.00,"Graduation",0,0,"Display Ads",0
46,81702.00,"Graduation",0,0,"Email",0
46,45889.00,"2n Cycle",0,0,"Email",0
46,45889.00,"2n Cycle",0,0,"SMS",0
46,45889.00,"2n Cycle",0,0,"Social Media",0
46,45889.00,"2n Cycle",0,0,"Google Search Ads",0
46,45889.00,"2n Cycle",0,0,"Display Ads",0
46,45889.00,"2n Cycle",0,0,"Email",0
49,56628.00,"Graduation",0,0,"Email",0
49,56628.00,"Graduation",0,0,"SMS",0
49,56628.00,"Graduation",0,0,"Social Media",0
49,56628.00,"Graduation",0,0,"Google Search Ads",0
49,56628.00,"Graduation",0,0,"Display Ads",0
49,56628.00,"Graduation",0,0,"Email",0
76,34026.00,"Graduation",0,0,"Email",0
76,34026.00,"Graduation",0,0,"SMS",0
76,34026.00,"Graduation",0,0,"Social Media",0
76,34026.00,"Graduation",0,0,"Google Search Ads",0
76,34026.00,"Graduation",0,0,"Display Ads",0
76,34026.00,"Graduation",0,0,"Email",0
52,40049.00,"Graduation",0,0,"Email",0
52,40049.00,"Graduation",0,0,"SMS",0
52,40049.00,"Graduation",0,0,"Social Media",0
52,40049.00,"Graduation",0,0,"Google Search Ads",0
52,40049.00,"Graduation",0,0,"Display Ads",0
52,40049.00,"Graduation",0,0,"Email",0
38,34176.00,"Graduation",0,0,"Email",0
38,34176.00,"Graduation",0,0,"SMS",0
38,34176.00,"Graduation",0,0,"Social Media",0
38,34176.00,"Graduation",0,0,"Google Search Ads",0
38,34176.00,"Graduation",0,0,"Display Ads",0
38,34176.00,"Graduation",0,0,"Email",0
45,19419.00,"Graduation",0,0,"Email",0
45,19419.00,"Graduation",0,0,"SMS",0
45,19419.00,"Graduation",0,0,"Social Media",0
45,19419.00,"Graduation",0,0,"Google Search Ads",0
45,19419.00,"Graduation",0,0,"Display Ads",0
45,19419.00,"Graduation",0,0,"Email",0
66,82504.00,"2n Cycle",0,0,"Email",0
66,82504.00,"2n Cycle",0,0,"SMS",0
66,82504.00,"2n Cycle",0,0,"Social Media",0
66,82504.00,"2n Cycle",0,0,"Google Search Ads",0
66,82504.00,"2n Cycle",0,0,"Display Ads",0
66,82504.00,"2n Cycle",0,0,"Email",0
56,81205.00,"Graduation",0,0,"Email",0
56,81205.00,"Graduation",0,0,"SMS",0
56,81205.00,"Graduation",0,0,"Social Media",0
56,81205.00,"Graduation",0,0,"Google Search Ads",0
56,81205.00,"Graduation",0,0,"Display Ads",0
56,81205.00,"Graduation",0,0,"Email",0
35,61618.00,"2n Cycle",0,0,"Email",0
35,61618.00,"2n Cycle",0,0,"SMS",0
35,61618.00,"2n Cycle",0,0,"Social Media",0
35,61618.00,"2n Cycle",0,0,"Google Search Ads",0
35,61618.00,"2n Cycle",0,0,"Display Ads",0
35,61618.00,"2n Cycle",0,0,"Email",0
70,55284.00,"Master",0,0,"Email",0
70,55284.00,"Master",0,0,"SMS",0
70,55284.00,"Master",0,0,"Social Media",0
70,55284.00,"Master",0,0,"Google Search Ads",0
70,55284.00,"Master",0,0,"Display Ads",0
70,55284.00,"Master",0,0,"Email",0
63,49980.00,"Graduation",0,0,"Email",0
63,49980.00,"Graduation",0,0,"SMS",0
63,49980.00,"Graduation",0,0,"Social Media",0
63,49980.00,"Graduation",0,0,"Google Search Ads",0
63,49980.00,"Graduation",0,0,"Display Ads",0
63,49980.00,"Graduation",0,0,"Email",0
46,15072.00,"Graduation",0,0,"Email",0
46,15072.00,"Graduation",0,0,"SMS",0
46,15072.00,"Graduation",0,0,"Social Media",0
46,15072.00,"Graduation",0,0,"Google Search Ads",0
46,15072.00,"Graduation",0,0,"Display Ads",0
46,15072.00,"Graduation",0,0,"Email",0
52,49166.00,"Graduation",0,0,"Email",0
52,49166.00,"Graduation",0,0,"SMS",0
52,49166.00,"Graduation",0,0,"Social Media",0
52,49166.00,"Graduation",0,0,"Google Search Ads",0
52,49166.00,"Graduation",0,0,"Display Ads",0
52,49166.00,"Graduation",0,0,"Email",0
72,65324.00,"PhD",0,0,"Email",0
72,65324.00,"PhD",0,0,"SMS",0
72,65324.00,"PhD",0,0,"Social Media",0
72,65324.00,"PhD",0,0,"Google Search Ads",0
72,65324.00,"PhD",0,0,"Display Ads",0
72,65324.00,"PhD",0,0,"Email",0
69,82347.00,"2n Cycle",0,0,"Email",0
69,82347.00,"2n Cycle",0,0,"SMS",0
69,82347.00,"2n Cycle",0,0,"Social Media",0
69,82347.00,"2n Cycle",0,0,"Google Search Ads",0
69,82347.00,"2n Cycle",0,0,"Display Ads",0
69,82347.00,"2n Cycle",0,0,"Email",0
60,30843.00,"PhD",0,0,"Email",0
60,30843.00,"PhD",0,0,"SMS",0
60,30843.00,"PhD",0,0,"Social Media",0
60,30843.00,"PhD",0,0,"Google Search Ads",0
60,30843.00,"PhD",0,0,"Display Ads",0
60,30843.00,"PhD",0,0,"Email",0
52,46374.00,"PhD",0,0,"Email",0
52,46374.00,"PhD",0,0,"SMS",0
52,46374.00,"PhD",0,0,"Social Media",0
52,46374.00,"PhD",0,0,"Google Search Ads",0
52,46374.00,"PhD",0,0,"Display Ads",0
52,46374.00,"PhD",0,0,"Email",0
47,60474.00,"Graduation",0,0,"Email",0
47,60474.00,"Graduation",0,0,"SMS",0
47,60474.00,"Graduation",0,0,"Social Media",0
47,60474.00,"Graduation",0,0,"Google Search Ads",0
47,60474.00,"Graduation",0,0,"Display Ads",0
47,60474.00,"Graduation",0,0,"Email",0
53,38576.00,"Master",0,0,"Email",0
53,38576.00,"Master",0,0,"SMS",0
53,38576.00,"Master",0,0,"Social Media",0
53,38576.00,"Master",0,0,"Google Search Ads",0
53,38576.00,"Master",0,0,"Display Ads",0
53,38576.00,"Master",0,0,"Email",0
41,55357.00,"Graduation",0,0,"Email",0
41,55357.00,"Graduation",0,0,"SMS",0
41,55357.00,"Graduation",0,0,"Social Media",0
41,55357.00,"Graduation",0,0,"Google Search Ads",0
41,55357.00,"Graduation",0,0,"Display Ads",0
41,55357.00,"Graduation",0,0,"Email",0
60,37758.00,"Graduation",0,0,"Email",0
60,37758.00,"Graduation",0,0,"SMS",0
60,37758.00,"Graduation",0,0,"Social Media",0
60,37758.00,"Graduation",0,0,"Google Search Ads",0
60,37758.00,"Graduation",0,0,"Display Ads",0
60,37758.00,"Graduation",0,0,"Email",0
37,85710.00,"2n Cycle",0,0,"Email",0
37,85710.00,"2n Cycle",0,0,"SMS",0
37,85710.00,"2n Cycle",0,0,"Social Media",0
37,85710.00,"2n Cycle",0,0,"Google Search Ads",0
37,85710.00,"2n Cycle",0,0,"Display Ads",0
37,85710.00,"2n Cycle",0,0,"Email",0
57,23228.00,"Graduation",0,0,"Email",0
57,23228.00,"Graduation",0,0,"SMS",0
57,23228.00,"Graduation",0,0,"Social Media",0
57,23228.00,"Graduation",0,0,"Google Search Ads",0
57,23228.00,"Graduation",0,0,"Display Ads",0
57,23228.00,"Graduation",0,0,"Email",0
57,44602.00,"Master",0,0,"Email",0
57,44602.00,"Master",0,0,"SMS",0
57,44602.00,"Master",0,0,"Social Media",0
57,44602.00,"Master",0,0,"Google Search Ads",0
57,44602.00,"Master",0,0,"Display Ads",0
57,44602.00,"Master",0,0,"Email",0
39,7500.00,"Graduation",0,0,"Email",0
39,7500.00,"Graduation",0,0,"SMS",0
39,7500.00,"Graduation",0,0,"Social Media",0
39,7500.00,"Graduation",0,0,"Google Search Ads",0
39,7500.00,"Graduation",0,0,"Display Ads",0
39,7500.00,"Graduation",0,0,"Email",0
37,38683.00,"2n Cycle",0,0,"Email",0
37,38683.00,"2n Cycle",0,0,"SMS",0
37,38683.00,"2n Cycle",0,0,"Social Media",0
37,38683.00,"2n Cycle",0,0,"Google Search Ads",0
37,38683.00,"2n Cycle",0,0,"Display Ads",0
37,38683.00,"2n Cycle",0,0,"Email",0
51,49514.00,"2n Cycle",0,0,"Email",0
51,49514.00,"2n Cycle",0,0,"SMS",0
51,49514.00,"2n Cycle",0,0,"Social Media",0
51,49514.00,"2n Cycle",0,0,"Google Search Ads",0
51,49514.00,"2n Cycle",0,0,"Display Ads",0
51,49514.00,"2n Cycle",0,0,"Email",0
53,57906.00,"PhD",0,0,"Email",0
53,57906.00,"PhD",0,0,"SMS",0
53,57906.00,"PhD",0,0,"Social Media",0
53,57906.00,"PhD",0,0,"Google Search Ads",0
53,57906.00,"PhD",0,0,"Display Ads",0
53,57906.00,"PhD",0,0,"Email",0
60,43456.00,"Master",0,0,"Email",0
60,43456.00,"Master",0,0,"SMS",0
60,43456.00,"Master",0,0,"Social Media",0
60,43456.00,"Master",0,0,"Google Search Ads",0
60,43456.00,"Master",0,0,"Display Ads",0
60,43456.00,"Master",0,0,"Email",0
40,19485.00,"Master",0,0,"Email",0
40,19485.00,"Master",0,0,"SMS",0
40,19485.00,"Master",0,0,"Social Media",0
40,19485.00,"Master",0,0,"Google Search Ads",0
40,19485.00,"Master",0,0,"Display Ads",0
40,19485.00,"Master",0,0,"Email",0
48,53172.00,"Graduation",0,0,"Email",0
48,53172.00,"Graduation",0,0,"SMS",0
48,53172.00,"Graduation",0,0,"Social Media",0
48,53172.00,"Graduation",0,0,"Google Search Ads",0
48,53172.00,"Graduation",0,0,"Display Ads",0
48,53172.00,"Graduation",0,0,"Email",0
47,30545.00,"Graduation",0,0,"Email",0
47,30545.00,"Graduation",0,0,"SMS",0
47,30545.00,"Graduation",0,0,"Social Media",0
47,30545.00,"Graduation",0,0,"Google Search Ads",0
47,30545.00,"Graduation",0,0,"Display Ads",0
47,30545.00,"Graduation",0,0,"Email",0
43,70123.00,"PhD",0,0,"Email",0
43,70123.00,"PhD",0,0,"SMS",0
43,70123.00,"PhD",0,0,"Social Media",0
43,70123.00,"PhD",0,0,"Google Search Ads",0
43,70123.00,"PhD",0,0,"Display Ads",0
43,70123.00,"PhD",0,0,"Email",0
67,62450.00,"Graduation",0,0,"Email",0
67,62450.00,"Graduation",0,0,"SMS",0
67,62450.00,"Graduation",0,0,"Social Media",0
67,62450.00,"Graduation",0,0,"Google Search Ads",0
67,62450.00,"Graduation",0,0,"Display Ads",0
67,62450.00,"Graduation",0,0,"Email",0
50,21675.00,"Graduation",0,0,"Email",0
50,21675.00,"Graduation",0,0,"SMS",0
50,21675.00,"Graduation",0,0,"Social Media",0
50,21675.00,"Graduation",0,0,"Google Search Ads",0
50,21675.00,"Graduation",0,0,"Display Ads",0
50,21675.00,"Graduation",0,0,"Email",0
45,42395.00,"2n Cycle",0,0,"Email",0
45,42395.00,"2n Cycle",0,0,"SMS",0
45,42395.00,"2n Cycle",0,0,"Social Media",0
45,42395.00,"2n Cycle",0,0,"Google Search Ads",0
45,42395.00,"2n Cycle",0,0,"Display Ads",0
45,42395.00,"2n Cycle",0,0,"Email",0
48,61346.00,"Master",0,0,"Email",0
48,61346.00,"Master",0,0,"SMS",0
48,61346.00,"Master",0,0,"Social Media",0
48,61346.00,"Master",0,0,"Google Search Ads",0
48,61346.00,"Master",0,0,"Display Ads",0
48,61346.00,"Master",0,0,"Email",0
73,80812.00,"Graduation",0,0,"Email",0
73,80812.00,"Graduation",0,0,"SMS",0
73,80812.00,"Graduation",0,0,"Social Media",0
73,80812.00,"Graduation",0,0,"Google Search Ads",0
73,80812.00,"Graduation",0,0,"Display Ads",0
73,80812.00,"Graduation",0,0,"Email",0
55,42835.00,"Master",0,0,"Email",0
55,42835.00,"Master",0,0,"SMS",0
55,42835.00,"Master",0,0,"Social Media",0
55,42835.00,"Master",0,0,"Google Search Ads",0
55,42835.00,"Master",0,0,"Display Ads",0
55,42835.00,"Master",0,0,"Email",0
43,39922.00,"Graduation",0,0,"Email",0
43,39922.00,"Graduation",0,0,"SMS",0
43,39922.00,"Graduation",0,0,"Social Media",0
43,39922.00,"Graduation",0,0,"Google Search Ads",0
43,39922.00,"Graduation",0,0,"Display Ads",0
43,39922.00,"Graduation",0,0,"Email",0
70,86424.00,"Master",0,0,"Email",0
70,86424.00,"Master",0,0,"SMS",0
70,86424.00,"Master",0,0,"Social Media",0
70,86424.00,"Master",0,0,"Google Search Ads",0
70,86424.00,"Master",0,0,"Display Ads",0
70,86424.00,"Master",0,0,"Email",0
48,17117.00,"2n Cycle",0,0,"Email",0
48,17117.00,"2n Cycle",0,0,"SMS",0
48,17117.00,"2n Cycle",0,0,"Social Media",0
48,17117.00,"2n Cycle",0,0,"Google Search Ads",0
48,17117.00,"2n Cycle",0,0,"Display Ads",0
48,17117.00,"2n Cycle",0,0,"Email",0
54,24762.00,"Graduation",0,0,"Email",0
54,24762.00,"Graduation",0,0,"SMS",0
54,24762.00,"Graduation",0,0,"Social Media",0
54,24762.00,"Graduation",0,0,"Google Search Ads",0
54,24762.00,"Graduation",0,0,"Display Ads",0
54,24762.00,"Graduation",0,0,"Email",0
51,35797.00,"Graduation",0,0,"Email",0
51,35797.00,"Graduation",0,0,"SMS",0
51,35797.00,"Graduation",0,0,"Social Media",0
51,35797.00,"Graduation",0,0,"Google Search Ads",0
51,35797.00,"Graduation",0,0,"Display Ads",0
51,35797.00,"Graduation",0,0,"Email",0
51,36627.00,"Graduation",0,0,"Email",0
51,36627.00,"Graduation",0,0,"SMS",0
51,36627.00,"Graduation",0,0,"Social Media",0
51,36627.00,"Graduation",0,0,"Google Search Ads",0
51,36627.00,"Graduation",0,0,"Display Ads",0
51,36627.00,"Graduation",0,0,"Email",0
45,51111.00,"2n Cycle",0,0,"Email",0
45,51111.00,"2n Cycle",0,0,"SMS",0
45,51111.00,"2n Cycle",0,0,"Social Media",0
45,51111.00,"2n Cycle",0,0,"Google Search Ads",0
45,51111.00,"2n Cycle",0,0,"Display Ads",0
45,51111.00,"2n Cycle",0,0,"Email",0
54,86857.00,"PhD",0,0,"Email",0
54,86857.00,"PhD",0,0,"SMS",0
54,86857.00,"PhD",0,0,"Social Media",0
54,86857.00,"PhD",0,0,"Google Search Ads",0
54,86857.00,"PhD",0,0,"Display Ads",0
54,86857.00,"PhD",0,0,"Email",0
56,82072.00,"PhD",0,0,"Email",0
56,82072.00,"PhD",0,0,"SMS",0
56,82072.00,"PhD",0,0,"Social Media",0
56,82072.00,"PhD",0,0,"Google Search Ads",0
56,82072.00,"PhD",0,0,"Display Ads",0
56,82072.00,"PhD",0,0,"Email",0
73,46231.00,"PhD",0,0,"Email",0
73,46231.00,"PhD",0,0,"SMS",0
73,46231.00,"PhD",0,0,"Social Media",0
73,46231.00,"PhD",0,0,"Google Search Ads",0
73,46231.00,"PhD",0,0,"Display Ads",0
73,46231.00,"PhD",0,0,"Email",0
67,42243.00,"Graduation",0,0,"Email",0
67,42243.00,"Graduation",0,0,"SMS",0
67,42243.00,"Graduation",0,0,"Social Media",0
67,42243.00,"Graduation",0,0,"Google Search Ads",0
67,42243.00,"Graduation",0,0,"Display Ads",0
67,42243.00,"Graduation",0,0,"Email",0
64,51195.00,"Graduation",0,0,"Email",0
64,51195.00,"Graduation",0,0,"SMS",0
64,51195.00,"Graduation",0,0,"Social Media",0
64,51195.00,"Graduation",0,0,"Google Search Ads",0
64,51195.00,"Graduation",0,0,"Display Ads",0
64,51195.00,"Graduation",0,0,"Email",0
48,68092.00,"Master",0,0,"Email",0
48,68092.00,"Master",0,0,"SMS",0
48,68092.00,"Master",0,0,"Social Media",0
48,68092.00,"Master",0,0,"Google Search Ads",0
48,68092.00,"Master",0,0,"Display Ads",0
48,68092.00,"Master",0,0,"Email",0
53,31814.00,"Graduation",0,0,"Email",0
53,31814.00,"Graduation",0,0,"SMS",0
53,31814.00,"Graduation",0,0,"Social Media",0
53,31814.00,"Graduation",0,0,"Google Search Ads",0
53,31814.00,"Graduation",0,0,"Display Ads",0
53,31814.00,"Graduation",0,0,"Email",0
61,51390.00,"Master",0,0,"Email",0
61,51390.00,"Master",0,0,"SMS",0
61,51390.00,"Master",0,0,"Social Media",0
61,51390.00,"Master",0,0,"Google Search Ads",0
61,51390.00,"Master",0,0,"Display Ads",0
61,51390.00,"Master",0,0,"Email",0
43,76630.00,"Graduation",0,0,"Email",0
43,76630.00,"Graduation",0,0,"SMS",0
43,76630.00,"Graduation",0,0,"Social Media",0
43,76630.00,"Graduation",0,0,"Google Search Ads",0
43,76630.00,"Graduation",0,0,"Display Ads",0
43,76630.00,"Graduation",0,0,"Email",0
35,26868.00,"Basic",0,0,"Email",0
35,26868.00,"Basic",0,0,"SMS",0
35,26868.00,"Basic",0,0,"Social Media",0
35,26868.00,"Basic",0,0,"Google Search Ads",0
35,26868.00,"Basic",0,0,"Display Ads",0
35,26868.00,"Basic",0,0,"Email",0
83,48948.00,"PhD",0,0,"Email",0
83,48948.00,"PhD",0,0,"SMS",0
83,48948.00,"PhD",0,0,"Social Media",0
83,48948.00,"PhD",0,0,"Google Search Ads",0
83,48948.00,"PhD",0,0,"Display Ads",0
83,48948.00,"PhD",0,0,"Email",0
54,55260.00,"PhD",0,0,"Email",0
54,55260.00,"PhD",0,0,"SMS",0
54,55260.00,"PhD",0,0,"Social Media",0
54,55260.00,"PhD",0,0,"Google Search Ads",0
54,55260.00,"PhD",0,0,"Display Ads",0
54,55260.00,"PhD",0,0,"Email",0
70,64090.00,"Graduation",0,0,"Email",0
70,64090.00,"Graduation",0,0,"SMS",0
70,64090.00,"Graduation",0,0,"Social Media",0
70,64090.00,"Graduation",0,0,"Google Search Ads",0
70,64090.00,"Graduation",0,0,"Display Ads",0
70,64090.00,"Graduation",0,0,"Email",0
68,78331.00,"Graduation",0,0,"Email",0
68,78331.00,"Graduation",0,0,"SMS",0
68,78331.00,"Graduation",0,0,"Social Media",0
68,78331.00,"Graduation",0,0,"Google Search Ads",0
68,78331.00,"Graduation",0,0,"Display Ads",0
68,78331.00,"Graduation",0,0,"Email",0
52,37087.00,"PhD",0,0,"Email",0
52,37087.00,"PhD",0,0,"SMS",0
52,37087.00,"PhD",0,0,"Social Media",0
52,37087.00,"PhD",0,0,"Google Search Ads",0
52,37087.00,"PhD",0,0,"Display Ads",0
52,37087.00,"PhD",0,0,"Email",0
40,21846.00,"Graduation",0,0,"Email",0
40,21846.00,"Graduation",0,0,"SMS",0
40,21846.00,"Graduation",0,0,"Social Media",0
40,21846.00,"Graduation",0,0,"Google Search Ads",0
40,21846.00,"Graduation",0,0,"Display Ads",0
40,21846.00,"Graduation",0,0,"Email",0
68,81320.00,"Graduation",0,0,"Email",0
68,81320.00,"Graduation",0,0,"SMS",0
68,81320.00,"Graduation",0,0,"Social Media",0
68,81320.00,"Graduation",0,0,"Google Search Ads",0
68,81320.00,"Graduation",0,0,"Display Ads",0
68,81320.00,"Graduation",0,0,"Email",0
56,54137.00,"Graduation",0,0,"Email",0
56,54137.00,"Graduation",0,0,"SMS",0
56,54137.00,"Graduation",0,0,"Social Media",0
56,54137.00,"Graduation",0,0,"Google Search Ads",0
56,54137.00,"Graduation",0,0,"Display Ads",0
56,54137.00,"Graduation",0,0,"Email",0
59,66825.00,"Graduation",0,0,"Email",0
59,66825.00,"Graduation",0,0,"SMS",0
59,66825.00,"Graduation",0,0,"Social Media",0
59,66825.00,"Graduation",0,0,"Google Search Ads",0
59,66825.00,"Graduation",0,0,"Display Ads",0
59,66825.00,"Graduation",0,0,"Email",0
53,57100.00,"Graduation",0,0,"Email",0
53,57100.00,"Graduation",0,0,"SMS",0
53,57100.00,"Graduation",0,0,"Social Media",0
53,57100.00,"Graduation",0,0,"Google Search Ads",0
53,57100.00,"Graduation",0,0,"Display Ads",0
53,57100.00,"Graduation",0,0,"Email",0
57,58917.00,"Graduation",0,0,"Email",0
57,58917.00,"Graduation",0,0,"SMS",0
57,58917.00,"Graduation",0,0,"Social Media",0
57,58917.00,"Graduation",0,0,"Google Search Ads",0
57,58917.00,"Graduation",0,0,"Display Ads",0
57,58917.00,"Graduation",0,0,"Email",0
49,85072.00,"Graduation",0,0,"Email",0
49,85072.00,"Graduation",0,0,"SMS",0
49,85072.00,"Graduation",0,0,"Social Media",0
49,85072.00,"Graduation",0,0,"Google Search Ads",0
49,85072.00,"Graduation",0,0,"Display Ads",0
49,85072.00,"Graduation",0,0,"Email",0
65,86429.00,"Graduation",0,0,"Email",0
65,86429.00,"Graduation",0,0,"SMS",0
65,86429.00,"Graduation",0,0,"Social Media",0
65,86429.00,"Graduation",0,0,"Google Search Ads",0
65,86429.00,"Graduation",0,0,"Display Ads",0
65,86429.00,"Graduation",0,0,"Email",0
55,45684.00,"Graduation",0,0,"Email",0
55,45684.00,"Graduation",0,0,"SMS",0
55,45684.00,"Graduation",0,0,"Social Media",0
55,45684.00,"Graduation",0,0,"Google Search Ads",0
55,45684.00,"Graduation",0,0,"Display Ads",0
55,45684.00,"Graduation",0,0,"Email",0
52,47889.00,"Graduation",0,0,"Email",0
52,47889.00,"Graduation",0,0,"SMS",0
52,47889.00,"Graduation",0,0,"Social Media",0
52,47889.00,"Graduation",0,0,"Google Search Ads",0
52,47889.00,"Graduation",0,0,"Display Ads",0
52,47889.00,"Graduation",0,0,"Email",0
40,45921.00,"PhD",0,0,"Email",0
40,45921.00,"PhD",0,0,"SMS",0
40,45921.00,"PhD",0,0,"Social Media",0
40,45921.00,"PhD",0,0,"Google Search Ads",0
40,45921.00,"PhD",0,0,"Display Ads",0
40,45921.00,"PhD",0,0,"Email",0
60,78420.00,"PhD",0,0,"Email",0
60,78420.00,"PhD",0,0,"SMS",0
60,78420.00,"PhD",0,0,"Social Media",0
60,78420.00,"PhD",0,0,"Google Search Ads",0
60,78420.00,"PhD",0,0,"Display Ads",0
60,78420.00,"PhD",0,0,"Email",0
34,75114.00,"Graduation",0,0,"Email",0
34,75114.00,"Graduation",0,0,"SMS",0
34,75114.00,"Graduation",0,0,"Social Media",0
34,75114.00,"Graduation",0,0,"Google Search Ads",0
34,75114.00,"Graduation",0,0,"Display Ads",0
34,75114.00,"Graduation",0,0,"Email",0
63,52278.00,"PhD",0,0,"Email",0
63,52278.00,"PhD",0,0,"SMS",0
63,52278.00,"PhD",0,0,"Social Media",0
63,52278.00,"PhD",0,0,"Google Search Ads",0
63,52278.00,"PhD",0,0,"Display Ads",0
63,52278.00,"PhD",0,0,"Email",0
54,35641.00,"Master",0,0,"Email",0
54,35641.00,"Master",0,0,"SMS",0
54,35641.00,"Master",0,0,"Social Media",0
54,35641.00,"Master",0,0,"Google Search Ads",0
54,35641.00,"Master",0,0,"Display Ads",0
54,35641.00,"Master",0,0,"Email",0
32,95529.00,"Graduation",0,0,"Email",0
32,95529.00,"Graduation",0,0,"SMS",0
32,95529.00,"Graduation",0,0,"Social Media",0
32,95529.00,"Graduation",0,0,"Google Search Ads",0
32,95529.00,"Graduation",0,0,"Display Ads",0
32,95529.00,"Graduation",0,0,"Email",0
72,62820.00,"Graduation",0,0,"Email",0
72,62820.00,"Graduation",0,0,"SMS",0
72,62820.00,"Graduation",0,0,"Social Media",0
72,62820.00,"Graduation",0,0,"Google Search Ads",0
72,62820.00,"Graduation",0,0,"Display Ads",0
72,62820.00,"Graduation",0,0,"Email",0
66,73113.00,"Master",0,0,"Email",0
66,73113.00,"Master",0,0,"SMS",0
66,73113.00,"Master",0,0,"Social Media",0
66,73113.00,"Master",0,0,"Google Search Ads",0
66,73113.00,"Master",0,0,"Display Ads",0
66,73113.00,"Master",0,0,"Email",0
44,84169.00,"PhD",0,0,"Email",0
44,84169.00,"PhD",0,0,"SMS",0
44,84169.00,"PhD",0,0,"Social Media",0
44,84169.00,"PhD",0,0,"Google Search Ads",0
44,84169.00,"PhD",0,0,"Display Ads",0
44,84169.00,"PhD",0,0,"Email",0
72,42607.00,"2n Cycle",0,0,"Email",0
72,42607.00,"2n Cycle",0,0,"SMS",0
72,42607.00,"2n Cycle",0,0,"Social Media",0
72,42607.00,"2n Cycle",0,0,"Google Search Ads",0
72,42607.00,"2n Cycle",0,0,"Display Ads",0
72,42607.00,"2n Cycle",0,0,"Email",0
72,74637.00,"PhD",0,0,"Email",0
72,74637.00,"PhD",0,0,"SMS",0
72,74637.00,"PhD",0,0,"Social Media",0
72,74637.00,"PhD",0,0,"Google Search Ads",0
72,74637.00,"PhD",0,0,"Display Ads",0
72,74637.00,"PhD",0,0,"Email",0
71,46015.00,"PhD",0,0,"Email",0
71,46015.00,"PhD",0,0,"SMS",0
71,46015.00,"PhD",0,0,"Social Media",0
71,46015.00,"PhD",0,0,"Google Search Ads",0
71,46015.00,"PhD",0,0,"Display Ads",0
71,46015.00,"PhD",0,0,"Email",0
33,72354.00,"Graduation",0,0,"Email",0
33,72354.00,"Graduation",0,0,"SMS",0
33,72354.00,"Graduation",0,0,"Social Media",0
33,72354.00,"Graduation",0,0,"Google Search Ads",0
33,72354.00,"Graduation",0,0,"Display Ads",0
33,72354.00,"Graduation",0,0,"Email",0
57,39858.00,"Master",0,0,"Email",0
57,39858.00,"Master",0,0,"SMS",0
57,39858.00,"Master",0,0,"Social Media",0
57,39858.00,"Master",0,0,"Google Search Ads",0
57,39858.00,"Master",0,0,"Display Ads",0
57,39858.00,"Master",0,0,"Email",0
78,34469.00,"PhD",0,0,"Email",0
78,34469.00,"PhD",0,0,"SMS",0
78,34469.00,"PhD",0,0,"Social Media",0
78,34469.00,"PhD",0,0,"Google Search Ads",0
78,34469.00,"PhD",0,0,"Display Ads",0
78,34469.00,"PhD",0,0,"Email",0
40,83033.00,"Graduation",0,0,"Email",0
40,83033.00,"Graduation",0,0,"SMS",0
40,83033.00,"Graduation",0,0,"Social Media",0
40,83033.00,"Graduation",0,0,"Google Search Ads",0
40,83033.00,"Graduation",0,0,"Display Ads",0
40,83033.00,"Graduation",0,0,"Email",0
47,24401.00,"Master",0,0,"Email",0
47,24401.00,"Master",0,0,"SMS",0
47,24401.00,"Master",0,0,"Social Media",0
47,24401.00,"Master",0,0,"Google Search Ads",0
47,24401.00,"Master",0,0,"Display Ads",0
47,24401.00,"Master",0,0,"Email",0
48,77583.00,"Graduation",0,0,"Email",0
48,77583.00,"Graduation",0,0,"SMS",0
48,77583.00,"Graduation",0,0,"Social Media",0
48,77583.00,"Graduation",0,0,"Google Search Ads",0
48,77583.00,"Graduation",0,0,"Display Ads",0
48,77583.00,"Graduation",0,0,"Email",0
44,74116.00,"2n Cycle",0,0,"Email",0
44,74116.00,"2n Cycle",0,0,"SMS",0
44,74116.00,"2n Cycle",0,0,"Social Media",0
44,74116.00,"2n Cycle",0,0,"Google Search Ads",0
44,74116.00,"2n Cycle",0,0,"Display Ads",0
44,74116.00,"2n Cycle",0,0,"Email",0
33,74293.00,"Graduation",0,0,"Email",0
33,74293.00,"Graduation",0,0,"SMS",0
33,74293.00,"Graduation",0,0,"Social Media",0
33,74293.00,"Graduation",0,0,"Google Search Ads",0
33,74293.00,"Graduation",0,0,"Display Ads",0
33,74293.00,"Graduation",0,0,"Email",0
50,68397.00,"PhD",0,0,"Email",0
50,68397.00,"PhD",0,0,"SMS",0
50,68397.00,"PhD",0,0,"Social Media",0
50,68397.00,"PhD",0,0,"Google Search Ads",0
50,68397.00,"PhD",0,0,"Display Ads",0
50,68397.00,"PhD",0,0,"Email",0
52,79632.00,"PhD",0,0,"Email",0
52,79632.00,"PhD",0,0,"SMS",0
52,79632.00,"PhD",0,0,"Social Media",0
52,79632.00,"PhD",0,0,"Google Search Ads",0
52,79632.00,"PhD",0,0,"Display Ads",0
52,79632.00,"PhD",0,0,"Email",0
37,46107.00,"Graduation",0,0,"Email",0
37,46107.00,"Graduation",0,0,"SMS",0
37,46107.00,"Graduation",0,0,"Social Media",0
37,46107.00,"Graduation",0,0,"Google Search Ads",0
37,46107.00,"Graduation",0,0,"Display Ads",0
37,46107.00,"Graduation",0,0,"Email",0
75,64950.00,"PhD",0,0,"Email",0
75,64950.00,"PhD",0,0,"SMS",0
75,64950.00,"PhD",0,0,"Social Media",0
75,64950.00,"PhD",0,0,"Google Search Ads",0
75,64950.00,"PhD",0,0,"Display Ads",0
75,64950.00,"PhD",0,0,"Email",0
37,25443.00,"Basic",0,0,"Email",0
37,25443.00,"Basic",0,0,"SMS",0
37,25443.00,"Basic",0,0,"Social Media",0
37,25443.00,"Basic",0,0,"Google Search Ads",0
37,25443.00,"Basic",0,0,"Display Ads",0
37,25443.00,"Basic",0,0,"Email",0
74,75127.00,"Graduation",0,0,"Email",0
74,75127.00,"Graduation",0,0,"SMS",0
74,75127.00,"Graduation",0,0,"Social Media",0
74,75127.00,"Graduation",0,0,"Google Search Ads",0
74,75127.00,"Graduation",0,0,"Display Ads",0
74,75127.00,"Graduation",0,0,"Email",0
55,32892.00,"PhD",0,0,"Email",0
55,32892.00,"PhD",0,0,"SMS",0
55,32892.00,"PhD",0,0,"Social Media",0
55,32892.00,"PhD",0,0,"Google Search Ads",0
55,32892.00,"PhD",0,0,"Display Ads",0
55,32892.00,"PhD",0,0,"Email",0
55,71796.00,"Graduation",0,0,"Email",0
55,71796.00,"Graduation",0,0,"SMS",0
55,71796.00,"Graduation",0,0,"Social Media",0
55,71796.00,"Graduation",0,0,"Google Search Ads",0
55,71796.00,"Graduation",0,0,"Display Ads",0
55,71796.00,"Graduation",0,0,"Email",0
56,67536.00,"PhD",0,0,"Email",0
56,67536.00,"PhD",0,0,"SMS",0
56,67536.00,"PhD",0,0,"Social Media",0
56,67536.00,"PhD",0,0,"Google Search Ads",0
56,67536.00,"PhD",0,0,"Display Ads",0
56,67536.00,"PhD",0,0,"Email",0
55,55239.00,"Graduation",0,0,"Email",0
55,55239.00,"Graduation",0,0,"SMS",0
55,55239.00,"Graduation",0,0,"Social Media",0
55,55239.00,"Graduation",0,0,"Google Search Ads",0
55,55239.00,"Graduation",0,0,"Display Ads",0
55,55239.00,"Graduation",0,0,"Email",0
51,60554.00,"PhD",0,0,"Email",0
51,60554.00,"PhD",0,0,"SMS",0
51,60554.00,"PhD",0,0,"Social Media",0
51,60554.00,"PhD",0,0,"Google Search Ads",0
51,60554.00,"PhD",0,0,"Display Ads",0
51,60554.00,"PhD",0,0,"Email",0
74,64831.00,"2n Cycle",0,0,"Email",0
74,64831.00,"2n Cycle",0,0,"SMS",0
74,64831.00,"2n Cycle",0,0,"Social Media",0
74,64831.00,"2n Cycle",0,0,"Google Search Ads",0
74,64831.00,"2n Cycle",0,0,"Display Ads",0
74,64831.00,"2n Cycle",0,0,"Email",0
64,56067.00,"PhD",0,0,"Email",0
64,56067.00,"PhD",0,0,"SMS",0
64,56067.00,"PhD",0,0,"Social Media",0
64,56067.00,"PhD",0,0,"Google Search Ads",0
64,56067.00,"PhD",0,0,"Display Ads",0
64,56067.00,"PhD",0,0,"Email",0
43,82025.00,"Graduation",0,0,"Email",0
43,82025.00,"Graduation",0,0,"SMS",0
43,82025.00,"Graduation",0,0,"Social Media",0
43,82025.00,"Graduation",0,0,"Google Search Ads",0
43,82025.00,"Graduation",0,0,"Display Ads",0
43,82025.00,"Graduation",0,0,"Email",0
73,94384.00,"Graduation",0,0,"Email",0
73,94384.00,"Graduation",0,0,"SMS",0
73,94384.00,"Graduation",0,0,"Social Media",0
73,94384.00,"Graduation",0,0,"Google Search Ads",0
73,94384.00,"Graduation",0,0,"Display Ads",0
73,94384.00,"Graduation",0,0,"Email",0
40,14906.00,"Basic",0,0,"Email",0
40,14906.00,"Basic",0,0,"SMS",0
40,14906.00,"Basic",0,0,"Social Media",0
40,14906.00,"Basic",0,0,"Google Search Ads",0
40,14906.00,"Basic",0,0,"Display Ads",0
40,14906.00,"Basic",0,0,"Email",0
39,51563.00,"PhD",0,0,"Email",0
39,51563.00,"PhD",0,0,"SMS",0
39,51563.00,"PhD",0,0,"Social Media",0
39,51563.00,"PhD",0,0,"Google Search Ads",0
39,51563.00,"PhD",0,0,"Display Ads",0
39,51563.00,"PhD",0,0,"Email",0
44,57937.00,"2n Cycle",0,0,"Email",0
44,57937.00,"2n Cycle",0,0,"SMS",0
44,57937.00,"2n Cycle",0,0,"Social Media",0
44,57937.00,"2n Cycle",0,0,"Google Search Ads",0
44,57937.00,"2n Cycle",0,0,"Display Ads",0
44,57937.00,"2n Cycle",0,0,"Email",0
47,68274.00,"Graduation",0,0,"Email",0
47,68274.00,"Graduation",0,0,"SMS",0
47,68274.00,"Graduation",0,0,"Social Media",0
47,68274.00,"Graduation",0,0,"Google Search Ads",0
47,68274.00,"Graduation",0,0,"Display Ads",0
47,68274.00,"Graduation",0,0,"Email",0
49,39771.00,"Graduation",0,0,"Email",0
49,39771.00,"Graduation",0,0,"SMS",0
49,39771.00,"Graduation",0,0,"Social Media",0
49,39771.00,"Graduation",0,0,"Google Search Ads",0
49,39771.00,"Graduation",0,0,"Display Ads",0
49,39771.00,"Graduation",0,0,"Email",0
51,67893.00,"2n Cycle",0,0,"Email",0
51,67893.00,"2n Cycle",0,0,"SMS",0
51,67893.00,"2n Cycle",0,0,"Social Media",0
51,67893.00,"2n Cycle",0,0,"Google Search Ads",0
51,67893.00,"2n Cycle",0,0,"Display Ads",0
51,67893.00,"2n Cycle",0,0,"Email",0
47,27922.00,"PhD",0,0,"Email",0
47,27922.00,"PhD",0,0,"SMS",0
47,27922.00,"PhD",0,0,"Social Media",0
47,27922.00,"PhD",0,0,"Google Search Ads",0
47,27922.00,"PhD",0,0,"Display Ads",0
47,27922.00,"PhD",0,0,"Email",0
50,52190.00,"PhD",0,0,"Email",0
50,52190.00,"PhD",0,0,"SMS",0
50,52190.00,"PhD",0,0,"Social Media",0
50,52190.00,"PhD",0,0,"Google Search Ads",0
50,52190.00,"PhD",0,0,"Display Ads",0
50,52190.00,"PhD",0,0,"Email",0
53,44051.00,"Master",0,0,"Email",0
53,44051.00,"Master",0,0,"SMS",0
53,44051.00,"Master",0,0,"Social Media",0
53,44051.00,"Master",0,0,"Google Search Ads",0
53,44051.00,"Master",0,0,"Display Ads",0
53,44051.00,"Master",0,0,"Email",0
55,42767.00,"PhD",0,0,"Email",0
55,42767.00,"PhD",0,0,"SMS",0
55,42767.00,"PhD",0,0,"Social Media",0
55,42767.00,"PhD",0,0,"Google Search Ads",0
55,42767.00,"PhD",0,0,"Display Ads",0
55,42767.00,"PhD",0,0,"Email",0
50,46106.00,"Master",0,0,"Email",0
50,46106.00,"Master",0,0,"SMS",0
50,46106.00,"Master",0,0,"Social Media",0
50,46106.00,"Master",0,0,"Google Search Ads",0
50,46106.00,"Master",0,0,"Display Ads",0
50,46106.00,"Master",0,0,"Email",0
50,16927.00,"PhD",0,0,"Email",0
50,16927.00,"PhD",0,0,"SMS",0
50,16927.00,"PhD",0,0,"Social Media",0
50,16927.00,"PhD",0,0,"Google Search Ads",0
50,16927.00,"PhD",0,0,"Display Ads",0
50,16927.00,"PhD",0,0,"Email",0
61,59754.00,"Graduation",0,0,"Email",0
61,59754.00,"Graduation",0,0,"SMS",0
61,59754.00,"Graduation",0,0,"Social Media",0
61,59754.00,"Graduation",0,0,"Google Search Ads",0
61,59754.00,"Graduation",0,0,"Display Ads",0
61,59754.00,"Graduation",0,0,"Email",0
74,53700.00,"Graduation",0,0,"Email",0
74,53700.00,"Graduation",0,0,"SMS",0
74,53700.00,"Graduation",0,0,"Social Media",0
74,53700.00,"Graduation",0,0,"Google Search Ads",0
74,53700.00,"Graduation",0,0,"Display Ads",0
74,53700.00,"Graduation",0,0,"Email",0
53,59041.00,"Graduation",0,0,"Email",0
53,59041.00,"Graduation",0,0,"SMS",0
53,59041.00,"Graduation",0,0,"Social Media",0
53,59041.00,"Graduation",0,0,"Google Search Ads",0
53,59041.00,"Graduation",0,0,"Display Ads",0
53,59041.00,"Graduation",0,0,"Email",0
69,54237.00,"PhD",0,0,"Email",0
69,54237.00,"PhD",0,0,"SMS",0
69,54237.00,"PhD",0,0,"Social Media",0
69,54237.00,"PhD",0,0,"Google Search Ads",0
69,54237.00,"PhD",0,0,"Display Ads",0
69,54237.00,"PhD",0,0,"Email",0
59,70647.00,"Graduation",0,0,"Email",0
59,70647.00,"Graduation",0,0,"SMS",0
59,70647.00,"Graduation",0,0,"Social Media",0
59,70647.00,"Graduation",0,0,"Google Search Ads",0
59,70647.00,"Graduation",0,0,"Display Ads",0
59,70647.00,"Graduation",0,0,"Email",0
64,52597.00,"PhD",0,0,"Email",0
64,52597.00,"PhD",0,0,"SMS",0
64,52597.00,"PhD",0,0,"Social Media",0
64,52597.00,"PhD",0,0,"Google Search Ads",0
64,52597.00,"PhD",0,0,"Display Ads",0
64,52597.00,"PhD",0,0,"Email",0
57,41021.00,"Master",0,0,"Email",0
57,41021.00,"Master",0,0,"SMS",0
57,41021.00,"Master",0,0,"Social Media",0
57,41021.00,"Master",0,0,"Google Search Ads",0
57,41021.00,"Master",0,0,"Display Ads",0
57,41021.00,"Master",0,0,"Email",0
51,40233.00,"PhD",0,0,"Email",0
51,40233.00,"PhD",0,0,"SMS",0
51,40233.00,"PhD",0,0,"Social Media",0
51,40233.00,"PhD",0,0,"Google Search Ads",0
51,40233.00,"PhD",0,0,"Display Ads",0
51,40233.00,"PhD",0,0,"Email",0
46,50183.00,"Graduation",0,0,"Email",0
46,50183.00,"Graduation",0,0,"SMS",0
46,50183.00,"Graduation",0,0,"Social Media",0
46,50183.00,"Graduation",0,0,"Google Search Ads",0
46,50183.00,"Graduation",0,0,"Display Ads",0
46,50183.00,"Graduation",0,0,"Email",0
67,54753.00,"Graduation",0,0,"Email",0
67,54753.00,"Graduation",0,0,"SMS",0
67,54753.00,"Graduation",0,0,"Social Media",0
67,54753.00,"Graduation",0,0,"Google Search Ads",0
67,54753.00,"Graduation",0,0,"Display Ads",0
67,54753.00,"Graduation",0,0,"Email",0
53,92955.00,"Graduation",0,0,"Email",0
53,92955.00,"Graduation",0,0,"SMS",0
53,92955.00,"Graduation",0,0,"Social Media",0
53,92955.00,"Graduation",0,0,"Google Search Ads",0
53,92955.00,"Graduation",0,0,"Display Ads",0
53,92955.00,"Graduation",0,0,"Email",0
53,33471.00,"Graduation",0,0,"Email",0
53,33471.00,"Graduation",0,0,"SMS",0
53,33471.00,"Graduation",0,0,"Social Media",0
53,33471.00,"Graduation",0,0,"Google Search Ads",0
53,33471.00,"Graduation",0,0,"Display Ads",0
53,33471.00,"Graduation",0,0,"Email",0
52,34596.00,"PhD",0,0,"Email",0
52,34596.00,"PhD",0,0,"SMS",0
52,34596.00,"PhD",0,0,"Social Media",0
52,34596.00,"PhD",0,0,"Google Search Ads",0
52,34596.00,"PhD",0,0,"Display Ads",0
52,34596.00,"PhD",0,0,"Email",0
46,44010.00,"Graduation",0,0,"Email",0
46,44010.00,"Graduation",0,0,"SMS",0
46,44010.00,"Graduation",0,0,"Social Media",0
46,44010.00,"Graduation",0,0,"Google Search Ads",0
46,44010.00,"Graduation",0,0,"Display Ads",0
46,44010.00,"Graduation",0,0,"Email",0
38,84219.00,"Graduation",0,0,"Email",0
38,84219.00,"Graduation",0,0,"SMS",0
38,84219.00,"Graduation",0,0,"Social Media",0
38,84219.00,"Graduation",0,0,"Google Search Ads",0
38,84219.00,"Graduation",0,0,"Display Ads",0
38,84219.00,"Graduation",0,0,"Email",0
58,40706.00,"PhD",0,0,"Email",0
58,40706.00,"PhD",0,0,"SMS",0
58,40706.00,"PhD",0,0,"Social Media",0
58,40706.00,"PhD",0,0,"Google Search Ads",0
58,40706.00,"PhD",0,0,"Display Ads",0
58,40706.00,"PhD",0,0,"Email",0
38,15716.00,"2n Cycle",0,0,"Email",0
38,15716.00,"2n Cycle",0,0,"SMS",0
38,15716.00,"2n Cycle",0,0,"Social Media",0
38,15716.00,"2n Cycle",0,0,"Google Search Ads",0
38,15716.00,"2n Cycle",0,0,"Display Ads",0
38,15716.00,"2n Cycle",0,0,"Email",0
67,59052.00,"2n Cycle",0,0,"Email",0
67,59052.00,"2n Cycle",0,0,"SMS",0
67,59052.00,"2n Cycle",0,0,"Social Media",0
67,59052.00,"2n Cycle",0,0,"Google Search Ads",0
67,59052.00,"2n Cycle",0,0,"Display Ads",0
67,59052.00,"2n Cycle",0,0,"Email",0
55,80573.00,"Master",0,0,"Email",0
55,80573.00,"Master",0,0,"SMS",0
55,80573.00,"Master",0,0,"Social Media",0
55,80573.00,"Master",0,0,"Google Search Ads",0
55,80573.00,"Master",0,0,"Display Ads",0
55,80573.00,"Master",0,0,"Email",0
64,83715.00,"Graduation",0,0,"Email",0
64,83715.00,"Graduation",0,0,"SMS",0
64,83715.00,"Graduation",0,0,"Social Media",0
64,83715.00,"Graduation",0,0,"Google Search Ads",0
64,83715.00,"Graduation",0,0,"Display Ads",0
64,83715.00,"Graduation",0,0,"Email",0
67,82576.00,"Master",0,0,"Email",0
67,82576.00,"Master",0,0,"SMS",0
67,82576.00,"Master",0,0,"Social Media",0
67,82576.00,"Master",0,0,"Google Search Ads",0
67,82576.00,"Master",0,0,"Display Ads",0
67,82576.00,"Master",0,0,"Email",0
61,56962.00,"Master",0,0,"Email",0
61,56962.00,"Master",0,0,"SMS",0
61,56962.00,"Master",0,0,"Social Media",0
61,56962.00,"Master",0,0,"Google Search Ads",0
61,56962.00,"Master",0,0,"Display Ads",0
61,56962.00,"Master",0,0,"Email",0
74,35704.00,"Graduation",0,0,"Email",0
74,35704.00,"Graduation",0,0,"SMS",0
74,35704.00,"Graduation",0,0,"Social Media",0
74,35704.00,"Graduation",0,0,"Google Search Ads",0
74,35704.00,"Graduation",0,0,"Display Ads",0
74,35704.00,"Graduation",0,0,"Email",0
72,53103.00,"Graduation",0,0,"Email",0
72,53103.00,"Graduation",0,0,"SMS",0
72,53103.00,"Graduation",0,0,"Social Media",0
72,53103.00,"Graduation",0,0,"Google Search Ads",0
72,53103.00,"Graduation",0,0,"Display Ads",0
72,53103.00,"Graduation",0,0,"Email",0
66,46779.00,"2n Cycle",0,0,"Email",0
66,46779.00,"2n Cycle",0,0,"SMS",0
66,46779.00,"2n Cycle",0,0,"Social Media",0
66,46779.00,"2n Cycle",0,0,"Google Search Ads",0
66,46779.00,"2n Cycle",0,0,"Display Ads",0
66,46779.00,"2n Cycle",0,0,"Email",0
61,4861.00,"Graduation",0,0,"Email",0
61,4861.00,"Graduation",0,0,"SMS",0
61,4861.00,"Graduation",0,0,"Social Media",0
61,4861.00,"Graduation",0,0,"Google Search Ads",0
61,4861.00,"Graduation",0,0,"Display Ads",0
61,4861.00,"Graduation",0,0,"Email",0
47,33462.00,"Master",0,0,"Email",0
47,33462.00,"Master",0,0,"SMS",0
47,33462.00,"Master",0,0,"Social Media",0
47,33462.00,"Master",0,0,"Google Search Ads",0
47,33462.00,"Master",0,0,"Display Ads",0
47,33462.00,"Master",0,0,"Email",0
48,63693.00,"Graduation",0,0,"Email",0
48,63693.00,"Graduation",0,0,"SMS",0
48,63693.00,"Graduation",0,0,"Social Media",0
48,63693.00,"Graduation",0,0,"Google Search Ads",0
48,63693.00,"Graduation",0,0,"Display Ads",0
48,63693.00,"Graduation",0,0,"Email",0
76,80763.00,"Graduation",0,0,"Email",0
76,80763.00,"Graduation",0,0,"SMS",0
76,80763.00,"Graduation",0,0,"Social Media",0
76,80763.00,"Graduation",0,0,"Google Search Ads",0
76,80763.00,"Graduation",0,0,"Display Ads",0
76,80763.00,"Graduation",0,0,"Email",0
52,65352.00,"PhD",0,0,"Email",0
52,65352.00,"PhD",0,0,"SMS",0
52,65352.00,"PhD",0,0,"Social Media",0
52,65352.00,"PhD",0,0,"Google Search Ads",0
52,65352.00,"PhD",0,0,"Display Ads",0
52,65352.00,"PhD",0,0,"Email",0
48,82170.00,"PhD",0,0,"Email",0
48,82170.00,"PhD",0,0,"SMS",0
48,82170.00,"PhD",0,0,"Social Media",0
48,82170.00,"PhD",0,0,"Google Search Ads",0
48,82170.00,"PhD",0,0,"Display Ads",0
48,82170.00,"PhD",0,0,"Email",0
57,75759.00,"Graduation",0,0,"Email",0
57,75759.00,"Graduation",0,0,"SMS",0
57,75759.00,"Graduation",0,0,"Social Media",0
57,75759.00,"Graduation",0,0,"Google Search Ads",0
57,75759.00,"Graduation",0,0,"Display Ads",0
57,75759.00,"Graduation",0,0,"Email",0
50,79689.00,"2n Cycle",0,0,"Email",0
50,79689.00,"2n Cycle",0,0,"SMS",0
50,79689.00,"2n Cycle",0,0,"Social Media",0
50,79689.00,"2n Cycle",0,0,"Google Search Ads",0
50,79689.00,"2n Cycle",0,0,"Display Ads",0
50,79689.00,"2n Cycle",0,0,"Email",0
70,35340.00,"PhD",0,0,"Email",0
70,35340.00,"PhD",0,0,"SMS",0
70,35340.00,"PhD",0,0,"Social Media",0
70,35340.00,"PhD",0,0,"Google Search Ads",0
70,35340.00,"PhD",0,0,"Display Ads",0
70,35340.00,"PhD",0,0,"Email",0
72,85683.00,"Graduation",0,0,"Email",0
72,85683.00,"Graduation",0,0,"SMS",0
72,85683.00,"Graduation",0,0,"Social Media",0
72,85683.00,"Graduation",0,0,"Google Search Ads",0
72,85683.00,"Graduation",0,0,"Display Ads",0
72,85683.00,"Graduation",0,0,"Email",0
54,24884.00,"2n Cycle",0,0,"Email",0
54,24884.00,"2n Cycle",0,0,"SMS",0
54,24884.00,"2n Cycle",0,0,"Social Media",0
54,24884.00,"2n Cycle",0,0,"Google Search Ads",0
54,24884.00,"2n Cycle",0,0,"Display Ads",0
54,24884.00,"2n Cycle",0,0,"Email",0
45,42021.00,"Master",0,0,"Email",0
45,42021.00,"Master",0,0,"SMS",0
45,42021.00,"Master",0,0,"Social Media",0
45,42021.00,"Master",0,0,"Google Search Ads",0
45,42021.00,"Master",0,0,"Display Ads",0
45,42021.00,"Master",0,0,"Email",0
37,64449.00,"Graduation",0,0,"Email",0
37,64449.00,"Graduation",0,0,"SMS",0
37,64449.00,"Graduation",0,0,"Social Media",0
37,64449.00,"Graduation",0,0,"Google Search Ads",0
37,64449.00,"Graduation",0,0,"Display Ads",0
37,64449.00,"Graduation",0,0,"Email",0
72,64587.00,"Graduation",0,0,"Email",0
72,64587.00,"Graduation",0,0,"SMS",0
72,64587.00,"Graduation",0,0,"Social Media",0
72,64587.00,"Graduation",0,0,"Google Search Ads",0
72,64587.00,"Graduation",0,0,"Display Ads",0
72,64587.00,"Graduation",0,0,"Email",0
31,34824.00,"Graduation",0,0,"Email",0
31,34824.00,"Graduation",0,0,"SMS",0
31,34824.00,"Graduation",0,0,"Social Media",0
31,34824.00,"Graduation",0,0,"Google Search Ads",0
31,34824.00,"Graduation",0,0,"Display Ads",0
31,34824.00,"Graduation",0,0,"Email",0
48,75437.00,"Graduation",0,0,"Email",0
48,75437.00,"Graduation",0,0,"SMS",0
48,75437.00,"Graduation",0,0,"Social Media",0
48,75437.00,"Graduation",0,0,"Google Search Ads",0
48,75437.00,"Graduation",0,0,"Display Ads",0
48,75437.00,"Graduation",0,0,"Email",0
69,26091.00,"Graduation",0,0,"Email",0
69,26091.00,"Graduation",0,0,"SMS",0
69,26091.00,"Graduation",0,0,"Social Media",0
69,26091.00,"Graduation",0,0,"Google Search Ads",0
69,26091.00,"Graduation",0,0,"Display Ads",0
69,26091.00,"Graduation",0,0,"Email",0
53,52845.00,"Graduation",0,0,"Email",0
53,52845.00,"Graduation",0,0,"SMS",0
53,52845.00,"Graduation",0,0,"Social Media",0
53,52845.00,"Graduation",0,0,"Google Search Ads",0
53,52845.00,"Graduation",0,0,"Display Ads",0
53,52845.00,"Graduation",0,0,"Email",0
70,46086.00,"Graduation",0,0,"Email",0
70,46086.00,"Graduation",0,0,"SMS",0
70,46086.00,"Graduation",0,0,"Social Media",0
70,46086.00,"Graduation",0,0,"Google Search Ads",0
70,46086.00,"Graduation",0,0,"Display Ads",0
70,46086.00,"Graduation",0,0,"Email",0
70,78028.00,"PhD",8,40.54,"Email",0
70,78028.00,"PhD",8,40.54,"SMS",0
70,78028.00,"PhD",8,40.54,"Social Media",0
70,78028.00,"PhD",8,40.54,"Google Search Ads",1
70,78028.00,"PhD",8,40.54,"Display Ads",0
70,78028.00,"PhD",8,40.54,"Email",0
39,95169.00,"PhD",8,40.54,"Email",0
39,95169.00,"PhD",8,40.54,"SMS",0
39,95169.00,"PhD",8,40.54,"Social Media",0
39,95169.00,"PhD",8,40.54,"Google Search Ads",1
39,95169.00,"PhD",8,40.54,"Display Ads",0
39,95169.00,"PhD",8,40.54,"Email",0
45,56337.00,"2n Cycle",8,40.54,"Email",0
45,56337.00,"2n Cycle",8,40.54,"SMS",0
45,56337.00,"2n Cycle",8,40.54,"Social Media",0
45,56337.00,"2n Cycle",8,40.54,"Google Search Ads",1
45,56337.00,"2n Cycle",8,40.54,"Display Ads",0
45,56337.00,"2n Cycle",8,40.54,"Email",0
39,22434.00,"Graduation",8,60.81,"Email",0
39,22434.00,"Graduation",8,60.81,"SMS",0
39,22434.00,"Graduation",8,60.81,"Social Media",0
39,22434.00,"Graduation",8,60.81,"Google Search Ads",1
39,22434.00,"Graduation",8,60.81,"Display Ads",0
39,22434.00,"Graduation",8,60.81,"Email",0
72,36930.00,"PhD",8,60.81,"Email",0
72,36930.00,"PhD",8,60.81,"SMS",0
72,36930.00,"PhD",8,60.81,"Social Media",0
72,36930.00,"PhD",8,60.81,"Google Search Ads",1
72,36930.00,"PhD",8,60.81,"Display Ads",0
72,36930.00,"PhD",8,60.81,"Email",0
72,36130.00,"Graduation",8,60.81,"Email",0
72,36130.00,"Graduation",8,60.81,"SMS",0
72,36130.00,"Graduation",8,60.81,"Social Media",0
72,36130.00,"Graduation",8,60.81,"Google Search Ads",1
72,36130.00,"Graduation",8,60.81,"Display Ads",0
72,36130.00,"Graduation",8,60.81,"Email",0
73,65569.00,"Master",8,40.54,"Email",0
73,65569.00,"Master",8,40.54,"SMS",0
73,65569.00,"Master",8,40.54,"Social Media",0
73,65569.00,"Master",8,40.54,"Google Search Ads",1
73,65569.00,"Master",8,40.54,"Display Ads",0
73,65569.00,"Master",8,40.54,"Email",0
74,83844.00,"Graduation",8,60.81,"Email",0
74,83844.00,"Graduation",8,60.81,"SMS",0
74,83844.00,"Graduation",8,60.81,"Social Media",0
74,83844.00,"Graduation",8,60.81,"Google Search Ads",1
74,83844.00,"Graduation",8,60.81,"Display Ads",0
74,83844.00,"Graduation",8,60.81,"Email",0
58,19514.00,"Graduation",12,27.03,"Email",0
58,19514.00,"Graduation",12,27.03,"SMS",0
58,19514.00,"Graduation",12,27.03,"Social Media",0
58,19514.00,"Graduation",12,27.03,"Google Search Ads",1
58,19514.00,"Graduation",12,27.03,"Display Ads",0
58,19514.00,"Graduation",12,27.03,"Email",0
63,36736.00,"PhD",8,40.54,"Email",0
63,36736.00,"PhD",8,40.54,"SMS",0
63,36736.00,"PhD",8,40.54,"Social Media",0
63,36736.00,"PhD",8,40.54,"Google Search Ads",1
63,36736.00,"PhD",8,40.54,"Display Ads",0
63,36736.00,"PhD",8,40.54,"Email",0
47,77568.00,"Graduation",12,40.54,"Email",0
47,77568.00,"Graduation",12,40.54,"SMS",0
47,77568.00,"Graduation",12,40.54,"Social Media",0
47,77568.00,"Graduation",12,40.54,"Google Search Ads",1
47,77568.00,"Graduation",12,40.54,"Display Ads",0
47,77568.00,"Graduation",12,40.54,"Email",0
50,49187.00,"PhD",12,27.03,"Email",0
50,49187.00,"PhD",12,27.03,"SMS",0
50,49187.00,"PhD",12,27.03,"Social Media",0
50,49187.00,"PhD",12,27.03,"Google Search Ads",1
50,49187.00,"PhD",12,27.03,"Display Ads",0
50,49187.00,"PhD",12,27.03,"Email",0
48,30168.00,"Graduation",8,40.54,"Email",0
48,30168.00,"Graduation",8,40.54,"SMS",0
48,30168.00,"Graduation",8,40.54,"Social Media",0
48,30168.00,"Graduation",8,40.54,"Google Search Ads",1
48,30168.00,"Graduation",8,40.54,"Display Ads",0
48,30168.00,"Graduation",8,40.54,"Email",0
58,34053.00,"Master",8,60.81,"Email",0
58,34053.00,"Master",8,60.81,"SMS",0
58,34053.00,"Master",8,60.81,"Social Media",0
58,34053.00,"Master",8,60.81,"Google Search Ads",1
58,34053.00,"Master",8,60.81,"Display Ads",0
58,34053.00,"Master",8,60.81,"Email",0
55,38196.00,"Master",8,40.54,"Email",0
55,38196.00,"Master",8,40.54,"SMS",0
55,38196.00,"Master",8,40.54,"Social Media",0
55,38196.00,"Master",8,40.54,"Google Search Ads",1
55,38196.00,"Master",8,40.54,"Display Ads",0
55,38196.00,"Master",8,40.54,"Email",0
75,59412.00,"Master",8,60.81,"Email",0
75,59412.00,"Master",8,60.81,"SMS",0
75,59412.00,"Master",8,60.81,"Social Media",0
75,59412.00,"Master",8,60.81,"Google Search Ads",1
75,59412.00,"Master",8,60.81,"Display Ads",0
75,59412.00,"Master",8,60.81,"Email",0
61,70924.00,"2n Cycle",8,60.81,"Email",0
61,70924.00,"2n Cycle",8,60.81,"SMS",0
61,70924.00,"2n Cycle",8,60.81,"Social Media",0
61,70924.00,"2n Cycle",8,60.81,"Google Search Ads",1
61,70924.00,"2n Cycle",8,60.81,"Display Ads",0
61,70924.00,"2n Cycle",8,60.81,"Email",0
57,54165.00,"Graduation",12,40.54,"Email",0
57,54165.00,"Graduation",12,40.54,"SMS",0
57,54165.00,"Graduation",12,40.54,"Social Media",0
57,54165.00,"Graduation",12,40.54,"Google Search Ads",1
57,54165.00,"Graduation",12,40.54,"Display Ads",0
57,54165.00,"Graduation",12,40.54,"Email",0
53,32300.00,"Graduation",8,40.54,"Email",0
53,32300.00,"Graduation",8,40.54,"SMS",0
53,32300.00,"Graduation",8,40.54,"Social Media",0
53,32300.00,"Graduation",8,40.54,"Google Search Ads",1
53,32300.00,"Graduation",8,40.54,"Display Ads",0
53,32300.00,"Graduation",8,40.54,"Email",0
50,20180.00,"Graduation",8,60.81,"Email",0
50,20180.00,"Graduation",8,60.81,"SMS",0
50,20180.00,"Graduation",8,60.81,"Social Media",0
50,20180.00,"Graduation",8,60.81,"Google Search Ads",1
50,20180.00,"Graduation",8,60.81,"Display Ads",0
50,20180.00,"Graduation",8,60.81,"Email",0
53,34961.00,"Graduation",8,40.54,"Email",0
53,34961.00,"Graduation",8,40.54,"SMS",0
53,34961.00,"Graduation",8,40.54,"Social Media",0
53,34961.00,"Graduation",8,40.54,"Google Search Ads",1
53,34961.00,"Graduation",8,40.54,"Display Ads",0
53,34961.00,"Graduation",8,40.54,"Email",0
52,28440.00,"PhD",8,40.54,"Email",0
52,28440.00,"PhD",8,40.54,"SMS",0
52,28440.00,"PhD",8,40.54,"Social Media",0
52,28440.00,"PhD",8,40.54,"Google Search Ads",1
52,28440.00,"PhD",8,40.54,"Display Ads",0
52,28440.00,"PhD",8,40.54,"Email",0
73,64504.00,"PhD",8,60.81,"Email",0
73,64504.00,"PhD",8,60.81,"SMS",0
73,64504.00,"PhD",8,60.81,"Social Media",0
73,64504.00,"PhD",8,60.81,"Google Search Ads",1
73,64504.00,"PhD",8,60.81,"Display Ads",0
73,64504.00,"PhD",8,60.81,"Email",0
60,33564.00,"Master",12,27.03,"Email",0
60,33564.00,"Master",12,27.03,"SMS",0
60,33564.00,"Master",12,27.03,"Social Media",0
60,33564.00,"Master",12,27.03,"Google Search Ads",1
60,33564.00,"Master",12,27.03,"Display Ads",0
60,33564.00,"Master",12,27.03,"Email",0
48,17345.00,"Graduation",8,60.81,"Email",0
48,17345.00,"Graduation",8,60.81,"SMS",0
48,17345.00,"Graduation",8,60.81,"Social Media",0
48,17345.00,"Graduation",8,60.81,"Google Search Ads",1
48,17345.00,"Graduation",8,60.81,"Display Ads",0
48,17345.00,"Graduation",8,60.81,"Email",0
59,56320.00,"PhD",8,60.81,"Email",0
59,56320.00,"PhD",8,60.81,"SMS",0
59,56320.00,"PhD",8,60.81,"Social Media",0
59,56320.00,"PhD",8,60.81,"Google Search Ads",1
59,56320.00,"PhD",8,60.81,"Display Ads",0
59,56320.00,"PhD",8,60.81,"Email",0
48,28647.00,"Graduation",8,60.81,"Email",0
48,28647.00,"Graduation",8,60.81,"SMS",0
48,28647.00,"Graduation",8,60.81,"Social Media",0
48,28647.00,"Graduation",8,60.81,"Google Search Ads",1
48,28647.00,"Graduation",8,60.81,"Display Ads",0
48,28647.00,"Graduation",8,60.81,"Email",0
39,15038.00,"Basic",12,27.03,"Email",0
39,15038.00,"Basic",12,27.03,"SMS",0
39,15038.00,"Basic",12,27.03,"Social Media",0
39,15038.00,"Basic",12,27.03,"Google Search Ads",1
39,15038.00,"Basic",12,27.03,"Display Ads",0
39,15038.00,"Basic",12,27.03,"Email",0
68,32173.00,"PhD",8,60.81,"Email",0
68,32173.00,"PhD",8,60.81,"SMS",0
68,32173.00,"PhD",8,60.81,"Social Media",0
68,32173.00,"PhD",8,60.81,"Google Search Ads",1
68,32173.00,"PhD",8,60.81,"Display Ads",0
68,32173.00,"PhD",8,60.81,"Email",0
62,68316.00,"2n Cycle",12,40.54,"Email",0
62,68316.00,"2n Cycle",12,40.54,"SMS",0
62,68316.00,"2n Cycle",12,40.54,"Social Media",0
62,68316.00,"2n Cycle",12,40.54,"Google Search Ads",1
62,68316.00,"2n Cycle",12,40.54,"Display Ads",0
62,68316.00,"2n Cycle",12,40.54,"Email",0
55,74538.00,"Graduation",8,40.54,"Email",0
55,74538.00,"Graduation",8,40.54,"SMS",0
55,74538.00,"Graduation",8,40.54,"Social Media",0
55,74538.00,"Graduation",8,40.54,"Google Search Ads",1
55,74538.00,"Graduation",8,40.54,"Display Ads",0
55,74538.00,"Graduation",8,40.54,"Email",0
55,91700.00,"Graduation",12,27.03,"Email",0
55,91700.00,"Graduation",12,27.03,"SMS",0
55,91700.00,"Graduation",12,27.03,"Social Media",0
55,91700.00,"Graduation",12,27.03,"Google Search Ads",1
55,91700.00,"Graduation",12,27.03,"Display Ads",0
55,91700.00,"Graduation",12,27.03,"Email",0
57,68695.00,"Graduation",8,40.54,"Email",0
57,68695.00,"Graduation",8,40.54,"SMS",0
57,68695.00,"Graduation",8,40.54,"Social Media",0
57,68695.00,"Graduation",8,40.54,"Google Search Ads",1
57,68695.00,"Graduation",8,40.54,"Display Ads",0
57,68695.00,"Graduation",8,40.54,"Email",0
49,31056.00,"2n Cycle",12,27.03,"Email",0
49,31056.00,"2n Cycle",12,27.03,"SMS",0
49,31056.00,"2n Cycle",12,27.03,"Social Media",0
49,31056.00,"2n Cycle",12,27.03,"Google Search Ads",1
49,31056.00,"2n Cycle",12,27.03,"Display Ads",0
49,31056.00,"2n Cycle",12,27.03,"Email",0
53,79593.00,"Graduation",12,40.54,"Email",0
53,79593.00,"Graduation",12,40.54,"SMS",0
53,79593.00,"Graduation",12,40.54,"Social Media",0
53,79593.00,"Graduation",12,40.54,"Google Search Ads",1
53,79593.00,"Graduation",12,40.54,"Display Ads",0
53,79593.00,"Graduation",12,40.54,"Email",0
46,28071.00,"Graduation",12,27.03,"Email",0
46,28071.00,"Graduation",12,27.03,"SMS",0
46,28071.00,"Graduation",12,27.03,"Social Media",0
46,28071.00,"Graduation",12,27.03,"Google Search Ads",1
46,28071.00,"Graduation",12,27.03,"Display Ads",0
46,28071.00,"Graduation",12,27.03,"Email",0
68,37334.00,"PhD",8,40.54,"Email",0
68,37334.00,"PhD",8,40.54,"SMS",0
68,37334.00,"PhD",8,40.54,"Social Media",0
68,37334.00,"PhD",8,40.54,"Google Search Ads",1
68,37334.00,"PhD",8,40.54,"Display Ads",0
68,37334.00,"PhD",8,40.54,"Email",0
54,46423.00,"Master",8,40.54,"Email",0
54,46423.00,"Master",8,40.54,"SMS",0
54,46423.00,"Master",8,40.54,"Social Media",0
54,46423.00,"Master",8,40.54,"Google Search Ads",1
54,46423.00,"Master",8,40.54,"Display Ads",0
54,46423.00,"Master",8,40.54,"Email",0
55,37126.00,"PhD",12,27.03,"Email",0
55,37126.00,"PhD",12,27.03,"SMS",0
55,37126.00,"PhD",12,27.03,"Social Media",0
55,37126.00,"PhD",12,27.03,"Google Search Ads",1
55,37126.00,"PhD",12,27.03,"Display Ads",0
55,37126.00,"PhD",12,27.03,"Email",0
73,47703.00,"Graduation",8,40.54,"Email",0
73,47703.00,"Graduation",8,40.54,"SMS",0
73,47703.00,"Graduation",8,40.54,"Social Media",0
73,47703.00,"Graduation",8,40.54,"Google Search Ads",1
73,47703.00,"Graduation",8,40.54,"Display Ads",0
73,47703.00,"Graduation",8,40.54,"Email",0
67,61180.00,"Graduation",12,27.03,"Email",0
67,61180.00,"Graduation",12,27.03,"SMS",0
67,61180.00,"Graduation",12,27.03,"Social Media",0
67,61180.00,"Graduation",12,27.03,"Google Search Ads",1
67,61180.00,"Graduation",12,27.03,"Display Ads",0
67,61180.00,"Graduation",12,27.03,"Email",0
72,38998.00,"Graduation",12,27.03,"Email",0
72,38998.00,"Graduation",12,27.03,"SMS",0
72,38998.00,"Graduation",12,27.03,"Social Media",0
72,38998.00,"Graduation",12,27.03,"Google Search Ads",1
72,38998.00,"Graduation",12,27.03,"Display Ads",0
72,38998.00,"Graduation",12,27.03,"Email",0
35,8028.00,"Graduation",8,60.81,"Email",0
35,8028.00,"Graduation",8,60.81,"SMS",0
35,8028.00,"Graduation",8,60.81,"Social Media",0
35,8028.00,"Graduation",8,60.81,"Google Search Ads",1
35,8028.00,"Graduation",8,60.81,"Display Ads",0
35,8028.00,"Graduation",8,60.81,"Email",0
64,76081.00,"Graduation",12,40.54,"Email",0
64,76081.00,"Graduation",12,40.54,"SMS",0
64,76081.00,"Graduation",12,40.54,"Social Media",0
64,76081.00,"Graduation",12,40.54,"Google Search Ads",1
64,76081.00,"Graduation",12,40.54,"Display Ads",0
64,76081.00,"Graduation",12,40.54,"Email",0
40,34728.00,"Graduation",12,40.54,"Email",0
40,34728.00,"Graduation",12,40.54,"SMS",0
40,34728.00,"Graduation",12,40.54,"Social Media",0
40,34728.00,"Graduation",12,40.54,"Google Search Ads",1
40,34728.00,"Graduation",12,40.54,"Display Ads",0
40,34728.00,"Graduation",12,40.54,"Email",0
61,33168.00,"Master",12,40.54,"Email",0
61,33168.00,"Master",12,40.54,"SMS",0
61,33168.00,"Master",12,40.54,"Social Media",0
61,33168.00,"Master",12,40.54,"Google Search Ads",1
61,33168.00,"Master",12,40.54,"Display Ads",0
61,33168.00,"Master",12,40.54,"Email",0
60,33585.00,"Master",12,27.03,"Email",0
60,33585.00,"Master",12,27.03,"SMS",0
60,33585.00,"Master",12,27.03,"Social Media",0
60,33585.00,"Master",12,27.03,"Google Search Ads",1
60,33585.00,"Master",12,27.03,"Display Ads",0
60,33585.00,"Master",12,27.03,"Email",0
66,77037.00,"PhD",8,40.54,"Email",0
66,77037.00,"PhD",8,40.54,"SMS",0
66,77037.00,"PhD",8,40.54,"Social Media",0
66,77037.00,"PhD",8,40.54,"Google Search Ads",1
66,77037.00,"PhD",8,40.54,"Display Ads",0
66,77037.00,"PhD",8,40.54,"Email",0
42,35196.00,"Graduation",8,40.54,"Email",0
42,35196.00,"Graduation",8,40.54,"SMS",0
42,35196.00,"Graduation",8,40.54,"Social Media",0
42,35196.00,"Graduation",8,40.54,"Google Search Ads",1
42,35196.00,"Graduation",8,40.54,"Display Ads",0
42,35196.00,"Graduation",8,40.54,"Email",0
60,44529.00,"Graduation",8,60.81,"Email",0
60,44529.00,"Graduation",8,60.81,"SMS",0
60,44529.00,"Graduation",8,60.81,"Social Media",0
60,44529.00,"Graduation",8,60.81,"Google Search Ads",1
60,44529.00,"Graduation",8,60.81,"Display Ads",0
60,44529.00,"Graduation",8,60.81,"Email",0
61,70924.00,"2n Cycle",8,40.54,"Email",0
61,70924.00,"2n Cycle",8,40.54,"SMS",0
61,70924.00,"2n Cycle",8,40.54,"Social Media",0
61,70924.00,"2n Cycle",8,40.54,"Google Search Ads",1
61,70924.00,"2n Cycle",8,40.54,"Display Ads",0
61,70924.00,"2n Cycle",8,40.54,"Email",0
60,28764.00,"PhD",8,60.81,"Email",0
60,28764.00,"PhD",8,60.81,"SMS",0
60,28764.00,"PhD",8,60.81,"Social Media",0
60,28764.00,"PhD",8,60.81,"Google Search Ads",1
60,28764.00,"PhD",8,60.81,"Display Ads",0
60,28764.00,"PhD",8,60.81,"Email",0
77,69098.00,"PhD",8,60.81,"Email",0
77,69098.00,"PhD",8,60.81,"SMS",0
77,69098.00,"PhD",8,60.81,"Social Media",0
77,69098.00,"PhD",8,60.81,"Google Search Ads",1
77,69098.00,"PhD",8,60.81,"Display Ads",0
77,69098.00,"PhD",8,60.81,"Email",0
56,25959.00,"2n Cycle",8,40.54,"Email",0
56,25959.00,"2n Cycle",8,40.54,"SMS",0
56,25959.00,"2n Cycle",8,40.54,"Social Media",0
56,25959.00,"2n Cycle",8,40.54,"Google Search Ads",1
56,25959.00,"2n Cycle",8,40.54,"Display Ads",0
56,25959.00,"2n Cycle",8,40.54,"Email",0
43,27100.00,"Master",8,40.54,"Email",0
43,27100.00,"Master",8,40.54,"SMS",0
43,27100.00,"Master",8,40.54,"Social Media",0
43,27100.00,"Master",8,40.54,"Google Search Ads",1
43,27100.00,"Master",8,40.54,"Display Ads",0
43,27100.00,"Master",8,40.54,"Email",0
41,70596.00,"Graduation",8,40.54,"Email",0
41,70596.00,"Graduation",8,40.54,"SMS",0
41,70596.00,"Graduation",8,40.54,"Social Media",0
41,70596.00,"Graduation",8,40.54,"Google Search Ads",1
41,70596.00,"Graduation",8,40.54,"Display Ads",0
41,70596.00,"Graduation",8,40.54,"Email",0
52,42557.00,"Graduation",12,27.03,"Email",0
52,42557.00,"Graduation",12,27.03,"SMS",0
52,42557.00,"Graduation",12,27.03,"Social Media",0
52,42557.00,"Graduation",12,27.03,"Google Search Ads",1
52,42557.00,"Graduation",12,27.03,"Display Ads",0
52,42557.00,"Graduation",12,27.03,"Email",0
75,53312.00,"PhD",8,60.81,"Email",0
75,53312.00,"PhD",8,60.81,"SMS",0
75,53312.00,"PhD",8,60.81,"Social Media",0
75,53312.00,"PhD",8,60.81,"Google Search Ads",1
75,53312.00,"PhD",8,60.81,"Display Ads",0
75,53312.00,"PhD",8,60.81,"Email",0
74,72228.00,"Graduation",8,40.54,"Email",0
74,72228.00,"Graduation",8,40.54,"SMS",0
74,72228.00,"Graduation",8,40.54,"Social Media",0
74,72228.00,"Graduation",8,40.54,"Google Search Ads",1
74,72228.00,"Graduation",8,40.54,"Display Ads",0
74,72228.00,"Graduation",8,40.54,"Email",0
39,67605.00,"Graduation",12,27.03,"Email",0
39,67605.00,"Graduation",12,27.03,"SMS",0
39,67605.00,"Graduation",12,27.03,"Social Media",0
39,67605.00,"Graduation",12,27.03,"Google Search Ads",1
39,67605.00,"Graduation",12,27.03,"Display Ads",0
39,67605.00,"Graduation",12,27.03,"Email",0
77,62845.00,"Master",8,40.54,"Email",0
77,62845.00,"Master",8,40.54,"SMS",0
77,62845.00,"Master",8,40.54,"Social Media",0
77,62845.00,"Master",8,40.54,"Google Search Ads",1
77,62845.00,"Master",8,40.54,"Display Ads",0
77,62845.00,"Master",8,40.54,"Email",0
68,65196.00,"Graduation",8,60.81,"Email",0
68,65196.00,"Graduation",8,60.81,"SMS",0
68,65196.00,"Graduation",8,60.81,"Social Media",0
68,65196.00,"Graduation",8,60.81,"Google Search Ads",1
68,65196.00,"Graduation",8,60.81,"Display Ads",0
68,65196.00,"Graduation",8,60.81,"Email",0
39,42000.00,"PhD",12,40.54,"Email",0
39,42000.00,"PhD",12,40.54,"SMS",0
39,42000.00,"PhD",12,40.54,"Social Media",0
39,42000.00,"PhD",12,40.54,"Google Search Ads",1
39,42000.00,"PhD",12,40.54,"Display Ads",0
39,42000.00,"PhD",12,40.54,"Email",0
53,35860.00,"PhD",12,40.54,"Email",0
53,35860.00,"PhD",12,40.54,"SMS",0
53,35860.00,"PhD",12,40.54,"Social Media",0
53,35860.00,"PhD",12,40.54,"Google Search Ads",1
53,35860.00,"PhD",12,40.54,"Display Ads",0
53,35860.00,"PhD",12,40.54,"Email",0
62,65526.00,"PhD",8,40.54,"Email",0
62,65526.00,"PhD",8,40.54,"SMS",0
62,65526.00,"PhD",8,40.54,"Social Media",0
62,65526.00,"PhD",8,40.54,"Google Search Ads",1
62,65526.00,"PhD",8,40.54,"Display Ads",0
62,65526.00,"PhD",8,40.54,"Email",0
65,16860.00,"Graduation",8,60.81,"Email",0
65,16860.00,"Graduation",8,60.81,"SMS",0
65,16860.00,"Graduation",8,60.81,"Social Media",0
65,16860.00,"Graduation",8,60.81,"Google Search Ads",1
65,16860.00,"Graduation",8,60.81,"Display Ads",0
65,16860.00,"Graduation",8,60.81,"Email",0
34,83528.00,"Graduation",8,40.54,"Email",0
34,83528.00,"Graduation",8,40.54,"SMS",0
34,83528.00,"Graduation",8,40.54,"Social Media",0
34,83528.00,"Graduation",8,40.54,"Google Search Ads",1
34,83528.00,"Graduation",8,40.54,"Display Ads",0
34,83528.00,"Graduation",8,40.54,"Email",0
61,64176.00,"2n Cycle",12,40.54,"Email",0
61,64176.00,"2n Cycle",12,40.54,"SMS",0
61,64176.00,"2n Cycle",12,40.54,"Social Media",0
61,64176.00,"2n Cycle",12,40.54,"Google Search Ads",1
61,64176.00,"2n Cycle",12,40.54,"Display Ads",0
61,64176.00,"2n Cycle",12,40.54,"Email",0
70,22304.00,"Graduation",8,60.81,"Email",0
70,22304.00,"Graduation",8,60.81,"SMS",0
70,22304.00,"Graduation",8,60.81,"Social Media",0
70,22304.00,"Graduation",8,60.81,"Google Search Ads",1
70,22304.00,"Graduation",8,60.81,"Display Ads",0
70,22304.00,"Graduation",8,60.81,"Email",0
48,67023.00,"Graduation",8,40.54,"Email",0
48,67023.00,"Graduation",8,40.54,"SMS",0
48,67023.00,"Graduation",8,40.54,"Social Media",0
48,67023.00,"Graduation",8,40.54,"Google Search Ads",1
48,67023.00,"Graduation",8,40.54,"Display Ads",0
48,67023.00,"Graduation",8,40.54,"Email",0
55,32892.00,"PhD",8,40.54,"Email",0
55,32892.00,"PhD",8,40.54,"SMS",0
55,32892.00,"PhD",8,40.54,"Social Media",0
55,32892.00,"PhD",8,40.54,"Google Search Ads",1
55,32892.00,"PhD",8,40.54,"Display Ads",0
55,32892.00,"PhD",8,40.54,"Email",0
60,70713.00,"Graduation",8,40.54,"Email",0
60,70713.00,"Graduation",8,40.54,"SMS",0
60,70713.00,"Graduation",8,40.54,"Social Media",0
60,70713.00,"Graduation",8,40.54,"Google Search Ads",1
60,70713.00,"Graduation",8,40.54,"Display Ads",0
60,70713.00,"Graduation",8,40.54,"Email",0
71,59925.00,"Graduation",12,40.54,"Email",0
71,59925.00,"Graduation",12,40.54,"SMS",0
71,59925.00,"Graduation",12,40.54,"Social Media",0
71,59925.00,"Graduation",12,40.54,"Google Search Ads",1
71,59925.00,"Graduation",12,40.54,"Display Ads",0
71,59925.00,"Graduation",12,40.54,"Email",0
73,39722.00,"Graduation",8,40.54,"Email",0
73,39722.00,"Graduation",8,40.54,"SMS",0
73,39722.00,"Graduation",8,40.54,"Social Media",0
73,39722.00,"Graduation",8,40.54,"Google Search Ads",1
73,39722.00,"Graduation",8,40.54,"Display Ads",0
73,39722.00,"Graduation",8,40.54,"Email",0
68,46610.00,"Graduation",12,40.54,"Email",0
68,46610.00,"Graduation",12,40.54,"SMS",0
68,46610.00,"Graduation",12,40.54,"Social Media",0
68,46610.00,"Graduation",12,40.54,"Google Search Ads",1
68,46610.00,"Graduation",12,40.54,"Display Ads",0
68,46610.00,"Graduation",12,40.54,"Email",0
65,88347.00,"Graduation",8,60.81,"Email",0
65,88347.00,"Graduation",8,60.81,"SMS",0
65,88347.00,"Graduation",8,60.81,"Social Media",0
65,88347.00,"Graduation",8,60.81,"Google Search Ads",1
65,88347.00,"Graduation",8,60.81,"Display Ads",0
65,88347.00,"Graduation",8,60.81,"Email",0
45,87171.00,"PhD",12,40.54,"Email",0
45,87171.00,"PhD",12,40.54,"SMS",0
45,87171.00,"PhD",12,40.54,"Social Media",0
45,87171.00,"PhD",12,40.54,"Google Search Ads",1
45,87171.00,"PhD",12,40.54,"Display Ads",0
45,87171.00,"PhD",12,40.54,"Email",0
50,26907.00,"2n Cycle",8,60.81,"Email",0
50,26907.00,"2n Cycle",8,60.81,"SMS",0
50,26907.00,"2n Cycle",8,60.81,"Social Media",0
50,26907.00,"2n Cycle",8,60.81,"Google Search Ads",1
50,26907.00,"2n Cycle",8,60.81,"Display Ads",0
50,26907.00,"2n Cycle",8,60.81,"Email",0
58,50014.00,"Master",12,27.03,"Email",0
58,50014.00,"Master",12,27.03,"SMS",0
58,50014.00,"Master",12,27.03,"Social Media",0
58,50014.00,"Master",12,27.03,"Google Search Ads",1
58,50014.00,"Master",12,27.03,"Display Ads",0
58,50014.00,"Master",12,27.03,"Email",0
48,41014.00,"PhD",8,40.54,"Email",0
48,41014.00,"PhD",8,40.54,"SMS",0
48,41014.00,"PhD",8,40.54,"Social Media",0
48,41014.00,"PhD",8,40.54,"Google Search Ads",1
48,41014.00,"PhD",8,40.54,"Display Ads",0
48,41014.00,"PhD",8,40.54,"Email",0
61,66294.00,"Graduation",8,60.81,"Email",0
61,66294.00,"Graduation",8,60.81,"SMS",0
61,66294.00,"Graduation",8,60.81,"Social Media",0
61,66294.00,"Graduation",8,60.81,"Google Search Ads",1
61,66294.00,"Graduation",8,60.81,"Display Ads",0
61,66294.00,"Graduation",8,60.81,"Email",0
55,36715.00,"Graduation",12,40.54,"Email",0
55,36715.00,"Graduation",12,40.54,"SMS",0
55,36715.00,"Graduation",12,40.54,"Social Media",0
55,36715.00,"Graduation",12,40.54,"Google Search Ads",1
55,36715.00,"Graduation",12,40.54,"Display Ads",0
55,36715.00,"Graduation",12,40.54,"Email",0
70,79456.00,"Graduation",12,40.54,"Email",0
70,79456.00,"Graduation",12,40.54,"SMS",0
70,79456.00,"Graduation",12,40.54,"Social Media",0
70,79456.00,"Graduation",12,40.54,"Google Search Ads",1
70,79456.00,"Graduation",12,40.54,"Display Ads",0
70,79456.00,"Graduation",12,40.54,"Email",0
44,40479.00,"Graduation",8,40.54,"Email",0
44,40479.00,"Graduation",8,40.54,"SMS",0
44,40479.00,"Graduation",8,40.54,"Social Media",0
44,40479.00,"Graduation",8,40.54,"Google Search Ads",1
44,40479.00,"Graduation",8,40.54,"Display Ads",0
44,40479.00,"Graduation",8,40.54,"Email",0
56,75345.00,"Master",12,27.03,"Email",0
56,75345.00,"Master",12,27.03,"SMS",0
56,75345.00,"Master",12,27.03,"Social Media",0
56,75345.00,"Master",12,27.03,"Google Search Ads",1
56,75345.00,"Master",12,27.03,"Display Ads",0
56,75345.00,"Master",12,27.03,"Email",0
49,54233.00,"Graduation",12,40.54,"Email",0
49,54233.00,"Graduation",12,40.54,"SMS",0
49,54233.00,"Graduation",12,40.54,"Social Media",0
49,54233.00,"Graduation",12,40.54,"Google Search Ads",1
49,54233.00,"Graduation",12,40.54,"Display Ads",0
49,54233.00,"Graduation",12,40.54,"Email",0
56,24163.00,"Graduation",12,27.03,"Email",0
56,24163.00,"Graduation",12,27.03,"SMS",0
56,24163.00,"Graduation",12,27.03,"Social Media",0
56,24163.00,"Graduation",12,27.03,"Google Search Ads",1
56,24163.00,"Graduation",12,27.03,"Display Ads",0
56,24163.00,"Graduation",12,27.03,"Email",0
68,84460.00,"PhD",12,27.03,"Email",0
68,84460.00,"PhD",12,27.03,"SMS",0
68,84460.00,"PhD",12,27.03,"Social Media",0
68,84460.00,"PhD",12,27.03,"Google Search Ads",1
68,84460.00,"PhD",12,27.03,"Display Ads",0
68,84460.00,"PhD",12,27.03,"Email",0
43,43776.00,"Graduation",12,27.03,"Email",0
43,43776.00,"Graduation",12,27.03,"SMS",0
43,43776.00,"Graduation",12,27.03,"Social Media",0
43,43776.00,"Graduation",12,27.03,"Google Search Ads",1
43,43776.00,"Graduation",12,27.03,"Display Ads",0
43,43776.00,"Graduation",12,27.03,"Email",0
68,71691.00,"PhD",12,40.54,"Email",0
68,71691.00,"PhD",12,40.54,"SMS",0
68,71691.00,"PhD",12,40.54,"Social Media",0
68,71691.00,"PhD",12,40.54,"Google Search Ads",1
68,71691.00,"PhD",12,40.54,"Display Ads",0
68,71691.00,"PhD",12,40.54,"Email",0
53,85844.00,"PhD",12,27.03,"Email",0
53,85844.00,"PhD",12,27.03,"SMS",0
53,85844.00,"PhD",12,27.03,"Social Media",0
53,85844.00,"PhD",12,27.03,"Google Search Ads",1
53,85844.00,"PhD",12,27.03,"Display Ads",0
53,85844.00,"PhD",12,27.03,"Email",0
52,39190.00,"PhD",12,40.54,"Email",0
52,39190.00,"PhD",12,40.54,"SMS",0
52,39190.00,"PhD",12,40.54,"Social Media",0
52,39190.00,"PhD",12,40.54,"Google Search Ads",1
52,39190.00,"PhD",12,40.54,"Display Ads",0
52,39190.00,"PhD",12,40.54,"Email",0
67,71367.00,"Graduation",12,27.03,"Email",0
67,71367.00,"Graduation",12,27.03,"SMS",0
67,71367.00,"Graduation",12,27.03,"Social Media",0
67,71367.00,"Graduation",12,27.03,"Google Search Ads",1
67,71367.00,"Graduation",12,27.03,"Display Ads",0
67,71367.00,"Graduation",12,27.03,"Email",0
54,38578.00,"PhD",8,40.54,"Email",0
54,38578.00,"PhD",8,40.54,"SMS",0
54,38578.00,"PhD",8,40.54,"Social Media",0
54,38578.00,"PhD",8,40.54,"Google Search Ads",1
54,38578.00,"PhD",8,40.54,"Display Ads",0
54,38578.00,"PhD",8,40.54,"Email",0
61,57236.00,"PhD",8,60.81,"Email",0
61,57236.00,"PhD",8,60.81,"SMS",0
61,57236.00,"PhD",8,60.81,"Social Media",0
61,57236.00,"PhD",8,60.81,"Google Search Ads",1
61,57236.00,"PhD",8,60.81,"Display Ads",0
61,57236.00,"PhD",8,60.81,"Email",0
47,61825.00,"Graduation",12,27.03,"Email",0
47,61825.00,"Graduation",12,27.03,"SMS",0
47,61825.00,"Graduation",12,27.03,"Social Media",0
47,61825.00,"Graduation",12,27.03,"Google Search Ads",1
47,61825.00,"Graduation",12,27.03,"Display Ads",0
47,61825.00,"Graduation",12,27.03,"Email",0
68,79803.00,"Graduation",12,27.03,"Email",0
68,79803.00,"Graduation",12,27.03,"SMS",0
68,79803.00,"Graduation",12,27.03,"Social Media",0
68,79803.00,"Graduation",12,27.03,"Google Search Ads",1
68,79803.00,"Graduation",12,27.03,"Display Ads",0
68,79803.00,"Graduation",12,27.03,"Email",0
40,80910.00,"2n Cycle",8,40.54,"Email",0
40,80910.00,"2n Cycle",8,40.54,"SMS",0
40,80910.00,"2n Cycle",8,40.54,"Social Media",0
40,80910.00,"2n Cycle",8,40.54,"Google Search Ads",1
40,80910.00,"2n Cycle",8,40.54,"Display Ads",0
40,80910.00,"2n Cycle",8,40.54,"Email",0
44,27590.00,"Master",12,40.54,"Email",0
44,27590.00,"Master",12,40.54,"SMS",0
44,27590.00,"Master",12,40.54,"Social Media",0
44,27590.00,"Master",12,40.54,"Google Search Ads",1
44,27590.00,"Master",12,40.54,"Display Ads",0
44,27590.00,"Master",12,40.54,"Email",0
47,56775.00,"Graduation",8,40.54,"Email",0
47,56775.00,"Graduation",8,40.54,"SMS",0
47,56775.00,"Graduation",8,40.54,"Social Media",0
47,56775.00,"Graduation",8,40.54,"Google Search Ads",1
47,56775.00,"Graduation",8,40.54,"Display Ads",0
47,56775.00,"Graduation",8,40.54,"Email",0
51,83829.00,"Graduation",12,40.54,"Email",0
51,83829.00,"Graduation",12,40.54,"SMS",0
51,83829.00,"Graduation",12,40.54,"Social Media",0
51,83829.00,"Graduation",12,40.54,"Google Search Ads",1
51,83829.00,"Graduation",12,40.54,"Display Ads",0
51,83829.00,"Graduation",12,40.54,"Email",0
47,54210.00,"2n Cycle",8,40.54,"Email",0
47,54210.00,"2n Cycle",8,40.54,"SMS",0
47,54210.00,"2n Cycle",8,40.54,"Social Media",0
47,54210.00,"2n Cycle",8,40.54,"Google Search Ads",1
47,54210.00,"2n Cycle",8,40.54,"Display Ads",0
47,54210.00,"2n Cycle",8,40.54,"Email",0
40,38508.00,"Graduation",12,40.54,"Email",0
40,38508.00,"Graduation",12,40.54,"SMS",0
40,38508.00,"Graduation",12,40.54,"Social Media",0
40,38508.00,"Graduation",12,40.54,"Google Search Ads",1
40,38508.00,"Graduation",12,40.54,"Display Ads",0
40,38508.00,"Graduation",12,40.54,"Email",0
56,53187.00,"Graduation",8,60.81,"Email",0
56,53187.00,"Graduation",8,60.81,"SMS",0
56,53187.00,"Graduation",8,60.81,"Social Media",0
56,53187.00,"Graduation",8,60.81,"Google Search Ads",1
56,53187.00,"Graduation",8,60.81,"Display Ads",0
56,53187.00,"Graduation",8,60.81,"Email",0
54,30023.00,"Graduation",12,27.03,"Email",0
54,30023.00,"Graduation",12,27.03,"SMS",0
54,30023.00,"Graduation",12,27.03,"Social Media",0
54,30023.00,"Graduation",12,27.03,"Google Search Ads",1
54,30023.00,"Graduation",12,27.03,"Display Ads",0
54,30023.00,"Graduation",12,27.03,"Email",0
66,76045.00,"PhD",12,27.03,"Email",0
66,76045.00,"PhD",12,27.03,"SMS",0
66,76045.00,"PhD",12,27.03,"Social Media",0
66,76045.00,"PhD",12,27.03,"Google Search Ads",1
66,76045.00,"PhD",12,27.03,"Display Ads",0
66,76045.00,"PhD",12,27.03,"Email",0
74,50870.00,"PhD",12,40.54,"Email",0
74,50870.00,"PhD",12,40.54,"SMS",0
74,50870.00,"PhD",12,40.54,"Social Media",0
74,50870.00,"PhD",12,40.54,"Google Search Ads",1
74,50870.00,"PhD",12,40.54,"Display Ads",0
74,50870.00,"PhD",12,40.54,"Email",0
56,15315.00,"2n Cycle",12,27.03,"Email",0
56,15315.00,"2n Cycle",12,27.03,"SMS",0
56,15315.00,"2n Cycle",12,27.03,"Social Media",0
56,15315.00,"2n Cycle",12,27.03,"Google Search Ads",1
56,15315.00,"2n Cycle",12,27.03,"Display Ads",0
56,15315.00,"2n Cycle",12,27.03,"Email",0
52,65463.00,"2n Cycle",12,40.54,"Email",0
52,65463.00,"2n Cycle",12,40.54,"SMS",0
52,65463.00,"2n Cycle",12,40.54,"Social Media",0
52,65463.00,"2n Cycle",12,40.54,"Google Search Ads",1
52,65463.00,"2n Cycle",12,40.54,"Display Ads",0
52,65463.00,"2n Cycle",12,40.54,"Email",0
61,66480.00,"Graduation",8,60.81,"Email",0
61,66480.00,"Graduation",8,60.81,"SMS",0
61,66480.00,"Graduation",8,60.81,"Social Media",0
61,66480.00,"Graduation",8,60.81,"Google Search Ads",1
61,66480.00,"Graduation",8,60.81,"Display Ads",0
61,66480.00,"Graduation",8,60.81,"Email",0
72,76773.00,"Graduation",12,40.54,"Email",0
72,76773.00,"Graduation",12,40.54,"SMS",0
72,76773.00,"Graduation",12,40.54,"Social Media",0
72,76773.00,"Graduation",12,40.54,"Google Search Ads",1
72,76773.00,"Graduation",12,40.54,"Display Ads",0
72,76773.00,"Graduation",12,40.54,"Email",0
43,81698.00,"2n Cycle",12,40.54,"Email",0
43,81698.00,"2n Cycle",12,40.54,"SMS",0
43,81698.00,"2n Cycle",12,40.54,"Social Media",0
43,81698.00,"2n Cycle",12,40.54,"Google Search Ads",1
43,81698.00,"2n Cycle",12,40.54,"Display Ads",0
43,81698.00,"2n Cycle",12,40.54,"Email",0
53,54466.00,"PhD",8,40.54,"Email",0
53,54466.00,"PhD",8,40.54,"SMS",0
53,54466.00,"PhD",8,40.54,"Social Media",0
53,54466.00,"PhD",8,40.54,"Google Search Ads",1
53,54466.00,"PhD",8,40.54,"Display Ads",0
53,54466.00,"PhD",8,40.54,"Email",0
66,98777.00,"Master",8,60.81,"Email",0
66,98777.00,"Master",8,60.81,"SMS",0
66,98777.00,"Master",8,60.81,"Social Media",0
66,98777.00,"Master",8,60.81,"Google Search Ads",1
66,98777.00,"Master",8,60.81,"Display Ads",0
66,98777.00,"Master",8,60.81,"Email",0
42,16269.00,"PhD",8,60.81,"Email",0
42,16269.00,"PhD",8,60.81,"SMS",0
42,16269.00,"PhD",8,60.81,"Social Media",0
42,16269.00,"PhD",8,60.81,"Google Search Ads",1
42,16269.00,"PhD",8,60.81,"Display Ads",0
42,16269.00,"PhD",8,60.81,"Email",0
55,71819.00,"Graduation",12,40.54,"Email",0
55,71819.00,"Graduation",12,40.54,"SMS",0
55,71819.00,"Graduation",12,40.54,"Social Media",0
55,71819.00,"Graduation",12,40.54,"Google Search Ads",1
55,71819.00,"Graduation",12,40.54,"Display Ads",0
55,71819.00,"Graduation",12,40.54,"Email",0
43,33569.00,"PhD",12,27.03,"Email",0
43,33569.00,"PhD",12,27.03,"SMS",0
43,33569.00,"PhD",12,27.03,"Social Media",0
43,33569.00,"PhD",12,27.03,"Google Search Ads",1
43,33569.00,"PhD",12,27.03,"Display Ads",0
43,33569.00,"PhD",12,27.03,"Email",0
43,36262.00,"Master",8,40.54,"Email",0
43,36262.00,"Master",8,40.54,"SMS",0
43,36262.00,"Master",8,40.54,"Social Media",0
43,36262.00,"Master",8,40.54,"Google Search Ads",1
43,36262.00,"Master",8,40.54,"Display Ads",0
43,36262.00,"Master",8,40.54,"Email",0
60,22634.00,"Basic",12,40.54,"Email",0
60,22634.00,"Basic",12,40.54,"SMS",0
60,22634.00,"Basic",12,40.54,"Social Media",0
60,22634.00,"Basic",12,40.54,"Google Search Ads",1
60,22634.00,"Basic",12,40.54,"Display Ads",0
60,22634.00,"Basic",12,40.54,"Email",0
48,47025.00,"2n Cycle",8,60.81,"Email",0
48,47025.00,"2n Cycle",8,60.81,"SMS",0
48,47025.00,"2n Cycle",8,60.81,"Social Media",0
48,47025.00,"2n Cycle",8,60.81,"Google Search Ads",1
48,47025.00,"2n Cycle",8,60.81,"Display Ads",0
48,47025.00,"2n Cycle",8,60.81,"Email",0
58,70566.00,"Graduation",8,60.81,"Email",0
58,70566.00,"Graduation",8,60.81,"SMS",0
58,70566.00,"Graduation",8,60.81,"Social Media",0
58,70566.00,"Graduation",8,60.81,"Google Search Ads",1
58,70566.00,"Graduation",8,60.81,"Display Ads",0
58,70566.00,"Graduation",8,60.81,"Email",0
47,31605.00,"PhD",12,40.54,"Email",0
47,31605.00,"PhD",12,40.54,"SMS",0
47,31605.00,"PhD",12,40.54,"Social Media",0
47,31605.00,"PhD",12,40.54,"Google Search Ads",1
47,31605.00,"PhD",12,40.54,"Display Ads",0
47,31605.00,"PhD",12,40.54,"Email",0
53,52034.00,"Master",12,27.03,"Email",0
53,52034.00,"Master",12,27.03,"SMS",0
53,52034.00,"Master",12,27.03,"Social Media",0
53,52034.00,"Master",12,27.03,"Google Search Ads",1
53,52034.00,"Master",12,27.03,"Display Ads",0
53,52034.00,"Master",12,27.03,"Email",0
47,48526.00,"Graduation",12,40.54,"Email",0
47,48526.00,"Graduation",12,40.54,"SMS",0
47,48526.00,"Graduation",12,40.54,"Social Media",0
47,48526.00,"Graduation",12,40.54,"Google Search Ads",1
47,48526.00,"Graduation",12,40.54,"Display Ads",0
47,48526.00,"Graduation",12,40.54,"Email",0
72,46734.00,"Graduation",8,60.81,"Email",0
72,46734.00,"Graduation",8,60.81,"SMS",0
72,46734.00,"Graduation",8,60.81,"Social Media",0
72,46734.00,"Graduation",8,60.81,"Google Search Ads",1
72,46734.00,"Graduation",8,60.81,"Display Ads",0
72,46734.00,"Graduation",8,60.81,"Email",0
64,39552.00,"Graduation",12,27.03,"Email",0
64,39552.00,"Graduation",12,27.03,"SMS",0
64,39552.00,"Graduation",12,27.03,"Social Media",0
64,39552.00,"Graduation",12,27.03,"Google Search Ads",1
64,39552.00,"Graduation",12,27.03,"Display Ads",0
64,39552.00,"Graduation",12,27.03,"Email",0
60,86358.00,"Graduation",8,40.54,"Email",0
60,86358.00,"Graduation",8,40.54,"SMS",0
60,86358.00,"Graduation",8,40.54,"Social Media",0
60,86358.00,"Graduation",8,40.54,"Google Search Ads",1
60,86358.00,"Graduation",8,40.54,"Display Ads",0
60,86358.00,"Graduation",8,40.54,"Email",0
49,46931.00,"Graduation",12,27.03,"Email",0
49,46931.00,"Graduation",12,27.03,"SMS",0
49,46931.00,"Graduation",12,27.03,"Social Media",0
49,46931.00,"Graduation",12,27.03,"Google Search Ads",1
49,46931.00,"Graduation",12,27.03,"Display Ads",0
49,46931.00,"Graduation",12,27.03,"Email",0
41,16581.00,"Basic",8,40.54,"Email",0
41,16581.00,"Basic",8,40.54,"SMS",0
41,16581.00,"Basic",8,40.54,"Social Media",0
41,16581.00,"Basic",8,40.54,"Google Search Ads",1
41,16581.00,"Basic",8,40.54,"Display Ads",0
41,16581.00,"Basic",8,40.54,"Email",0
74,63998.00,"2n Cycle",8,40.54,"Email",0
74,63998.00,"2n Cycle",8,40.54,"SMS",0
74,63998.00,"2n Cycle",8,40.54,"Social Media",0
74,63998.00,"2n Cycle",8,40.54,"Google Search Ads",1
74,63998.00,"2n Cycle",8,40.54,"Display Ads",0
74,63998.00,"2n Cycle",8,40.54,"Email",0
75,67381.00,"Master",8,60.81,"Email",0
75,67381.00,"Master",8,60.81,"SMS",0
75,67381.00,"Master",8,60.81,"Social Media",0
75,67381.00,"Master",8,60.81,"Google Search Ads",1
75,67381.00,"Master",8,60.81,"Display Ads",0
75,67381.00,"Master",8,60.81,"Email",0
59,25930.00,"Graduation",8,40.54,"Email",0
59,25930.00,"Graduation",8,40.54,"SMS",0
59,25930.00,"Graduation",8,40.54,"Social Media",0
59,25930.00,"Graduation",8,40.54,"Google Search Ads",1
59,25930.00,"Graduation",8,40.54,"Display Ads",0
59,25930.00,"Graduation",8,40.54,"Email",0
48,42693.00,"Graduation",8,40.54,"Email",0
48,42693.00,"Graduation",8,40.54,"SMS",0
48,42693.00,"Graduation",8,40.54,"Social Media",0
48,42693.00,"Graduation",8,40.54,"Google Search Ads",1
48,42693.00,"Graduation",8,40.54,"Display Ads",0
48,42693.00,"Graduation",8,40.54,"Email",0
50,85606.00,"Graduation",12,27.03,"Email",0
50,85606.00,"Graduation",12,27.03,"SMS",0
50,85606.00,"Graduation",12,27.03,"Social Media",0
50,85606.00,"Graduation",12,27.03,"Google Search Ads",1
50,85606.00,"Graduation",12,27.03,"Display Ads",0
50,85606.00,"Graduation",12,27.03,"Email",0
41,72903.00,"Graduation",12,27.03,"Email",0
41,72903.00,"Graduation",12,27.03,"SMS",0
41,72903.00,"Graduation",12,27.03,"Social Media",0
41,72903.00,"Graduation",12,27.03,"Google Search Ads",1
41,72903.00,"Graduation",12,27.03,"Display Ads",0
41,72903.00,"Graduation",12,27.03,"Email",0
52,49669.00,"2n Cycle",12,40.54,"Email",0
52,49669.00,"2n Cycle",12,40.54,"SMS",0
52,49669.00,"2n Cycle",12,40.54,"Social Media",0
52,49669.00,"2n Cycle",12,40.54,"Google Search Ads",1
52,49669.00,"2n Cycle",12,40.54,"Display Ads",0
52,49669.00,"2n Cycle",12,40.54,"Email",0
58,36778.00,"PhD",12,40.54,"Email",0
58,36778.00,"PhD",12,40.54,"SMS",0
58,36778.00,"PhD",12,40.54,"Social Media",0
58,36778.00,"PhD",12,40.54,"Google Search Ads",1
58,36778.00,"PhD",12,40.54,"Display Ads",0
58,36778.00,"PhD",12,40.54,"Email",0
64,85696.00,"PhD",8,60.81,"Email",0
64,85696.00,"PhD",8,60.81,"SMS",0
64,85696.00,"PhD",8,60.81,"Social Media",0
64,85696.00,"PhD",8,60.81,"Google Search Ads",1
64,85696.00,"PhD",8,60.81,"Display Ads",0
64,85696.00,"PhD",8,60.81,"Email",0
37,10979.00,"Master",12,27.03,"Email",0
37,10979.00,"Master",12,27.03,"SMS",0
37,10979.00,"Master",12,27.03,"Social Media",0
37,10979.00,"Master",12,27.03,"Google Search Ads",1
37,10979.00,"Master",12,27.03,"Display Ads",0
37,10979.00,"Master",12,27.03,"Email",0
65,49678.00,"Graduation",12,27.03,"Email",0
65,49678.00,"Graduation",12,27.03,"SMS",0
65,49678.00,"Graduation",12,27.03,"Social Media",0
65,49678.00,"Graduation",12,27.03,"Google Search Ads",1
65,49678.00,"Graduation",12,27.03,"Display Ads",0
65,49678.00,"Graduation",12,27.03,"Email",0
73,56129.00,"Master",12,27.03,"Email",0
73,56129.00,"Master",12,27.03,"SMS",0
73,56129.00,"Master",12,27.03,"Social Media",0
73,56129.00,"Master",12,27.03,"Google Search Ads",1
73,56129.00,"Master",12,27.03,"Display Ads",0
73,56129.00,"Master",12,27.03,"Email",0
37,37155.00,"Graduation",12,40.54,"Email",0
37,37155.00,"Graduation",12,40.54,"SMS",0
37,37155.00,"Graduation",12,40.54,"Social Media",0
37,37155.00,"Graduation",12,40.54,"Google Search Ads",1
37,37155.00,"Graduation",12,40.54,"Display Ads",0
37,37155.00,"Graduation",12,40.54,"Email",0
48,21282.00,"2n Cycle",8,60.81,"Email",0
48,21282.00,"2n Cycle",8,60.81,"SMS",0
48,21282.00,"2n Cycle",8,60.81,"Social Media",0
48,21282.00,"2n Cycle",8,60.81,"Google Search Ads",1
48,21282.00,"2n Cycle",8,60.81,"Display Ads",0
48,21282.00,"2n Cycle",8,60.81,"Email",0
64,33419.00,"PhD",8,40.54,"Email",0
64,33419.00,"PhD",8,40.54,"SMS",0
64,33419.00,"PhD",8,40.54,"Social Media",0
64,33419.00,"PhD",8,40.54,"Google Search Ads",1
64,33419.00,"PhD",8,40.54,"Display Ads",0
64,33419.00,"PhD",8,40.54,"Email",0
81,63285.00,"Graduation",8,40.54,"Email",0
81,63285.00,"Graduation",8,40.54,"SMS",0
81,63285.00,"Graduation",8,40.54,"Social Media",0
81,63285.00,"Graduation",8,40.54,"Google Search Ads",1
81,63285.00,"Graduation",8,40.54,"Display Ads",0
81,63285.00,"Graduation",8,40.54,"Email",0
52,21255.00,"Master",12,27.03,"Email",0
52,21255.00,"Master",12,27.03,"SMS",0
52,21255.00,"Master",12,27.03,"Social Media",0
52,21255.00,"Master",12,27.03,"Google Search Ads",1
52,21255.00,"Master",12,27.03,"Display Ads",0
52,21255.00,"Master",12,27.03,"Email",0
45,42162.00,"Graduation",8,40.54,"Email",0
45,42162.00,"Graduation",8,40.54,"SMS",0
45,42162.00,"Graduation",8,40.54,"Social Media",0
45,42162.00,"Graduation",8,40.54,"Google Search Ads",1
45,42162.00,"Graduation",8,40.54,"Display Ads",0
45,42162.00,"Graduation",8,40.54,"Email",0
70,54450.00,"Graduation",8,40.54,"Email",0
70,54450.00,"Graduation",8,40.54,"SMS",0
70,54450.00,"Graduation",8,40.54,"Social Media",0
70,54450.00,"Graduation",8,40.54,"Google Search Ads",1
70,54450.00,"Graduation",8,40.54,"Display Ads",0
70,54450.00,"Graduation",8,40.54,"Email",0
72,57744.00,"PhD",8,40.54,"Email",0
72,57744.00,"PhD",8,40.54,"SMS",0
72,57744.00,"PhD",8,40.54,"Social Media",0
72,57744.00,"PhD",8,40.54,"Google Search Ads",1
72,57744.00,"PhD",8,40.54,"Display Ads",0
72,57744.00,"PhD",8,40.54,"Email",0
40,26576.00,"Graduation",12,27.03,"Email",0
40,26576.00,"Graduation",12,27.03,"SMS",0
40,26576.00,"Graduation",12,27.03,"Social Media",0
40,26576.00,"Graduation",12,27.03,"Google Search Ads",1
40,26576.00,"Graduation",12,27.03,"Display Ads",0
40,26576.00,"Graduation",12,27.03,"Email",0
83,57513.00,"PhD",8,60.81,"Email",0
83,57513.00,"PhD",8,60.81,"SMS",0
83,57513.00,"PhD",8,60.81,"Social Media",0
83,57513.00,"PhD",8,60.81,"Google Search Ads",1
83,57513.00,"PhD",8,60.81,"Display Ads",0
83,57513.00,"PhD",8,60.81,"Email",0
62,68142.00,"Graduation",8,60.81,"Email",0
62,68142.00,"Graduation",8,60.81,"SMS",0
62,68142.00,"Graduation",8,60.81,"Social Media",0
62,68142.00,"Graduation",8,60.81,"Google Search Ads",1
62,68142.00,"Graduation",8,60.81,"Display Ads",0
62,68142.00,"Graduation",8,60.81,"Email",0
47,7500.00,"Graduation",8,60.81,"Email",0
47,7500.00,"Graduation",8,60.81,"SMS",0
47,7500.00,"Graduation",8,60.81,"Social Media",0
47,7500.00,"Graduation",8,60.81,"Google Search Ads",1
47,7500.00,"Graduation",8,60.81,"Display Ads",0
47,7500.00,"Graduation",8,60.81,"Email",0
52,83145.00,"Graduation",8,40.54,"Email",0
52,83145.00,"Graduation",8,40.54,"SMS",0
52,83145.00,"Graduation",8,40.54,"Social Media",0
52,83145.00,"Graduation",8,40.54,"Google Search Ads",1
52,83145.00,"Graduation",8,40.54,"Display Ads",0
52,83145.00,"Graduation",8,40.54,"Email",0
66,54197.00,"Master",8,40.54,"Email",0
66,54197.00,"Master",8,40.54,"SMS",0
66,54197.00,"Master",8,40.54,"Social Media",0
66,54197.00,"Master",8,40.54,"Google Search Ads",1
66,54197.00,"Master",8,40.54,"Display Ads",0
66,54197.00,"Master",8,40.54,"Email",0
63,23091.00,"PhD",12,40.54,"Email",0
63,23091.00,"PhD",12,40.54,"SMS",0
63,23091.00,"PhD",12,40.54,"Social Media",0
63,23091.00,"PhD",12,40.54,"Google Search Ads",1
63,23091.00,"PhD",12,40.54,"Display Ads",0
63,23091.00,"PhD",12,40.54,"Email",0
50,46049.00,"Graduation",8,60.81,"Email",0
50,46049.00,"Graduation",8,60.81,"SMS",0
50,46049.00,"Graduation",8,60.81,"Social Media",0
50,46049.00,"Graduation",8,60.81,"Google Search Ads",1
50,46049.00,"Graduation",8,60.81,"Display Ads",0
50,46049.00,"Graduation",8,60.81,"Email",0
52,56715.00,"Graduation",12,27.03,"Email",0
52,56715.00,"Graduation",12,27.03,"SMS",0
52,56715.00,"Graduation",12,27.03,"Social Media",0
52,56715.00,"Graduation",12,27.03,"Google Search Ads",1
52,56715.00,"Graduation",12,27.03,"Display Ads",0
52,56715.00,"Graduation",12,27.03,"Email",0
65,79410.00,"Graduation",8,40.54,"Email",0
65,79410.00,"Graduation",8,40.54,"SMS",0
65,79410.00,"Graduation",8,40.54,"Social Media",0
65,79410.00,"Graduation",8,40.54,"Google Search Ads",1
65,79410.00,"Graduation",8,40.54,"Display Ads",0
65,79410.00,"Graduation",8,40.54,"Email",0
75,57304.00,"Graduation",8,40.54,"Email",0
75,57304.00,"Graduation",8,40.54,"SMS",0
75,57304.00,"Graduation",8,40.54,"Social Media",0
75,57304.00,"Graduation",8,40.54,"Google Search Ads",1
75,57304.00,"Graduation",8,40.54,"Display Ads",0
75,57304.00,"Graduation",8,40.54,"Email",0
61,44375.00,"Graduation",8,60.81,"Email",0
61,44375.00,"Graduation",8,60.81,"SMS",0
61,44375.00,"Graduation",8,60.81,"Social Media",0
61,44375.00,"Graduation",8,60.81,"Google Search Ads",1
61,44375.00,"Graduation",8,60.81,"Display Ads",0
61,44375.00,"Graduation",8,60.81,"Email",0
70,54450.00,"Graduation",8,60.81,"Email",0
70,54450.00,"Graduation",8,60.81,"SMS",0
70,54450.00,"Graduation",8,60.81,"Social Media",0
70,54450.00,"Graduation",8,60.81,"Google Search Ads",1
70,54450.00,"Graduation",8,60.81,"Display Ads",0
70,54450.00,"Graduation",8,60.81,"Email",0
61,59594.00,"Graduation",12,40.54,"Email",0
61,59594.00,"Graduation",12,40.54,"SMS",0
61,59594.00,"Graduation",12,40.54,"Social Media",0
61,59594.00,"Graduation",12,40.54,"Google Search Ads",1
61,59594.00,"Graduation",12,40.54,"Display Ads",0
61,59594.00,"Graduation",12,40.54,"Email",0
32,80685.00,"Graduation",8,60.81,"Email",0
32,80685.00,"Graduation",8,60.81,"SMS",0
32,80685.00,"Graduation",8,60.81,"Social Media",0
32,80685.00,"Graduation",8,60.81,"Google Search Ads",1
32,80685.00,"Graduation",8,60.81,"Display Ads",0
32,80685.00,"Graduation",8,60.81,"Email",0
52,40344.00,"PhD",8,40.54,"Email",0
52,40344.00,"PhD",8,40.54,"SMS",0
52,40344.00,"PhD",8,40.54,"Social Media",0
52,40344.00,"PhD",8,40.54,"Google Search Ads",1
52,40344.00,"PhD",8,40.54,"Display Ads",0
52,40344.00,"PhD",8,40.54,"Email",0
54,62710.00,"Graduation",8,60.81,"Email",0
54,62710.00,"Graduation",8,60.81,"SMS",0
54,62710.00,"Graduation",8,60.81,"Social Media",0
54,62710.00,"Graduation",8,60.81,"Google Search Ads",1
54,62710.00,"Graduation",8,60.81,"Display Ads",0
54,62710.00,"Graduation",8,60.81,"Email",0
58,48985.00,"2n Cycle",8,40.54,"Email",0
58,48985.00,"2n Cycle",8,40.54,"SMS",0
58,48985.00,"2n Cycle",8,40.54,"Social Media",0
58,48985.00,"2n Cycle",8,40.54,"Google Search Ads",1
58,48985.00,"2n Cycle",8,40.54,"Display Ads",0
58,48985.00,"2n Cycle",8,40.54,"Email",0
58,35322.00,"Graduation",8,60.81,"Email",0
58,35322.00,"Graduation",8,60.81,"SMS",0
58,35322.00,"Graduation",8,60.81,"Social Media",0
58,35322.00,"Graduation",8,60.81,"Google Search Ads",1
58,35322.00,"Graduation",8,60.81,"Display Ads",0
58,35322.00,"Graduation",8,60.81,"Email",0
78,77142.00,"Graduation",12,27.03,"Email",0
78,77142.00,"Graduation",12,27.03,"SMS",0
78,77142.00,"Graduation",12,27.03,"Social Media",0
78,77142.00,"Graduation",12,27.03,"Google Search Ads",1
78,77142.00,"Graduation",12,27.03,"Display Ads",0
78,77142.00,"Graduation",12,27.03,"Email",0
57,81657.00,"Graduation",12,27.03,"Email",0
57,81657.00,"Graduation",12,27.03,"SMS",0
57,81657.00,"Graduation",12,27.03,"Social Media",0
57,81657.00,"Graduation",12,27.03,"Google Search Ads",1
57,81657.00,"Graduation",12,27.03,"Display Ads",0
57,81657.00,"Graduation",12,27.03,"Email",0
30,14421.00,"Basic",12,27.03,"Email",0
30,14421.00,"Basic",12,27.03,"SMS",0
30,14421.00,"Basic",12,27.03,"Social Media",0
30,14421.00,"Basic",12,27.03,"Google Search Ads",1
30,14421.00,"Basic",12,27.03,"Display Ads",0
30,14421.00,"Basic",12,27.03,"Email",0
52,20130.00,"2n Cycle",12,27.03,"Email",0
52,20130.00,"2n Cycle",12,27.03,"SMS",0
52,20130.00,"2n Cycle",12,27.03,"Social Media",0
52,20130.00,"2n Cycle",12,27.03,"Google Search Ads",1
52,20130.00,"2n Cycle",12,27.03,"Display Ads",0
52,20130.00,"2n Cycle",12,27.03,"Email",0
36,74214.00,"PhD",12,27.03,"Email",0
36,74214.00,"PhD",12,27.03,"SMS",0
36,74214.00,"PhD",12,27.03,"Social Media",0
36,74214.00,"PhD",12,27.03,"Google Search Ads",1
36,74214.00,"PhD",12,27.03,"Display Ads",0
36,74214.00,"PhD",12,27.03,"Email",0
69,66726.00,"Master",8,40.54,"Email",0
69,66726.00,"Master",8,40.54,"SMS",0
69,66726.00,"Master",8,40.54,"Social Media",0
69,66726.00,"Master",8,40.54,"Google Search Ads",1
69,66726.00,"Master",8,40.54,"Display Ads",0
69,66726.00,"Master",8,40.54,"Email",0
47,23724.00,"Basic",12,27.03,"Email",0
47,23724.00,"Basic",12,27.03,"SMS",0
47,23724.00,"Basic",12,27.03,"Social Media",0
47,23724.00,"Basic",12,27.03,"Google Search Ads",1
47,23724.00,"Basic",12,27.03,"Display Ads",0
47,23724.00,"Basic",12,27.03,"Email",0
66,47353.00,"Master",8,60.81,"Email",0
66,47353.00,"Master",8,60.81,"SMS",0
66,47353.00,"Master",8,60.81,"Social Media",0
66,47353.00,"Master",8,60.81,"Google Search Ads",1
66,47353.00,"Master",8,60.81,"Display Ads",0
66,47353.00,"Master",8,60.81,"Email",0
74,33444.00,"Master",8,40.54,"Email",0
74,33444.00,"Master",8,40.54,"SMS",0
74,33444.00,"Master",8,40.54,"Social Media",0
74,33444.00,"Master",8,40.54,"Google Search Ads",1
74,33444.00,"Master",8,40.54,"Display Ads",0
74,33444.00,"Master",8,40.54,"Email",0
45,54386.00,"Graduation",12,40.54,"Email",0
45,54386.00,"Graduation",12,40.54,"SMS",0
45,54386.00,"Graduation",12,40.54,"Social Media",0
45,54386.00,"Graduation",12,40.54,"Google Search Ads",1
45,54386.00,"Graduation",12,40.54,"Display Ads",0
45,54386.00,"Graduation",12,40.54,"Email",0
45,28510.00,"Graduation",8,40.54,"Email",0
45,28510.00,"Graduation",8,40.54,"SMS",0
45,28510.00,"Graduation",8,40.54,"Social Media",0
45,28510.00,"Graduation",8,40.54,"Google Search Ads",1
45,28510.00,"Graduation",8,40.54,"Display Ads",0
45,28510.00,"Graduation",8,40.54,"Email",0
35,90638.00,"Master",12,40.54,"Email",0
35,90638.00,"Master",12,40.54,"SMS",0
35,90638.00,"Master",12,40.54,"Social Media",0
35,90638.00,"Master",12,40.54,"Google Search Ads",1
35,90638.00,"Master",12,40.54,"Display Ads",0
35,90638.00,"Master",12,40.54,"Email",0
76,48070.00,"Graduation",12,27.03,"Email",0
76,48070.00,"Graduation",12,27.03,"SMS",0
76,48070.00,"Graduation",12,27.03,"Social Media",0
76,48070.00,"Graduation",12,27.03,"Google Search Ads",1
76,48070.00,"Graduation",12,27.03,"Display Ads",0
76,48070.00,"Graduation",12,27.03,"Email",0
69,43140.00,"Graduation",12,27.03,"Email",0
69,43140.00,"Graduation",12,27.03,"SMS",0
69,43140.00,"Graduation",12,27.03,"Social Media",0
69,43140.00,"Graduation",12,27.03,"Google Search Ads",1
69,43140.00,"Graduation",12,27.03,"Display Ads",0
69,43140.00,"Graduation",12,27.03,"Email",0
65,54959.00,"PhD",8,40.54,"Email",0
65,54959.00,"PhD",8,40.54,"SMS",0
65,54959.00,"PhD",8,40.54,"Social Media",0
65,54959.00,"PhD",8,40.54,"Google Search Ads",1
65,54959.00,"PhD",8,40.54,"Display Ads",0
65,54959.00,"PhD",8,40.54,"Email",0
68,15056.00,"Basic",8,40.54,"Email",0
68,15056.00,"Basic",8,40.54,"SMS",0
68,15056.00,"Basic",8,40.54,"Social Media",0
68,15056.00,"Basic",8,40.54,"Google Search Ads",1
68,15056.00,"Basic",8,40.54,"Display Ads",0
68,15056.00,"Basic",8,40.54,"Email",0
55,26954.00,"Graduation",8,40.54,"Email",0
55,26954.00,"Graduation",8,40.54,"SMS",0
55,26954.00,"Graduation",8,40.54,"Social Media",0
55,26954.00,"Graduation",8,40.54,"Google Search Ads",1
55,26954.00,"Graduation",8,40.54,"Display Ads",0
55,26954.00,"Graduation",8,40.54,"Email",0
41,22327.00,"Graduation",8,40.54,"Email",0
41,22327.00,"Graduation",8,40.54,"SMS",0
41,22327.00,"Graduation",8,40.54,"Social Media",0
41,22327.00,"Graduation",8,40.54,"Google Search Ads",1
41,22327.00,"Graduation",8,40.54,"Display Ads",0
41,22327.00,"Graduation",8,40.54,"Email",0
61,44393.00,"Graduation",8,60.81,"Email",0
61,44393.00,"Graduation",8,60.81,"SMS",0
61,44393.00,"Graduation",8,60.81,"Social Media",0
61,44393.00,"Graduation",8,60.81,"Google Search Ads",1
61,44393.00,"Graduation",8,60.81,"Display Ads",0
61,44393.00,"Graduation",8,60.81,"Email",0
74,62000.00,"PhD",12,27.03,"Email",0
74,62000.00,"PhD",12,27.03,"SMS",0
74,62000.00,"PhD",12,27.03,"Social Media",0
74,62000.00,"PhD",12,27.03,"Google Search Ads",1
74,62000.00,"PhD",12,27.03,"Display Ads",0
74,62000.00,"PhD",12,27.03,"Email",0
64,31497.00,"PhD",8,40.54,"Email",0
64,31497.00,"PhD",8,40.54,"SMS",0
64,31497.00,"PhD",8,40.54,"Social Media",0
64,31497.00,"PhD",8,40.54,"Google Search Ads",1
64,31497.00,"PhD",8,40.54,"Display Ads",0
64,31497.00,"PhD",8,40.54,"Email",0
52,45894.00,"2n Cycle",12,40.54,"Email",0
52,45894.00,"2n Cycle",12,40.54,"SMS",0
52,45894.00,"2n Cycle",12,40.54,"Social Media",0
52,45894.00,"2n Cycle",12,40.54,"Google Search Ads",1
52,45894.00,"2n Cycle",12,40.54,"Display Ads",0
52,45894.00,"2n Cycle",12,40.54,"Email",0
56,78579.00,"Master",8,40.54,"Email",0
56,78579.00,"Master",8,40.54,"SMS",0
56,78579.00,"Master",8,40.54,"Social Media",0
56,78579.00,"Master",8,40.54,"Google Search Ads",1
56,78579.00,"Master",8,40.54,"Display Ads",0
56,78579.00,"Master",8,40.54,"Email",0
57,67369.00,"Master",8,60.81,"Email",0
57,67369.00,"Master",8,60.81,"SMS",0
57,67369.00,"Master",8,60.81,"Social Media",0
57,67369.00,"Master",8,60.81,"Google Search Ads",1
57,67369.00,"Master",8,60.81,"Display Ads",0
57,67369.00,"Master",8,60.81,"Email",0
66,58401.00,"Graduation",8,60.81,"Email",0
66,58401.00,"Graduation",8,60.81,"SMS",0
66,58401.00,"Graduation",8,60.81,"Social Media",0
66,58401.00,"Graduation",8,60.81,"Google Search Ads",1
66,58401.00,"Graduation",8,60.81,"Display Ads",0
66,58401.00,"Graduation",8,60.81,"Email",0
74,62307.00,"Graduation",12,27.03,"Email",0
74,62307.00,"Graduation",12,27.03,"SMS",0
74,62307.00,"Graduation",12,27.03,"Social Media",0
74,62307.00,"Graduation",12,27.03,"Google Search Ads",1
74,62307.00,"Graduation",12,27.03,"Display Ads",0
74,62307.00,"Graduation",12,27.03,"Email",0
57,43641.00,"Master",8,60.81,"Email",0
57,43641.00,"Master",8,60.81,"SMS",0
57,43641.00,"Master",8,60.81,"Social Media",0
57,43641.00,"Master",8,60.81,"Google Search Ads",1
57,43641.00,"Master",8,60.81,"Display Ads",0
57,43641.00,"Master",8,60.81,"Email",0
58,63841.00,"Master",8,60.81,"Email",0
58,63841.00,"Master",8,60.81,"SMS",0
58,63841.00,"Master",8,60.81,"Social Media",0
58,63841.00,"Master",8,60.81,"Google Search Ads",1
58,63841.00,"Master",8,60.81,"Display Ads",0
58,63841.00,"Master",8,60.81,"Email",0
61,46891.00,"2n Cycle",12,40.54,"Email",0
61,46891.00,"2n Cycle",12,40.54,"SMS",0
61,46891.00,"2n Cycle",12,40.54,"Social Media",0
61,46891.00,"2n Cycle",12,40.54,"Google Search Ads",1
61,46891.00,"2n Cycle",12,40.54,"Display Ads",0
61,46891.00,"2n Cycle",12,40.54,"Email",0
57,70091.00,"Master",8,40.54,"Email",0
57,70091.00,"Master",8,40.54,"SMS",0
57,70091.00,"Master",8,40.54,"Social Media",0
57,70091.00,"Master",8,40.54,"Google Search Ads",1
57,70091.00,"Master",8,40.54,"Display Ads",0
57,70091.00,"Master",8,40.54,"Email",0
54,78075.00,"PhD",12,40.54,"Email",0
54,78075.00,"PhD",12,40.54,"SMS",0
54,78075.00,"PhD",12,40.54,"Social Media",0
54,78075.00,"PhD",12,40.54,"Google Search Ads",1
54,78075.00,"PhD",12,40.54,"Display Ads",0
54,78075.00,"PhD",12,40.54,"Email",0
65,59184.00,"2n Cycle",12,40.54,"Email",0
65,59184.00,"2n Cycle",12,40.54,"SMS",0
65,59184.00,"2n Cycle",12,40.54,"Social Media",0
65,59184.00,"2n Cycle",12,40.54,"Google Search Ads",1
65,59184.00,"2n Cycle",12,40.54,"Display Ads",0
65,59184.00,"2n Cycle",12,40.54,"Email",0
49,54809.00,"Graduation",8,60.81,"Email",0
49,54809.00,"Graduation",8,60.81,"SMS",0
49,54809.00,"Graduation",8,60.81,"Social Media",0
49,54809.00,"Graduation",8,60.81,"Google Search Ads",1
49,54809.00,"Graduation",8,60.81,"Display Ads",0
49,54809.00,"Graduation",8,60.81,"Email",0
67,58113.00,"Graduation",12,27.03,"Email",0
67,58113.00,"Graduation",12,27.03,"SMS",0
67,58113.00,"Graduation",12,27.03,"Social Media",0
67,58113.00,"Graduation",12,27.03,"Google Search Ads",1
67,58113.00,"Graduation",12,27.03,"Display Ads",0
67,58113.00,"Graduation",12,27.03,"Email",0
68,51412.00,"Master",12,40.54,"Email",0
68,51412.00,"Master",12,40.54,"SMS",0
68,51412.00,"Master",12,40.54,"Social Media",0
68,51412.00,"Master",12,40.54,"Google Search Ads",1
68,51412.00,"Master",12,40.54,"Display Ads",0
68,51412.00,"Master",12,40.54,"Email",0
47,15287.00,"Graduation",8,40.54,"Email",0
47,15287.00,"Graduation",8,40.54,"SMS",0
47,15287.00,"Graduation",8,40.54,"Social Media",0
47,15287.00,"Graduation",8,40.54,"Google Search Ads",1
47,15287.00,"Graduation",8,40.54,"Display Ads",0
47,15287.00,"Graduation",8,40.54,"Email",0
69,66636.00,"Master",8,60.81,"Email",0
69,66636.00,"Master",8,60.81,"SMS",0
69,66636.00,"Master",8,60.81,"Social Media",0
69,66636.00,"Master",8,60.81,"Google Search Ads",1
69,66636.00,"Master",8,60.81,"Display Ads",0
69,66636.00,"Master",8,60.81,"Email",0
70,50965.00,"Master",12,40.54,"Email",0
70,50965.00,"Master",12,40.54,"SMS",0
70,50965.00,"Master",12,40.54,"Social Media",0
70,50965.00,"Master",12,40.54,"Google Search Ads",1
70,50965.00,"Master",12,40.54,"Display Ads",0
70,50965.00,"Master",12,40.54,"Email",0
61,84618.00,"PhD",8,60.81,"Email",0
61,84618.00,"PhD",8,60.81,"SMS",0
61,84618.00,"PhD",8,60.81,"Social Media",0
61,84618.00,"PhD",8,60.81,"Google Search Ads",1
61,84618.00,"PhD",8,60.81,"Display Ads",0
61,84618.00,"PhD",8,60.81,"Email",0
36,18351.00,"Graduation",12,40.54,"Email",0
36,18351.00,"Graduation",12,40.54,"SMS",0
36,18351.00,"Graduation",12,40.54,"Social Media",0
36,18351.00,"Graduation",12,40.54,"Google Search Ads",1
36,18351.00,"Graduation",12,40.54,"Display Ads",0
36,18351.00,"Graduation",12,40.54,"Email",0
69,40451.00,"PhD",12,40.54,"Email",0
69,40451.00,"PhD",12,40.54,"SMS",0
69,40451.00,"PhD",12,40.54,"Social Media",0
69,40451.00,"PhD",12,40.54,"Google Search Ads",1
69,40451.00,"PhD",12,40.54,"Display Ads",0
69,40451.00,"PhD",12,40.54,"Email",0
61,36317.00,"Graduation",8,40.54,"Email",0
61,36317.00,"Graduation",8,40.54,"SMS",0
61,36317.00,"Graduation",8,40.54,"Social Media",0
61,36317.00,"Graduation",8,40.54,"Google Search Ads",1
61,36317.00,"Graduation",8,40.54,"Display Ads",0
61,36317.00,"Graduation",8,40.54,"Email",0
69,42213.00,"Graduation",12,40.54,"Email",0
69,42213.00,"Graduation",12,40.54,"SMS",0
69,42213.00,"Graduation",12,40.54,"Social Media",0
69,42213.00,"Graduation",12,40.54,"Google Search Ads",1
69,42213.00,"Graduation",12,40.54,"Display Ads",0
69,42213.00,"Graduation",12,40.54,"Email",0
71,65748.00,"Graduation",12,27.03,"Email",0
71,65748.00,"Graduation",12,27.03,"SMS",0
71,65748.00,"Graduation",12,27.03,"Social Media",0
71,65748.00,"Graduation",12,27.03,"Google Search Ads",1
71,65748.00,"Graduation",12,27.03,"Display Ads",0
71,65748.00,"Graduation",12,27.03,"Email",0
54,77044.00,"Graduation",8,60.81,"Email",0
54,77044.00,"Graduation",8,60.81,"SMS",0
54,77044.00,"Graduation",8,60.81,"Social Media",0
54,77044.00,"Graduation",8,60.81,"Google Search Ads",1
54,77044.00,"Graduation",8,60.81,"Display Ads",0
54,77044.00,"Graduation",8,60.81,"Email",0
57,74918.00,"Graduation",8,60.81,"Email",0
57,74918.00,"Graduation",8,60.81,"SMS",0
57,74918.00,"Graduation",8,60.81,"Social Media",0
57,74918.00,"Graduation",8,60.81,"Google Search Ads",1
57,74918.00,"Graduation",8,60.81,"Display Ads",0
57,74918.00,"Graduation",8,60.81,"Email",0
54,56721.00,"Graduation",8,60.81,"Email",0
54,56721.00,"Graduation",8,60.81,"SMS",0
54,56721.00,"Graduation",8,60.81,"Social Media",0
54,56721.00,"Graduation",8,60.81,"Google Search Ads",1
54,56721.00,"Graduation",8,60.81,"Display Ads",0
54,56721.00,"Graduation",8,60.81,"Email",0
51,42160.00,"Graduation",8,60.81,"Email",0
51,42160.00,"Graduation",8,60.81,"SMS",0
51,42160.00,"Graduation",8,60.81,"Social Media",0
51,42160.00,"Graduation",8,60.81,"Google Search Ads",1
51,42160.00,"Graduation",8,60.81,"Display Ads",0
51,42160.00,"Graduation",8,60.81,"Email",0
61,61559.00,"Graduation",12,40.54,"Email",0
61,61559.00,"Graduation",12,40.54,"SMS",0
61,61559.00,"Graduation",12,40.54,"Social Media",0
61,61559.00,"Graduation",12,40.54,"Google Search Ads",1
61,61559.00,"Graduation",12,40.54,"Display Ads",0
61,61559.00,"Graduation",12,40.54,"Email",0
63,33629.00,"PhD",12,40.54,"Email",0
63,33629.00,"PhD",12,40.54,"SMS",0
63,33629.00,"PhD",12,40.54,"Social Media",0
63,33629.00,"PhD",12,40.54,"Google Search Ads",1
63,33629.00,"PhD",12,40.54,"Display Ads",0
63,33629.00,"PhD",12,40.54,"Email",0
35,68682.00,"PhD",8,60.81,"Email",0
35,68682.00,"PhD",8,60.81,"SMS",0
35,68682.00,"PhD",8,60.81,"Social Media",0
35,68682.00,"PhD",8,60.81,"Google Search Ads",1
35,68682.00,"PhD",8,60.81,"Display Ads",0
35,68682.00,"PhD",8,60.81,"Email",0
63,34377.00,"Graduation",12,40.54,"Email",0
63,34377.00,"Graduation",12,40.54,"SMS",0
63,34377.00,"Graduation",12,40.54,"Social Media",0
63,34377.00,"Graduation",12,40.54,"Google Search Ads",1
63,34377.00,"Graduation",12,40.54,"Display Ads",0
63,34377.00,"Graduation",12,40.54,"Email",0
40,8940.00,"Basic",12,40.54,"Email",0
40,8940.00,"Basic",12,40.54,"SMS",0
40,8940.00,"Basic",12,40.54,"Social Media",0
40,8940.00,"Basic",12,40.54,"Google Search Ads",1
40,8940.00,"Basic",12,40.54,"Display Ads",0
40,8940.00,"Basic",12,40.54,"Email",0
53,26228.00,"Graduation",8,60.81,"Email",0
53,26228.00,"Graduation",8,60.81,"SMS",0
53,26228.00,"Graduation",8,60.81,"Social Media",0
53,26228.00,"Graduation",8,60.81,"Google Search Ads",1
53,26228.00,"Graduation",8,60.81,"Display Ads",0
53,26228.00,"Graduation",8,60.81,"Email",0
69,77297.00,"2n Cycle",8,60.81,"Email",0
69,77297.00,"2n Cycle",8,60.81,"SMS",0
69,77297.00,"2n Cycle",8,60.81,"Social Media",0
69,77297.00,"2n Cycle",8,60.81,"Google Search Ads",1
69,77297.00,"2n Cycle",8,60.81,"Display Ads",0
69,77297.00,"2n Cycle",8,60.81,"Email",0
45,40211.00,"Graduation",8,60.81,"Email",0
45,40211.00,"Graduation",8,60.81,"SMS",0
45,40211.00,"Graduation",8,60.81,"Social Media",0
45,40211.00,"Graduation",8,60.81,"Google Search Ads",1
45,40211.00,"Graduation",8,60.81,"Display Ads",0
45,40211.00,"Graduation",8,60.81,"Email",0
68,33438.00,"PhD",12,40.54,"Email",0
68,33438.00,"PhD",12,40.54,"SMS",0
68,33438.00,"PhD",12,40.54,"Social Media",0
68,33438.00,"PhD",12,40.54,"Google Search Ads",1
68,33438.00,"PhD",12,40.54,"Display Ads",0
68,33438.00,"PhD",12,40.54,"Email",0
67,75032.00,"PhD",8,60.81,"Email",0
67,75032.00,"PhD",8,60.81,"SMS",0
67,75032.00,"PhD",8,60.81,"Social Media",0
67,75032.00,"PhD",8,60.81,"Google Search Ads",1
67,75032.00,"PhD",8,60.81,"Display Ads",0
67,75032.00,"PhD",8,60.81,"Email",0
71,61284.00,"PhD",12,27.03,"Email",0
71,61284.00,"PhD",12,27.03,"SMS",0
71,61284.00,"PhD",12,27.03,"Social Media",0
71,61284.00,"PhD",12,27.03,"Google Search Ads",1
71,61284.00,"PhD",12,27.03,"Display Ads",0
71,61284.00,"PhD",12,27.03,"Email",0
40,22518.00,"Graduation",8,60.81,"Email",0
40,22518.00,"Graduation",8,60.81,"SMS",0
40,22518.00,"Graduation",8,60.81,"Social Media",0
40,22518.00,"Graduation",8,60.81,"Google Search Ads",1
40,22518.00,"Graduation",8,60.81,"Display Ads",0
40,22518.00,"Graduation",8,60.81,"Email",0
51,54730.00,"Master",8,40.54,"Email",0
51,54730.00,"Master",8,40.54,"SMS",0
51,54730.00,"Master",8,40.54,"Social Media",0
51,54730.00,"Master",8,40.54,"Google Search Ads",1
51,54730.00,"Master",8,40.54,"Display Ads",0
51,54730.00,"Master",8,40.54,"Email",0
71,38452.00,"Master",8,60.81,"Email",0
71,38452.00,"Master",8,60.81,"SMS",0
71,38452.00,"Master",8,60.81,"Social Media",0
71,38452.00,"Master",8,60.81,"Google Search Ads",1
71,38452.00,"Master",8,60.81,"Display Ads",0
71,38452.00,"Master",8,60.81,"Email",0
55,44421.00,"Graduation",8,60.81,"Email",0
55,44421.00,"Graduation",8,60.81,"SMS",0
55,44421.00,"Graduation",8,60.81,"Social Media",0
55,44421.00,"Graduation",8,60.81,"Google Search Ads",1
55,44421.00,"Graduation",8,60.81,"Display Ads",0
55,44421.00,"Graduation",8,60.81,"Email",0
40,38197.00,"PhD",12,40.54,"Email",0
40,38197.00,"PhD",12,40.54,"SMS",0
40,38197.00,"PhD",12,40.54,"Social Media",0
40,38197.00,"PhD",12,40.54,"Google Search Ads",1
40,38197.00,"PhD",12,40.54,"Display Ads",0
40,38197.00,"PhD",12,40.54,"Email",0
48,41986.00,"Graduation",12,27.03,"Email",0
48,41986.00,"Graduation",12,27.03,"SMS",0
48,41986.00,"Graduation",12,27.03,"Social Media",0
48,41986.00,"Graduation",12,27.03,"Google Search Ads",1
48,41986.00,"Graduation",12,27.03,"Display Ads",0
48,41986.00,"Graduation",12,27.03,"Email",0
43,28427.00,"Graduation",12,27.03,"Email",0
43,28427.00,"Graduation",12,27.03,"SMS",0
43,28427.00,"Graduation",12,27.03,"Social Media",0
43,28427.00,"Graduation",12,27.03,"Google Search Ads",1
43,28427.00,"Graduation",12,27.03,"Display Ads",0
43,28427.00,"Graduation",12,27.03,"Email",0
50,37395.00,"PhD",8,40.54,"Email",0
50,37395.00,"PhD",8,40.54,"SMS",0
50,37395.00,"PhD",8,40.54,"Social Media",0
50,37395.00,"PhD",8,40.54,"Google Search Ads",1
50,37395.00,"PhD",8,40.54,"Display Ads",0
50,37395.00,"PhD",8,40.54,"Email",0
55,64722.00,"Graduation",12,40.54,"Email",0
55,64722.00,"Graduation",12,40.54,"SMS",0
55,64722.00,"Graduation",12,40.54,"Social Media",0
55,64722.00,"Graduation",12,40.54,"Google Search Ads",1
55,64722.00,"Graduation",12,40.54,"Display Ads",0
55,64722.00,"Graduation",12,40.54,"Email",0
70,55249.00,"Master",8,60.81,"Email",0
70,55249.00,"Master",8,60.81,"SMS",0
70,55249.00,"Master",8,60.81,"Social Media",0
70,55249.00,"Master",8,60.81,"Google Search Ads",1
70,55249.00,"Master",8,60.81,"Display Ads",0
70,55249.00,"Master",8,60.81,"Email",0
54,84906.00,"Graduation",8,40.54,"Email",0
54,84906.00,"Graduation",8,40.54,"SMS",0
54,84906.00,"Graduation",8,40.54,"Social Media",0
54,84906.00,"Graduation",8,40.54,"Google Search Ads",1
54,84906.00,"Graduation",8,40.54,"Display Ads",0
54,84906.00,"Graduation",8,40.54,"Email",0
37,28691.00,"Graduation",12,40.54,"Email",0
37,28691.00,"Graduation",12,40.54,"SMS",0
37,28691.00,"Graduation",12,40.54,"Social Media",0
37,28691.00,"Graduation",12,40.54,"Google Search Ads",1
37,28691.00,"Graduation",12,40.54,"Display Ads",0
37,28691.00,"Graduation",12,40.54,"Email",0
74,44213.00,"Graduation",8,40.54,"Email",0
74,44213.00,"Graduation",8,40.54,"SMS",0
74,44213.00,"Graduation",8,40.54,"Social Media",0
74,44213.00,"Graduation",8,40.54,"Google Search Ads",1
74,44213.00,"Graduation",8,40.54,"Display Ads",0
74,44213.00,"Graduation",8,40.54,"Email",0
42,25707.00,"Basic",8,40.54,"Email",0
42,25707.00,"Basic",8,40.54,"SMS",0
42,25707.00,"Basic",8,40.54,"Social Media",0
42,25707.00,"Basic",8,40.54,"Google Search Ads",1
42,25707.00,"Basic",8,40.54,"Display Ads",0
42,25707.00,"Basic",8,40.54,"Email",0
59,59062.00,"PhD",12,40.54,"Email",0
59,59062.00,"PhD",12,40.54,"SMS",0
59,59062.00,"PhD",12,40.54,"Social Media",0
59,59062.00,"PhD",12,40.54,"Google Search Ads",1
59,59062.00,"PhD",12,40.54,"Display Ads",0
59,59062.00,"PhD",12,40.54,"Email",0
64,76624.00,"Graduation",8,60.81,"Email",0
64,76624.00,"Graduation",8,60.81,"SMS",0
64,76624.00,"Graduation",8,60.81,"Social Media",0
64,76624.00,"Graduation",8,60.81,"Google Search Ads",1
64,76624.00,"Graduation",8,60.81,"Display Ads",0
64,76624.00,"Graduation",8,60.81,"Email",0
79,66000.00,"Master",8,60.81,"Email",0
79,66000.00,"Master",8,60.81,"SMS",0
79,66000.00,"Master",8,60.81,"Social Media",0
79,66000.00,"Master",8,60.81,"Google Search Ads",1
79,66000.00,"Master",8,60.81,"Display Ads",0
79,66000.00,"Master",8,60.81,"Email",0
48,27683.00,"PhD",12,40.54,"Email",0
48,27683.00,"PhD",12,40.54,"SMS",0
48,27683.00,"PhD",12,40.54,"Social Media",0
48,27683.00,"PhD",12,40.54,"Google Search Ads",1
48,27683.00,"PhD",12,40.54,"Display Ads",0
48,27683.00,"PhD",12,40.54,"Email",0
55,1730.00,"Graduation",8,60.81,"Email",0
55,1730.00,"Graduation",8,60.81,"SMS",0
55,1730.00,"Graduation",8,60.81,"Social Media",0
55,1730.00,"Graduation",8,60.81,"Google Search Ads",1
55,1730.00,"Graduation",8,60.81,"Display Ads",0
55,1730.00,"Graduation",8,60.81,"Email",0
34,7500.00,"Basic",8,40.54,"Email",0
34,7500.00,"Basic",8,40.54,"SMS",0
34,7500.00,"Basic",8,40.54,"Social Media",0
34,7500.00,"Basic",8,40.54,"Google Search Ads",1
34,7500.00,"Basic",8,40.54,"Display Ads",0
34,7500.00,"Basic",8,40.54,"Email",0
58,40521.00,"Graduation",8,60.81,"Email",0
58,40521.00,"Graduation",8,60.81,"SMS",0
58,40521.00,"Graduation",8,60.81,"Social Media",0
58,40521.00,"Graduation",8,60.81,"Google Search Ads",1
58,40521.00,"Graduation",8,60.81,"Display Ads",0
58,40521.00,"Graduation",8,60.81,"Email",0
53,20427.00,"PhD",12,40.54,"Email",0
53,20427.00,"PhD",12,40.54,"SMS",0
53,20427.00,"PhD",12,40.54,"Social Media",0
53,20427.00,"PhD",12,40.54,"Google Search Ads",1
53,20427.00,"PhD",12,40.54,"Display Ads",0
53,20427.00,"PhD",12,40.54,"Email",0
51,65106.00,"Graduation",8,60.81,"Email",0
51,65106.00,"Graduation",8,60.81,"SMS",0
51,65106.00,"Graduation",8,60.81,"Social Media",0
51,65106.00,"Graduation",8,60.81,"Google Search Ads",1
51,65106.00,"Graduation",8,60.81,"Display Ads",0
51,65106.00,"Graduation",8,60.81,"Email",0
61,69969.00,"PhD",0,0,"Email",0
61,69969.00,"PhD",0,0,"SMS",0
61,69969.00,"PhD",0,0,"Social Media",0
61,69969.00,"PhD",0,0,"Google Search Ads",0
61,69969.00,"PhD",0,0,"Display Ads",0
61,69969.00,"PhD",0,0,"Email",0
74,67433.00,"Graduation",0,0,"Email",0
74,67433.00,"Graduation",0,0,"SMS",0
74,67433.00,"Graduation",0,0,"Social Media",0
74,67433.00,"Graduation",0,0,"Google Search Ads",0
74,67433.00,"Graduation",0,0,"Display Ads",0
74,67433.00,"Graduation",0,0,"Email",0
59,77766.00,"PhD",0,0,"Email",0
59,77766.00,"PhD",0,0,"SMS",0
59,77766.00,"PhD",0,0,"Social Media",0
59,77766.00,"PhD",0,0,"Google Search Ads",0
59,77766.00,"PhD",0,0,"Display Ads",0
59,77766.00,"PhD",0,0,"Email",0
54,74716.00,"Graduation",0,0,"Email",0
54,74716.00,"Graduation",0,0,"SMS",0
54,74716.00,"Graduation",0,0,"Social Media",0
54,74716.00,"Graduation",0,0,"Google Search Ads",0
54,74716.00,"Graduation",0,0,"Display Ads",0
54,74716.00,"Graduation",0,0,"Email",0
63,68118.00,"Graduation",0,0,"Email",0
63,68118.00,"Graduation",0,0,"SMS",0
63,68118.00,"Graduation",0,0,"Social Media",0
63,68118.00,"Graduation",0,0,"Google Search Ads",0
63,68118.00,"Graduation",0,0,"Display Ads",0
63,68118.00,"Graduation",0,0,"Email",0
56,55158.00,"PhD",0,0,"Email",0
56,55158.00,"PhD",0,0,"SMS",0
56,55158.00,"PhD",0,0,"Social Media",0
56,55158.00,"PhD",0,0,"Google Search Ads",0
56,55158.00,"PhD",0,0,"Display Ads",0
56,55158.00,"PhD",0,0,"Email",0
71,62972.00,"2n Cycle",0,0,"Email",0
71,62972.00,"2n Cycle",0,0,"SMS",0
71,62972.00,"2n Cycle",0,0,"Social Media",0
71,62972.00,"2n Cycle",0,0,"Google Search Ads",0
71,62972.00,"2n Cycle",0,0,"Display Ads",0
71,62972.00,"2n Cycle",0,0,"Email",0
51,74190.00,"Graduation",0,0,"Email",0
51,74190.00,"Graduation",0,0,"SMS",0
51,74190.00,"Graduation",0,0,"Social Media",0
51,74190.00,"Graduation",0,0,"Google Search Ads",0
51,74190.00,"Graduation",0,0,"Display Ads",0
51,74190.00,"Graduation",0,0,"Email",0
50,39356.00,"Graduation",0,0,"Email",0
50,39356.00,"Graduation",0,0,"SMS",0
50,39356.00,"Graduation",0,0,"Social Media",0
50,39356.00,"Graduation",0,0,"Google Search Ads",0
50,39356.00,"Graduation",0,0,"Display Ads",0
50,39356.00,"Graduation",0,0,"Email",0
57,76653.00,"Graduation",0,0,"Email",0
57,76653.00,"Graduation",0,0,"SMS",0
57,76653.00,"Graduation",0,0,"Social Media",0
57,76653.00,"Graduation",0,0,"Google Search Ads",0
57,76653.00,"Graduation",0,0,"Display Ads",0
57,76653.00,"Graduation",0,0,"Email",0
53,35860.00,"PhD",0,0,"Email",0
53,35860.00,"PhD",0,0,"SMS",0
53,35860.00,"PhD",0,0,"Social Media",0
53,35860.00,"PhD",0,0,"Google Search Ads",0
53,35860.00,"PhD",0,0,"Display Ads",0
53,35860.00,"PhD",0,0,"Email",0
43,90687.00,"PhD",0,0,"Email",0
43,90687.00,"PhD",0,0,"SMS",0
43,90687.00,"PhD",0,0,"Social Media",0
43,90687.00,"PhD",0,0,"Google Search Ads",0
43,90687.00,"PhD",0,0,"Display Ads",0
43,90687.00,"PhD",0,0,"Email",0
44,73450.00,"Master",0,0,"Email",0
44,73450.00,"Master",0,0,"SMS",0
44,73450.00,"Master",0,0,"Social Media",0
44,73450.00,"Master",0,0,"Google Search Ads",0
44,73450.00,"Master",0,0,"Display Ads",0
44,73450.00,"Master",0,0,"Email",0
66,31454.00,"Graduation",0,0,"Email",0
66,31454.00,"Graduation",0,0,"SMS",0
66,31454.00,"Graduation",0,0,"Social Media",0
66,31454.00,"Graduation",0,0,"Google Search Ads",0
66,31454.00,"Graduation",0,0,"Display Ads",0
66,31454.00,"Graduation",0,0,"Email",0
74,47139.00,"Graduation",0,0,"Email",0
74,47139.00,"Graduation",0,0,"SMS",0
74,47139.00,"Graduation",0,0,"Social Media",0
74,47139.00,"Graduation",0,0,"Google Search Ads",0
74,47139.00,"Graduation",0,0,"Display Ads",0
74,47139.00,"Graduation",0,0,"Email",0
51,83829.00,"Graduation",0,0,"Email",0
51,83829.00,"Graduation",0,0,"SMS",0
51,83829.00,"Graduation",0,0,"Social Media",0
51,83829.00,"Graduation",0,0,"Google Search Ads",0
51,83829.00,"Graduation",0,0,"Display Ads",0
51,83829.00,"Graduation",0,0,"Email",0
63,53378.00,"PhD",0,0,"Email",0
63,53378.00,"PhD",0,0,"SMS",0
63,53378.00,"PhD",0,0,"Social Media",0
63,53378.00,"PhD",0,0,"Google Search Ads",0
63,53378.00,"PhD",0,0,"Display Ads",0
63,53378.00,"PhD",0,0,"Email",0
56,19656.00,"Graduation",0,0,"Email",0
56,19656.00,"Graduation",0,0,"SMS",0
56,19656.00,"Graduation",0,0,"Social Media",0
56,19656.00,"Graduation",0,0,"Google Search Ads",0
56,19656.00,"Graduation",0,0,"Display Ads",0
56,19656.00,"Graduation",0,0,"Email",0
78,45579.00,"PhD",0,0,"Email",0
78,45579.00,"PhD",0,0,"SMS",0
78,45579.00,"PhD",0,0,"Social Media",0
78,45579.00,"PhD",0,0,"Google Search Ads",0
78,45579.00,"PhD",0,0,"Display Ads",0
78,45579.00,"PhD",0,0,"Email",0
68,85485.00,"2n Cycle",0,0,"Email",0
68,85485.00,"2n Cycle",0,0,"SMS",0
68,85485.00,"2n Cycle",0,0,"Social Media",0
68,85485.00,"2n Cycle",0,0,"Google Search Ads",0
68,85485.00,"2n Cycle",0,0,"Display Ads",0
68,85485.00,"2n Cycle",0,0,"Email",0
82,55956.00,"Graduation",0,0,"Email",0
82,55956.00,"Graduation",0,0,"SMS",0
82,55956.00,"Graduation",0,0,"Social Media",0
82,55956.00,"Graduation",0,0,"Google Search Ads",0
82,55956.00,"Graduation",0,0,"Display Ads",0
82,55956.00,"Graduation",0,0,"Email",0
63,64191.00,"Master",0,0,"Email",0
63,64191.00,"Master",0,0,"SMS",0
63,64191.00,"Master",0,0,"Social Media",0
63,64191.00,"Master",0,0,"Google Search Ads",0
63,64191.00,"Master",0,0,"Display Ads",0
63,64191.00,"Master",0,0,"Email",0
54,38808.00,"Graduation",0,0,"Email",0
54,38808.00,"Graduation",0,0,"SMS",0
54,38808.00,"Graduation",0,0,"Social Media",0
54,38808.00,"Graduation",0,0,"Google Search Ads",0
54,38808.00,"Graduation",0,0,"Display Ads",0
54,38808.00,"Graduation",0,0,"Email",0
60,57183.00,"Master",0,0,"Email",0
60,57183.00,"Master",0,0,"SMS",0
60,57183.00,"Master",0,0,"Social Media",0
60,57183.00,"Master",0,0,"Google Search Ads",0
60,57183.00,"Master",0,0,"Display Ads",0
60,57183.00,"Master",0,0,"Email",0
58,23748.00,"Master",0,0,"Email",0
58,23748.00,"Master",0,0,"SMS",0
58,23748.00,"Master",0,0,"Social Media",0
58,23748.00,"Master",0,0,"Google Search Ads",0
58,23748.00,"Master",0,0,"Display Ads",0
58,23748.00,"Master",0,0,"Email",0
55,66303.00,"Graduation",0,0,"Email",0
55,66303.00,"Graduation",0,0,"SMS",0
55,66303.00,"Graduation",0,0,"Social Media",0
55,66303.00,"Graduation",0,0,"Google Search Ads",0
55,66303.00,"Graduation",0,0,"Display Ads",0
55,66303.00,"Graduation",0,0,"Email",0
51,37368.00,"Master",0,0,"Email",0
51,37368.00,"Master",0,0,"SMS",0
51,37368.00,"Master",0,0,"Social Media",0
51,37368.00,"Master",0,0,"Google Search Ads",0
51,37368.00,"Master",0,0,"Display Ads",0
51,37368.00,"Master",0,0,"Email",0
62,40800.00,"Graduation",0,0,"Email",0
62,40800.00,"Graduation",0,0,"SMS",0
62,40800.00,"Graduation",0,0,"Social Media",0
62,40800.00,"Graduation",0,0,"Google Search Ads",0
62,40800.00,"Graduation",0,0,"Display Ads",0
62,40800.00,"Graduation",0,0,"Email",0
48,71847.00,"Graduation",0,0,"Email",0
48,71847.00,"Graduation",0,0,"SMS",0
48,71847.00,"Graduation",0,0,"Social Media",0
48,71847.00,"Graduation",0,0,"Google Search Ads",0
48,71847.00,"Graduation",0,0,"Display Ads",0
48,71847.00,"Graduation",0,0,"Email",0
51,46149.00,"Graduation",0,0,"Email",0
51,46149.00,"Graduation",0,0,"SMS",0
51,46149.00,"Graduation",0,0,"Social Media",0
51,46149.00,"Graduation",0,0,"Google Search Ads",0
51,46149.00,"Graduation",0,0,"Display Ads",0
51,46149.00,"Graduation",0,0,"Email",0
43,78687.00,"Graduation",0,0,"Email",0
43,78687.00,"Graduation",0,0,"SMS",0
43,78687.00,"Graduation",0,0,"Social Media",0
43,78687.00,"Graduation",0,0,"Google Search Ads",0
43,78687.00,"Graduation",0,0,"Display Ads",0
43,78687.00,"Graduation",0,0,"Email",0
55,49118.00,"2n Cycle",0,0,"Email",0
55,49118.00,"2n Cycle",0,0,"SMS",0
55,49118.00,"2n Cycle",0,0,"Social Media",0
55,49118.00,"2n Cycle",0,0,"Google Search Ads",0
55,49118.00,"2n Cycle",0,0,"Display Ads",0
55,49118.00,"2n Cycle",0,0,"Email",0
69,37633.00,"PhD",0,0,"Email",0
69,37633.00,"PhD",0,0,"SMS",0
69,37633.00,"PhD",0,0,"Social Media",0
69,37633.00,"PhD",0,0,"Google Search Ads",0
69,37633.00,"PhD",0,0,"Display Ads",0
69,37633.00,"PhD",0,0,"Email",0
75,39767.00,"Master",0,0,"Email",0
75,39767.00,"Master",0,0,"SMS",0
75,39767.00,"Master",0,0,"Social Media",0
75,39767.00,"Master",0,0,"Google Search Ads",0
75,39767.00,"Master",0,0,"Display Ads",0
75,39767.00,"Master",0,0,"Email",0
75,26997.00,"Basic",0,0,"Email",0
75,26997.00,"Basic",0,0,"SMS",0
75,26997.00,"Basic",0,0,"Social Media",0
75,26997.00,"Basic",0,0,"Google Search Ads",0
75,26997.00,"Basic",0,0,"Display Ads",0
75,26997.00,"Basic",0,0,"Email",0
56,33986.00,"Graduation",0,0,"Email",0
56,33986.00,"Graduation",0,0,"SMS",0
56,33986.00,"Graduation",0,0,"Social Media",0
56,33986.00,"Graduation",0,0,"Google Search Ads",0
56,33986.00,"Graduation",0,0,"Display Ads",0
56,33986.00,"Graduation",0,0,"Email",0
54,57091.00,"PhD",0,0,"Email",0
54,57091.00,"PhD",0,0,"SMS",0
54,57091.00,"PhD",0,0,"Social Media",0
54,57091.00,"PhD",0,0,"Google Search Ads",0
54,57091.00,"PhD",0,0,"Display Ads",0
54,57091.00,"PhD",0,0,"Email",0
57,46831.00,"2n Cycle",0,0,"Email",0
57,46831.00,"2n Cycle",0,0,"SMS",0
57,46831.00,"2n Cycle",0,0,"Social Media",0
57,46831.00,"2n Cycle",0,0,"Google Search Ads",0
57,46831.00,"2n Cycle",0,0,"Display Ads",0
57,46831.00,"2n Cycle",0,0,"Email",0
54,83151.00,"Master",0,0,"Email",0
54,83151.00,"Master",0,0,"SMS",0
54,83151.00,"Master",0,0,"Social Media",0
54,83151.00,"Master",0,0,"Google Search Ads",0
54,83151.00,"Master",0,0,"Display Ads",0
54,83151.00,"Master",0,0,"Email",0
55,52531.00,"Graduation",0,0,"Email",0
55,52531.00,"Graduation",0,0,"SMS",0
55,52531.00,"Graduation",0,0,"Social Media",0
55,52531.00,"Graduation",0,0,"Google Search Ads",0
55,52531.00,"Graduation",0,0,"Display Ads",0
55,52531.00,"Graduation",0,0,"Email",0
70,15759.00,"Graduation",0,0,"Email",0
70,15759.00,"Graduation",0,0,"SMS",0
70,15759.00,"Graduation",0,0,"Social Media",0
70,15759.00,"Graduation",0,0,"Google Search Ads",0
70,15759.00,"Graduation",0,0,"Display Ads",0
70,15759.00,"Graduation",0,0,"Email",0
55,22804.00,"Graduation",0,0,"Email",0
55,22804.00,"Graduation",0,0,"SMS",0
55,22804.00,"Graduation",0,0,"Social Media",0
55,22804.00,"Graduation",0,0,"Google Search Ads",0
55,22804.00,"Graduation",0,0,"Display Ads",0
55,22804.00,"Graduation",0,0,"Email",0
53,43050.00,"2n Cycle",0,0,"Email",0
53,43050.00,"2n Cycle",0,0,"SMS",0
53,43050.00,"2n Cycle",0,0,"Social Media",0
53,43050.00,"2n Cycle",0,0,"Google Search Ads",0
53,43050.00,"2n Cycle",0,0,"Display Ads",0
53,43050.00,"2n Cycle",0,0,"Email",0
49,42997.00,"PhD",0,0,"Email",0
49,42997.00,"PhD",0,0,"SMS",0
49,42997.00,"PhD",0,0,"Social Media",0
49,42997.00,"PhD",0,0,"Google Search Ads",0
49,42997.00,"PhD",0,0,"Display Ads",0
49,42997.00,"PhD",0,0,"Email",0
63,48918.00,"PhD",0,0,"Email",0
63,48918.00,"PhD",0,0,"SMS",0
63,48918.00,"PhD",0,0,"Social Media",0
63,48918.00,"PhD",0,0,"Google Search Ads",0
63,48918.00,"PhD",0,0,"Display Ads",0
63,48918.00,"PhD",0,0,"Email",0
72,60033.00,"Master",0,0,"Email",0
72,60033.00,"Master",0,0,"SMS",0
72,60033.00,"Master",0,0,"Social Media",0
72,60033.00,"Master",0,0,"Google Search Ads",0
72,60033.00,"Master",0,0,"Display Ads",0
72,60033.00,"Master",0,0,"Email",0
48,34043.00,"PhD",0,0,"Email",0
48,34043.00,"PhD",0,0,"SMS",0
48,34043.00,"PhD",0,0,"Social Media",0
48,34043.00,"PhD",0,0,"Google Search Ads",0
48,34043.00,"PhD",0,0,"Display Ads",0
48,34043.00,"PhD",0,0,"Email",0
60,57811.00,"Graduation",0,0,"Email",0
60,57811.00,"Graduation",0,0,"SMS",0
60,57811.00,"Graduation",0,0,"Social Media",0
60,57811.00,"Graduation",0,0,"Google Search Ads",0
60,57811.00,"Graduation",0,0,"Display Ads",0
60,57811.00,"Graduation",0,0,"Email",0
80,78569.00,"Graduation",0,0,"Email",0
80,78569.00,"Graduation",0,0,"SMS",0
80,78569.00,"Graduation",0,0,"Social Media",0
80,78569.00,"Graduation",0,0,"Google Search Ads",0
80,78569.00,"Graduation",0,0,"Display Ads",0
80,78569.00,"Graduation",0,0,"Email",0
48,7500.00,"Graduation",0,0,"Email",0
48,7500.00,"Graduation",0,0,"SMS",0
48,7500.00,"Graduation",0,0,"Social Media",0
48,7500.00,"Graduation",0,0,"Google Search Ads",0
48,7500.00,"Graduation",0,0,"Display Ads",0
48,7500.00,"Graduation",0,0,"Email",0
55,157733.00,"Master",0,0,"Email",0
55,157733.00,"Master",0,0,"SMS",0
55,157733.00,"Master",0,0,"Social Media",0
55,157733.00,"Master",0,0,"Google Search Ads",0
55,157733.00,"Master",0,0,"Display Ads",0
55,157733.00,"Master",0,0,"Email",0
73,94384.00,"Graduation",0,0,"Email",0
73,94384.00,"Graduation",0,0,"SMS",0
73,94384.00,"Graduation",0,0,"Social Media",0
73,94384.00,"Graduation",0,0,"Google Search Ads",0
73,94384.00,"Graduation",0,0,"Display Ads",0
73,94384.00,"Graduation",0,0,"Email",0
41,23148.00,"2n Cycle",0,0,"Email",0
41,23148.00,"2n Cycle",0,0,"SMS",0
41,23148.00,"2n Cycle",0,0,"Social Media",0
41,23148.00,"2n Cycle",0,0,"Google Search Ads",0
41,23148.00,"2n Cycle",0,0,"Display Ads",0
41,23148.00,"2n Cycle",0,0,"Email",0
56,44267.00,"Graduation",0,0,"Email",0
56,44267.00,"Graduation",0,0,"SMS",0
56,44267.00,"Graduation",0,0,"Social Media",0
56,44267.00,"Graduation",0,0,"Google Search Ads",0
56,44267.00,"Graduation",0,0,"Display Ads",0
56,44267.00,"Graduation",0,0,"Email",0
47,71626.00,"Graduation",0,0,"Email",0
47,71626.00,"Graduation",0,0,"SMS",0
47,71626.00,"Graduation",0,0,"Social Media",0
47,71626.00,"Graduation",0,0,"Google Search Ads",0
47,71626.00,"Graduation",0,0,"Display Ads",0
47,71626.00,"Graduation",0,0,"Email",0
60,60894.00,"Graduation",0,0,"Email",0
60,60894.00,"Graduation",0,0,"SMS",0
60,60894.00,"Graduation",0,0,"Social Media",0
60,60894.00,"Graduation",0,0,"Google Search Ads",0
60,60894.00,"Graduation",0,0,"Display Ads",0
60,60894.00,"Graduation",0,0,"Email",0
50,50200.00,"Graduation",0,0,"Email",0
50,50200.00,"Graduation",0,0,"SMS",0
50,50200.00,"Graduation",0,0,"Social Media",0
50,50200.00,"Graduation",0,0,"Google Search Ads",0
50,50200.00,"Graduation",0,0,"Display Ads",0
50,50200.00,"Graduation",0,0,"Email",0
61,81051.00,"PhD",0,0,"Email",0
61,81051.00,"PhD",0,0,"SMS",0
61,81051.00,"PhD",0,0,"Social Media",0
61,81051.00,"PhD",0,0,"Google Search Ads",0
61,81051.00,"PhD",0,0,"Display Ads",0
61,81051.00,"PhD",0,0,"Email",0
44,65169.00,"Graduation",0,0,"Email",0
44,65169.00,"Graduation",0,0,"SMS",0
44,65169.00,"Graduation",0,0,"Social Media",0
44,65169.00,"Graduation",0,0,"Google Search Ads",0
44,65169.00,"Graduation",0,0,"Display Ads",0
44,65169.00,"Graduation",0,0,"Email",0
54,59868.00,"Graduation",0,0,"Email",0
54,59868.00,"Graduation",0,0,"SMS",0
54,59868.00,"Graduation",0,0,"Social Media",0
54,59868.00,"Graduation",0,0,"Google Search Ads",0
54,59868.00,"Graduation",0,0,"Display Ads",0
54,59868.00,"Graduation",0,0,"Email",0
66,65695.00,"PhD",0,0,"Email",0
66,65695.00,"PhD",0,0,"SMS",0
66,65695.00,"PhD",0,0,"Social Media",0
66,65695.00,"PhD",0,0,"Google Search Ads",0
66,65695.00,"PhD",0,0,"Display Ads",0
66,65695.00,"PhD",0,0,"Email",0
70,64857.00,"Master",0,0,"Email",0
70,64857.00,"Master",0,0,"SMS",0
70,64857.00,"Master",0,0,"Social Media",0
70,64857.00,"Master",0,0,"Google Search Ads",0
70,64857.00,"Master",0,0,"Display Ads",0
70,64857.00,"Master",0,0,"Email",0
61,45143.00,"Master",0,0,"Email",0
61,45143.00,"Master",0,0,"SMS",0
61,45143.00,"Master",0,0,"Social Media",0
61,45143.00,"Master",0,0,"Google Search Ads",0
61,45143.00,"Master",0,0,"Display Ads",0
61,45143.00,"Master",0,0,"Email",0
71,74805.00,"2n Cycle",0,0,"Email",0
71,74805.00,"2n Cycle",0,0,"SMS",0
71,74805.00,"2n Cycle",0,0,"Social Media",0
71,74805.00,"2n Cycle",0,0,"Google Search Ads",0
71,74805.00,"2n Cycle",0,0,"Display Ads",0
71,74805.00,"2n Cycle",0,0,"Email",0
37,59060.00,"2n Cycle",0,0,"Email",0
37,59060.00,"2n Cycle",0,0,"SMS",0
37,59060.00,"2n Cycle",0,0,"Social Media",0
37,59060.00,"2n Cycle",0,0,"Google Search Ads",0
37,59060.00,"2n Cycle",0,0,"Display Ads",0
37,59060.00,"2n Cycle",0,0,"Email",0
64,27238.00,"PhD",0,0,"Email",0
64,27238.00,"PhD",0,0,"SMS",0
64,27238.00,"PhD",0,0,"Social Media",0
64,27238.00,"PhD",0,0,"Google Search Ads",0
64,27238.00,"PhD",0,0,"Display Ads",0
64,27238.00,"PhD",0,0,"Email",0
61,47009.00,"Graduation",0,0,"Email",0
61,47009.00,"Graduation",0,0,"SMS",0
61,47009.00,"Graduation",0,0,"Social Media",0
61,47009.00,"Graduation",0,0,"Google Search Ads",0
61,47009.00,"Graduation",0,0,"Display Ads",0
61,47009.00,"Graduation",0,0,"Email",0
53,46094.00,"2n Cycle",0,0,"Email",0
53,46094.00,"2n Cycle",0,0,"SMS",0
53,46094.00,"2n Cycle",0,0,"Social Media",0
53,46094.00,"2n Cycle",0,0,"Google Search Ads",0
53,46094.00,"2n Cycle",0,0,"Display Ads",0
53,46094.00,"2n Cycle",0,0,"Email",0
54,40321.00,"Graduation",0,0,"Email",0
54,40321.00,"Graduation",0,0,"SMS",0
54,40321.00,"Graduation",0,0,"Social Media",0
54,40321.00,"Graduation",0,0,"Google Search Ads",0
54,40321.00,"Graduation",0,0,"Display Ads",0
54,40321.00,"Graduation",0,0,"Email",0
42,37235.00,"Graduation",0,0,"Email",0
42,37235.00,"Graduation",0,0,"SMS",0
42,37235.00,"Graduation",0,0,"Social Media",0
42,37235.00,"Graduation",0,0,"Google Search Ads",0
42,37235.00,"Graduation",0,0,"Display Ads",0
42,37235.00,"Graduation",0,0,"Email",0
66,81843.00,"Master",0,0,"Email",0
66,81843.00,"Master",0,0,"SMS",0
66,81843.00,"Master",0,0,"Social Media",0
66,81843.00,"Master",0,0,"Google Search Ads",0
66,81843.00,"Master",0,0,"Display Ads",0
66,81843.00,"Master",0,0,"Email",0
68,46692.00,"Master",0,0,"Email",0
68,46692.00,"Master",0,0,"SMS",0
68,46692.00,"Master",0,0,"Social Media",0
68,46692.00,"Master",0,0,"Google Search Ads",0
68,46692.00,"Master",0,0,"Display Ads",0
68,46692.00,"Master",0,0,"Email",0
58,77382.00,"Graduation",0,0,"Email",0
58,77382.00,"Graduation",0,0,"SMS",0
58,77382.00,"Graduation",0,0,"Social Media",0
58,77382.00,"Graduation",0,0,"Google Search Ads",0
58,77382.00,"Graduation",0,0,"Display Ads",0
58,77382.00,"Graduation",0,0,"Email",0
49,37774.00,"Graduation",0,0,"Email",0
49,37774.00,"Graduation",0,0,"SMS",0
49,37774.00,"Graduation",0,0,"Social Media",0
49,37774.00,"Graduation",0,0,"Google Search Ads",0
49,37774.00,"Graduation",0,0,"Display Ads",0
49,37774.00,"Graduation",0,0,"Email",0
52,18393.00,"Basic",0,0,"Email",0
52,18393.00,"Basic",0,0,"SMS",0
52,18393.00,"Basic",0,0,"Social Media",0
52,18393.00,"Basic",0,0,"Google Search Ads",0
52,18393.00,"Basic",0,0,"Display Ads",0
52,18393.00,"Basic",0,0,"Email",0
64,72828.00,"Master",0,0,"Email",0
64,72828.00,"Master",0,0,"SMS",0
64,72828.00,"Master",0,0,"Social Media",0
64,72828.00,"Master",0,0,"Google Search Ads",0
64,72828.00,"Master",0,0,"Display Ads",0
64,72828.00,"Master",0,0,"Email",0
44,24711.00,"Graduation",0,0,"Email",0
44,24711.00,"Graduation",0,0,"SMS",0
44,24711.00,"Graduation",0,0,"Social Media",0
44,24711.00,"Graduation",0,0,"Google Search Ads",0
44,24711.00,"Graduation",0,0,"Display Ads",0
44,24711.00,"Graduation",0,0,"Email",0
51,45503.00,"PhD",0,0,"Email",0
51,45503.00,"PhD",0,0,"SMS",0
51,45503.00,"PhD",0,0,"Social Media",0
51,45503.00,"PhD",0,0,"Google Search Ads",0
51,45503.00,"PhD",0,0,"Display Ads",0
51,45503.00,"PhD",0,0,"Email",0
44,6560.00,"Master",0,0,"Email",0
44,6560.00,"Master",0,0,"SMS",0
44,6560.00,"Master",0,0,"Social Media",0
44,6560.00,"Master",0,0,"Google Search Ads",0
44,6560.00,"Master",0,0,"Display Ads",0
44,6560.00,"Master",0,0,"Email",0
81,71604.00,"PhD",0,0,"Email",0
81,71604.00,"PhD",0,0,"SMS",0
81,71604.00,"PhD",0,0,"Social Media",0
81,71604.00,"PhD",0,0,"Google Search Ads",0
81,71604.00,"PhD",0,0,"Display Ads",0
81,71604.00,"PhD",0,0,"Email",0
47,27244.00,"Graduation",0,0,"Email",0
47,27244.00,"Graduation",0,0,"SMS",0
47,27244.00,"Graduation",0,0,"Social Media",0
47,27244.00,"Graduation",0,0,"Google Search Ads",0
47,27244.00,"Graduation",0,0,"Display Ads",0
47,27244.00,"Graduation",0,0,"Email",0
57,48752.00,"Graduation",0,0,"Email",0
57,48752.00,"Graduation",0,0,"SMS",0
57,48752.00,"Graduation",0,0,"Social Media",0
57,48752.00,"Graduation",0,0,"Google Search Ads",0
57,48752.00,"Graduation",0,0,"Display Ads",0
57,48752.00,"Graduation",0,0,"Email",0
64,71434.00,"Graduation",0,0,"Email",0
64,71434.00,"Graduation",0,0,"SMS",0
64,71434.00,"Graduation",0,0,"Social Media",0
64,71434.00,"Graduation",0,0,"Google Search Ads",0
64,71434.00,"Graduation",0,0,"Display Ads",0
64,71434.00,"Graduation",0,0,"Email",0
78,90842.00,"Graduation",0,0,"Email",0
78,90842.00,"Graduation",0,0,"SMS",0
78,90842.00,"Graduation",0,0,"Social Media",0
78,90842.00,"Graduation",0,0,"Google Search Ads",0
78,90842.00,"Graduation",0,0,"Display Ads",0
78,90842.00,"Graduation",0,0,"Email",0
48,88097.00,"Master",0,0,"Email",0
48,88097.00,"Master",0,0,"SMS",0
48,88097.00,"Master",0,0,"Social Media",0
48,88097.00,"Master",0,0,"Google Search Ads",0
48,88097.00,"Master",0,0,"Display Ads",0
48,88097.00,"Master",0,0,"Email",0
51,51948.00,"Graduation",0,0,"Email",0
51,51948.00,"Graduation",0,0,"SMS",0
51,51948.00,"Graduation",0,0,"Social Media",0
51,51948.00,"Graduation",0,0,"Google Search Ads",0
51,51948.00,"Graduation",0,0,"Display Ads",0
51,51948.00,"Graduation",0,0,"Email",0
44,71853.00,"Graduation",0,0,"Email",0
44,71853.00,"Graduation",0,0,"SMS",0
44,71853.00,"Graduation",0,0,"Social Media",0
44,71853.00,"Graduation",0,0,"Google Search Ads",0
44,71853.00,"Graduation",0,0,"Display Ads",0
44,71853.00,"Graduation",0,0,"Email",0
43,35876.00,"Master",0,0,"Email",0
43,35876.00,"Master",0,0,"SMS",0
43,35876.00,"Master",0,0,"Social Media",0
43,35876.00,"Master",0,0,"Google Search Ads",0
43,35876.00,"Master",0,0,"Display Ads",0
43,35876.00,"Master",0,0,"Email",0
74,40049.00,"Graduation",0,0,"Email",0
74,40049.00,"Graduation",0,0,"SMS",0
74,40049.00,"Graduation",0,0,"Social Media",0
74,40049.00,"Graduation",0,0,"Google Search Ads",0
74,40049.00,"Graduation",0,0,"Display Ads",0
74,40049.00,"Graduation",0,0,"Email",0
44,39660.00,"Graduation",0,0,"Email",0
44,39660.00,"Graduation",0,0,"SMS",0
44,39660.00,"Graduation",0,0,"Social Media",0
44,39660.00,"Graduation",0,0,"Google Search Ads",0
44,39660.00,"Graduation",0,0,"Display Ads",0
44,39660.00,"Graduation",0,0,"Email",0
64,50127.00,"Graduation",0,0,"Email",0
64,50127.00,"Graduation",0,0,"SMS",0
64,50127.00,"Graduation",0,0,"Social Media",0
64,50127.00,"Graduation",0,0,"Google Search Ads",0
64,50127.00,"Graduation",0,0,"Display Ads",0
64,50127.00,"Graduation",0,0,"Email",0
49,43263.00,"Master",0,0,"Email",0
49,43263.00,"Master",0,0,"SMS",0
49,43263.00,"Master",0,0,"Social Media",0
49,43263.00,"Master",0,0,"Google Search Ads",0
49,43263.00,"Master",0,0,"Display Ads",0
49,43263.00,"Master",0,0,"Email",0
77,62845.00,"Master",0,0,"Email",0
77,62845.00,"Master",0,0,"SMS",0
77,62845.00,"Master",0,0,"Social Media",0
77,62845.00,"Master",0,0,"Google Search Ads",0
77,62845.00,"Master",0,0,"Display Ads",0
77,62845.00,"Master",0,0,"Email",0
36,18929.00,"Graduation",0,0,"Email",0
36,18929.00,"Graduation",0,0,"SMS",0
36,18929.00,"Graduation",0,0,"Social Media",0
36,18929.00,"Graduation",0,0,"Google Search Ads",0
36,18929.00,"Graduation",0,0,"Display Ads",0
36,18929.00,"Graduation",0,0,"Email",0
44,24367.00,"Basic",0,0,"Email",0
44,24367.00,"Basic",0,0,"SMS",0
44,24367.00,"Basic",0,0,"Social Media",0
44,24367.00,"Basic",0,0,"Google Search Ads",0
44,24367.00,"Basic",0,0,"Display Ads",0
44,24367.00,"Basic",0,0,"Email",0
51,33249.00,"Graduation",0,0,"Email",0
51,33249.00,"Graduation",0,0,"SMS",0
51,33249.00,"Graduation",0,0,"Social Media",0
51,33249.00,"Graduation",0,0,"Google Search Ads",0
51,33249.00,"Graduation",0,0,"Display Ads",0
51,33249.00,"Graduation",0,0,"Email",0
67,26887.00,"2n Cycle",0,0,"Email",0
67,26887.00,"2n Cycle",0,0,"SMS",0
67,26887.00,"2n Cycle",0,0,"Social Media",0
67,26887.00,"2n Cycle",0,0,"Google Search Ads",0
67,26887.00,"2n Cycle",0,0,"Display Ads",0
67,26887.00,"2n Cycle",0,0,"Email",0
43,50150.00,"PhD",0,0,"Email",0
43,50150.00,"PhD",0,0,"SMS",0
43,50150.00,"PhD",0,0,"Social Media",0
43,50150.00,"PhD",0,0,"Google Search Ads",0
43,50150.00,"PhD",0,0,"Display Ads",0
43,50150.00,"PhD",0,0,"Email",0
50,62061.00,"Graduation",0,0,"Email",0
50,62061.00,"Graduation",0,0,"SMS",0
50,62061.00,"Graduation",0,0,"Social Media",0
50,62061.00,"Graduation",0,0,"Google Search Ads",0
50,62061.00,"Graduation",0,0,"Display Ads",0
50,62061.00,"Graduation",0,0,"Email",0
64,85696.00,"PhD",0,0,"Email",0
64,85696.00,"PhD",0,0,"SMS",0
64,85696.00,"PhD",0,0,"Social Media",0
64,85696.00,"PhD",0,0,"Google Search Ads",0
64,85696.00,"PhD",0,0,"Display Ads",0
64,85696.00,"PhD",0,0,"Email",0
70,76542.00,"PhD",0,0,"Email",0
70,76542.00,"PhD",0,0,"SMS",0
70,76542.00,"PhD",0,0,"Social Media",0
70,76542.00,"PhD",0,0,"Google Search Ads",0
70,76542.00,"PhD",0,0,"Display Ads",0
70,76542.00,"PhD",0,0,"Email",0
33,70515.00,"Graduation",0,0,"Email",0
33,70515.00,"Graduation",0,0,"SMS",0
33,70515.00,"Graduation",0,0,"Social Media",0
33,70515.00,"Graduation",0,0,"Google Search Ads",0
33,70515.00,"Graduation",0,0,"Display Ads",0
33,70515.00,"Graduation",0,0,"Email",0
39,18227.00,"Graduation",0,0,"Email",0
39,18227.00,"Graduation",0,0,"SMS",0
39,18227.00,"Graduation",0,0,"Social Media",0
39,18227.00,"Graduation",0,0,"Google Search Ads",0
39,18227.00,"Graduation",0,0,"Display Ads",0
39,18227.00,"Graduation",0,0,"Email",0
61,69139.00,"Graduation",0,0,"Email",0
61,69139.00,"Graduation",0,0,"SMS",0
61,69139.00,"Graduation",0,0,"Social Media",0
61,69139.00,"Graduation",0,0,"Google Search Ads",0
61,69139.00,"Graduation",0,0,"Display Ads",0
61,69139.00,"Graduation",0,0,"Email",0
44,69109.00,"Graduation",0,0,"Email",0
44,69109.00,"Graduation",0,0,"SMS",0
44,69109.00,"Graduation",0,0,"Social Media",0
44,69109.00,"Graduation",0,0,"Google Search Ads",0
44,69109.00,"Graduation",0,0,"Display Ads",0
44,69109.00,"Graduation",0,0,"Email",0
64,69627.00,"Graduation",0,0,"Email",0
64,69627.00,"Graduation",0,0,"SMS",0
64,69627.00,"Graduation",0,0,"Social Media",0
64,69627.00,"Graduation",0,0,"Google Search Ads",0
64,69627.00,"Graduation",0,0,"Display Ads",0
64,69627.00,"Graduation",0,0,"Email",0
48,38136.00,"Graduation",0,0,"Email",0
48,38136.00,"Graduation",0,0,"SMS",0
48,38136.00,"Graduation",0,0,"Social Media",0
48,38136.00,"Graduation",0,0,"Google Search Ads",0
48,38136.00,"Graduation",0,0,"Display Ads",0
48,38136.00,"Graduation",0,0,"Email",0
80,62159.00,"PhD",0,0,"Email",0
80,62159.00,"PhD",0,0,"SMS",0
80,62159.00,"PhD",0,0,"Social Media",0
80,62159.00,"PhD",0,0,"Google Search Ads",0
80,62159.00,"PhD",0,0,"Display Ads",0
80,62159.00,"PhD",0,0,"Email",0
63,80695.00,"Graduation",0,0,"Email",0
63,80695.00,"Graduation",0,0,"SMS",0
63,80695.00,"Graduation",0,0,"Social Media",0
63,80695.00,"Graduation",0,0,"Google Search Ads",0
63,80695.00,"Graduation",0,0,"Display Ads",0
63,80695.00,"Graduation",0,0,"Email",0
55,33316.00,"Master",0,0,"Email",0
55,33316.00,"Master",0,0,"SMS",0
55,33316.00,"Master",0,0,"Social Media",0
55,33316.00,"Master",0,0,"Google Search Ads",0
55,33316.00,"Master",0,0,"Display Ads",0
55,33316.00,"Master",0,0,"Email",0
58,58554.00,"Graduation",0,0,"Email",0
58,58554.00,"Graduation",0,0,"SMS",0
58,58554.00,"Graduation",0,0,"Social Media",0
58,58554.00,"Graduation",0,0,"Google Search Ads",0
58,58554.00,"Graduation",0,0,"Display Ads",0
58,58554.00,"Graduation",0,0,"Email",0
34,17256.00,"Basic",0,0,"Email",0
34,17256.00,"Basic",0,0,"SMS",0
34,17256.00,"Basic",0,0,"Social Media",0
34,17256.00,"Basic",0,0,"Google Search Ads",0
34,17256.00,"Basic",0,0,"Display Ads",0
34,17256.00,"Basic",0,0,"Email",0
52,53034.00,"Graduation",0,0,"Email",0
52,53034.00,"Graduation",0,0,"SMS",0
52,53034.00,"Graduation",0,0,"Social Media",0
52,53034.00,"Graduation",0,0,"Google Search Ads",0
52,53034.00,"Graduation",0,0,"Display Ads",0
52,53034.00,"Graduation",0,0,"Email",0
76,52203.00,"2n Cycle",0,0,"Email",0
76,52203.00,"2n Cycle",0,0,"SMS",0
76,52203.00,"2n Cycle",0,0,"Social Media",0
76,52203.00,"2n Cycle",0,0,"Google Search Ads",0
76,52203.00,"2n Cycle",0,0,"Display Ads",0
76,52203.00,"2n Cycle",0,0,"Email",0
49,59601.00,"2n Cycle",0,0,"Email",0
49,59601.00,"2n Cycle",0,0,"SMS",0
49,59601.00,"2n Cycle",0,0,"Social Media",0
49,59601.00,"2n Cycle",0,0,"Google Search Ads",0
49,59601.00,"2n Cycle",0,0,"Display Ads",0
49,59601.00,"2n Cycle",0,0,"Email",0
68,75154.00,"Master",0,0,"Email",0
68,75154.00,"Master",0,0,"SMS",0
68,75154.00,"Master",0,0,"Social Media",0
68,75154.00,"Master",0,0,"Google Search Ads",0
68,75154.00,"Master",0,0,"Display Ads",0
68,75154.00,"Master",0,0,"Email",0
50,47025.00,"Graduation",0,0,"Email",0
50,47025.00,"Graduation",0,0,"SMS",0
50,47025.00,"Graduation",0,0,"Social Media",0
50,47025.00,"Graduation",0,0,"Google Search Ads",0
50,47025.00,"Graduation",0,0,"Display Ads",0
50,47025.00,"Graduation",0,0,"Email",0
53,37971.00,"Graduation",0,0,"Email",0
53,37971.00,"Graduation",0,0,"SMS",0
53,37971.00,"Graduation",0,0,"Social Media",0
53,37971.00,"Graduation",0,0,"Google Search Ads",0
53,37971.00,"Graduation",0,0,"Display Ads",0
53,37971.00,"Graduation",0,0,"Email",0
58,41335.00,"Master",0,0,"Email",0
58,41335.00,"Master",0,0,"SMS",0
58,41335.00,"Master",0,0,"Social Media",0
58,41335.00,"Master",0,0,"Google Search Ads",0
58,41335.00,"Master",0,0,"Display Ads",0
58,41335.00,"Master",0,0,"Email",0
68,67267.00,"Graduation",0,0,"Email",0
68,67267.00,"Graduation",0,0,"SMS",0
68,67267.00,"Graduation",0,0,"Social Media",0
68,67267.00,"Graduation",0,0,"Google Search Ads",0
68,67267.00,"Graduation",0,0,"Display Ads",0
68,67267.00,"Graduation",0,0,"Email",0
51,57338.00,"Graduation",0,0,"Email",0
51,57338.00,"Graduation",0,0,"SMS",0
51,57338.00,"Graduation",0,0,"Social Media",0
51,57338.00,"Graduation",0,0,"Google Search Ads",0
51,57338.00,"Graduation",0,0,"Display Ads",0
51,57338.00,"Graduation",0,0,"Email",0
66,50523.00,"2n Cycle",0,0,"Email",0
66,50523.00,"2n Cycle",0,0,"SMS",0
66,50523.00,"2n Cycle",0,0,"Social Media",0
66,50523.00,"2n Cycle",0,0,"Google Search Ads",0
66,50523.00,"2n Cycle",0,0,"Display Ads",0
66,50523.00,"2n Cycle",0,0,"Email",0
61,35791.00,"Master",0,0,"Email",0
61,35791.00,"Master",0,0,"SMS",0
61,35791.00,"Master",0,0,"Social Media",0
61,35791.00,"Master",0,0,"Google Search Ads",0
61,35791.00,"Master",0,0,"Display Ads",0
61,35791.00,"Master",0,0,"Email",0
66,50611.00,"PhD",0,0,"Email",0
66,50611.00,"PhD",0,0,"SMS",0
66,50611.00,"PhD",0,0,"Social Media",0
66,50611.00,"PhD",0,0,"Google Search Ads",0
66,50611.00,"PhD",0,0,"Display Ads",0
66,50611.00,"PhD",0,0,"Email",0
57,56242.00,"PhD",0,0,"Email",0
57,56242.00,"PhD",0,0,"SMS",0
57,56242.00,"PhD",0,0,"Social Media",0
57,56242.00,"PhD",0,0,"Google Search Ads",0
57,56242.00,"PhD",0,0,"Display Ads",0
57,56242.00,"PhD",0,0,"Email",0
66,48904.00,"Graduation",0,0,"Email",0
66,48904.00,"Graduation",0,0,"SMS",0
66,48904.00,"Graduation",0,0,"Social Media",0
66,48904.00,"Graduation",0,0,"Google Search Ads",0
66,48904.00,"Graduation",0,0,"Display Ads",0
66,48904.00,"Graduation",0,0,"Email",0
51,56243.00,"Graduation",0,0,"Email",0
51,56243.00,"Graduation",0,0,"SMS",0
51,56243.00,"Graduation",0,0,"Social Media",0
51,56243.00,"Graduation",0,0,"Google Search Ads",0
51,56243.00,"Graduation",0,0,"Display Ads",0
51,56243.00,"Graduation",0,0,"Email",0
41,21355.00,"Graduation",0,0,"Email",0
41,21355.00,"Graduation",0,0,"SMS",0
41,21355.00,"Graduation",0,0,"Social Media",0
41,21355.00,"Graduation",0,0,"Google Search Ads",0
41,21355.00,"Graduation",0,0,"Display Ads",0
41,21355.00,"Graduation",0,0,"Email",0
55,57420.00,"Master",0,0,"Email",0
55,57420.00,"Master",0,0,"SMS",0
55,57420.00,"Master",0,0,"Social Media",0
55,57420.00,"Master",0,0,"Google Search Ads",0
55,57420.00,"Master",0,0,"Display Ads",0
55,57420.00,"Master",0,0,"Email",0
56,0.00,"Master",0,0,"Email",0
56,0.00,"Master",0,0,"SMS",0
56,0.00,"Master",0,0,"Social Media",0
56,0.00,"Master",0,0,"Google Search Ads",0
56,0.00,"Master",0,0,"Display Ads",0
56,0.00,"Master",0,0,"Email",0
71,46390.00,"Master",0,0,"Email",0
71,46390.00,"Master",0,0,"SMS",0
71,46390.00,"Master",0,0,"Social Media",0
71,46390.00,"Master",0,0,"Google Search Ads",0
71,46390.00,"Master",0,0,"Display Ads",0
71,46390.00,"Master",0,0,"Email",0
70,54342.00,"2n Cycle",0,0,"Email",0
70,54342.00,"2n Cycle",0,0,"SMS",0
70,54342.00,"2n Cycle",0,0,"Social Media",0
70,54342.00,"2n Cycle",0,0,"Google Search Ads",0
70,54342.00,"2n Cycle",0,0,"Display Ads",0
70,54342.00,"2n Cycle",0,0,"Email",0
68,0.00,"Graduation",0,0,"Email",0
68,0.00,"Graduation",0,0,"SMS",0
68,0.00,"Graduation",0,0,"Social Media",0
68,0.00,"Graduation",0,0,"Google Search Ads",0
68,0.00,"Graduation",0,0,"Display Ads",0
68,0.00,"Graduation",0,0,"Email",0
62,0.00,"2n Cycle",0,0,"Email",0
62,0.00,"2n Cycle",0,0,"SMS",0
62,0.00,"2n Cycle",0,0,"Social Media",0
62,0.00,"2n Cycle",0,0,"Google Search Ads",0
62,0.00,"2n Cycle",0,0,"Display Ads",0
62,0.00,"2n Cycle",0,0,"Email",0
53,20895.00,"Graduation",0,0,"Email",0
53,20895.00,"Graduation",0,0,"SMS",0
53,20895.00,"Graduation",0,0,"Social Media",0
53,20895.00,"Graduation",0,0,"Google Search Ads",0
53,20895.00,"Graduation",0,0,"Display Ads",0
53,20895.00,"Graduation",0,0,"Email",0
78,92344.00,"Graduation",0,0,"Email",0
78,92344.00,"Graduation",0,0,"SMS",0
78,92344.00,"Graduation",0,0,"Social Media",0
78,92344.00,"Graduation",0,0,"Google Search Ads",0
78,92344.00,"Graduation",0,0,"Display Ads",0
78,92344.00,"Graduation",0,0,"Email",0
54,0.00,"PhD",0,0,"Email",0
54,0.00,"PhD",0,0,"SMS",0
54,0.00,"PhD",0,0,"Social Media",0
54,0.00,"PhD",0,0,"Google Search Ads",0
54,0.00,"PhD",0,0,"Display Ads",0
54,0.00,"PhD",0,0,"Email",0
50,26907.00,"2n Cycle",0,0,"Email",0
50,26907.00,"2n Cycle",0,0,"SMS",0
50,26907.00,"2n Cycle",0,0,"Social Media",0
50,26907.00,"2n Cycle",0,0,"Google Search Ads",0
50,26907.00,"2n Cycle",0,0,"Display Ads",0
50,26907.00,"2n Cycle",0,0,"Email",0
46,44964.00,"Graduation",0,0,"Email",0
46,44964.00,"Graduation",0,0,"SMS",0
46,44964.00,"Graduation",0,0,"Social Media",0
46,44964.00,"Graduation",0,0,"Google Search Ads",0
46,44964.00,"Graduation",0,0,"Display Ads",0
46,44964.00,"Graduation",0,0,"Email",0
47,75507.00,"Graduation",0,0,"Email",0
47,75507.00,"Graduation",0,0,"SMS",0
47,75507.00,"Graduation",0,0,"Social Media",0
47,75507.00,"Graduation",0,0,"Google Search Ads",0
47,75507.00,"Graduation",0,0,"Display Ads",0
47,75507.00,"Graduation",0,0,"Email",0
54,53761.00,"Master",0,0,"Email",0
54,53761.00,"Master",0,0,"SMS",0
54,53761.00,"Master",0,0,"Social Media",0
54,53761.00,"Master",0,0,"Google Search Ads",0
54,53761.00,"Master",0,0,"Display Ads",0
54,53761.00,"Master",0,0,"Email",0
53,22682.00,"Graduation",0,0,"Email",0
53,22682.00,"Graduation",0,0,"SMS",0
53,22682.00,"Graduation",0,0,"Social Media",0
53,22682.00,"Graduation",0,0,"Google Search Ads",0
53,22682.00,"Graduation",0,0,"Display Ads",0
53,22682.00,"Graduation",0,0,"Email",0
54,38887.00,"PhD",0,0,"Email",0
54,38887.00,"PhD",0,0,"SMS",0
54,38887.00,"PhD",0,0,"Social Media",0
54,38887.00,"PhD",0,0,"Google Search Ads",0
54,38887.00,"PhD",0,0,"Display Ads",0
54,38887.00,"PhD",0,0,"Email",0
51,41658.00,"2n Cycle",0,0,"Email",0
51,41658.00,"2n Cycle",0,0,"SMS",0
51,41658.00,"2n Cycle",0,0,"Social Media",0
51,41658.00,"2n Cycle",0,0,"Google Search Ads",0
51,41658.00,"2n Cycle",0,0,"Display Ads",0
51,41658.00,"2n Cycle",0,0,"Email",0
54,29791.00,"PhD",0,0,"Email",0
54,29791.00,"PhD",0,0,"SMS",0
54,29791.00,"PhD",0,0,"Social Media",0
54,29791.00,"PhD",0,0,"Google Search Ads",0
54,29791.00,"PhD",0,0,"Display Ads",0
54,29791.00,"PhD",0,0,"Email",0
70,63915.00,"Master",0,0,"Email",0
70,63915.00,"Master",0,0,"SMS",0
70,63915.00,"Master",0,0,"Social Media",0
70,63915.00,"Master",0,0,"Google Search Ads",0
70,63915.00,"Master",0,0,"Display Ads",0
70,63915.00,"Master",0,0,"Email",0
52,39996.00,"Graduation",0,0,"Email",0
52,39996.00,"Graduation",0,0,"SMS",0
52,39996.00,"Graduation",0,0,"Social Media",0
52,39996.00,"Graduation",0,0,"Google Search Ads",0
52,39996.00,"Graduation",0,0,"Display Ads",0
52,39996.00,"Graduation",0,0,"Email",0
54,26759.00,"Graduation",0,0,"Email",0
54,26759.00,"Graduation",0,0,"SMS",0
54,26759.00,"Graduation",0,0,"Social Media",0
54,26759.00,"Graduation",0,0,"Google Search Ads",0
54,26759.00,"Graduation",0,0,"Display Ads",0
54,26759.00,"Graduation",0,0,"Email",0
58,63841.00,"Master",0,0,"Email",0
58,63841.00,"Master",0,0,"SMS",0
58,63841.00,"Master",0,0,"Social Media",0
58,63841.00,"Master",0,0,"Google Search Ads",0
58,63841.00,"Master",0,0,"Display Ads",0
58,63841.00,"Master",0,0,"Email",0
57,51039.00,"PhD",0,0,"Email",0
57,51039.00,"PhD",0,0,"SMS",0
57,51039.00,"PhD",0,0,"Social Media",0
57,51039.00,"PhD",0,0,"Google Search Ads",0
57,51039.00,"PhD",0,0,"Display Ads",0
57,51039.00,"PhD",0,0,"Email",0
65,60544.00,"Graduation",0,0,"Email",0
65,60544.00,"Graduation",0,0,"SMS",0
65,60544.00,"Graduation",0,0,"Social Media",0
65,60544.00,"Graduation",0,0,"Google Search Ads",0
65,60544.00,"Graduation",0,0,"Display Ads",0
65,60544.00,"Graduation",0,0,"Email",0
54,65685.00,"Graduation",0,0,"Email",0
54,65685.00,"Graduation",0,0,"SMS",0
54,65685.00,"Graduation",0,0,"Social Media",0
54,65685.00,"Graduation",0,0,"Google Search Ads",0
54,65685.00,"Graduation",0,0,"Display Ads",0
54,65685.00,"Graduation",0,0,"Email",0
73,37716.00,"Graduation",0,0,"Email",0
73,37716.00,"Graduation",0,0,"SMS",0
73,37716.00,"Graduation",0,0,"Social Media",0
73,37716.00,"Graduation",0,0,"Google Search Ads",0
73,37716.00,"Graduation",0,0,"Display Ads",0
73,37716.00,"Graduation",0,0,"Email",0
69,36864.00,"Graduation",0,0,"Email",0
69,36864.00,"Graduation",0,0,"SMS",0
69,36864.00,"Graduation",0,0,"Social Media",0
69,36864.00,"Graduation",0,0,"Google Search Ads",0
69,36864.00,"Graduation",0,0,"Display Ads",0
69,36864.00,"Graduation",0,0,"Email",0
56,44511.00,"Master",0,0,"Email",0
56,44511.00,"Master",0,0,"SMS",0
56,44511.00,"Master",0,0,"Social Media",0
56,44511.00,"Master",0,0,"Google Search Ads",0
56,44511.00,"Master",0,0,"Display Ads",0
56,44511.00,"Master",0,0,"Email",0
59,36947.00,"PhD",0,0,"Email",0
59,36947.00,"PhD",0,0,"SMS",0
59,36947.00,"PhD",0,0,"Social Media",0
59,36947.00,"PhD",0,0,"Google Search Ads",0
59,36947.00,"PhD",0,0,"Display Ads",0
59,36947.00,"PhD",0,0,"Email",0
75,47352.00,"Master",0,0,"Email",0
75,47352.00,"Master",0,0,"SMS",0
75,47352.00,"Master",0,0,"Social Media",0
75,47352.00,"Master",0,0,"Google Search Ads",0
75,47352.00,"Master",0,0,"Display Ads",0
75,47352.00,"Master",0,0,"Email",0
73,67087.00,"Master",0,0,"Email",0
73,67087.00,"Master",0,0,"SMS",0
73,67087.00,"Master",0,0,"Social Media",0
73,67087.00,"Master",0,0,"Google Search Ads",0
73,67087.00,"Master",0,0,"Display Ads",0
73,67087.00,"Master",0,0,"Email",0
76,57045.00,"Graduation",0,0,"Email",0
76,57045.00,"Graduation",0,0,"SMS",0
76,57045.00,"Graduation",0,0,"Social Media",0
76,57045.00,"Graduation",0,0,"Google Search Ads",0
76,57045.00,"Graduation",0,0,"Display Ads",0
76,57045.00,"Graduation",0,0,"Email",0
73,36957.00,"PhD",0,0,"Email",0
73,36957.00,"PhD",0,0,"SMS",0
73,36957.00,"PhD",0,0,"Social Media",0
73,36957.00,"PhD",0,0,"Google Search Ads",0
73,36957.00,"PhD",0,0,"Display Ads",0
73,36957.00,"PhD",0,0,"Email",0
49,69389.00,"PhD",0,0,"Email",0
49,69389.00,"PhD",0,0,"SMS",0
49,69389.00,"PhD",0,0,"Social Media",0
49,69389.00,"PhD",0,0,"Google Search Ads",0
49,69389.00,"PhD",0,0,"Display Ads",0
49,69389.00,"PhD",0,0,"Email",0
54,80134.00,"Graduation",0,0,"Email",0
54,80134.00,"Graduation",0,0,"SMS",0
54,80134.00,"Graduation",0,0,"Social Media",0
54,80134.00,"Graduation",0,0,"Google Search Ads",0
54,80134.00,"Graduation",0,0,"Display Ads",0
54,80134.00,"Graduation",0,0,"Email",0
57,43142.00,"Master",0,0,"Email",0
57,43142.00,"Master",0,0,"SMS",0
57,43142.00,"Master",0,0,"Social Media",0
57,43142.00,"Master",0,0,"Google Search Ads",0
57,43142.00,"Master",0,0,"Display Ads",0
57,43142.00,"Master",0,0,"Email",0
82,80589.00,"Graduation",0,0,"Email",0
82,80589.00,"Graduation",0,0,"SMS",0
82,80589.00,"Graduation",0,0,"Social Media",0
82,80589.00,"Graduation",0,0,"Google Search Ads",0
82,80589.00,"Graduation",0,0,"Display Ads",0
82,80589.00,"Graduation",0,0,"Email",0
36,34412.00,"Graduation",0,0,"Email",0
36,34412.00,"Graduation",0,0,"SMS",0
36,34412.00,"Graduation",0,0,"Social Media",0
36,34412.00,"Graduation",0,0,"Google Search Ads",0
36,34412.00,"Graduation",0,0,"Display Ads",0
36,34412.00,"Graduation",0,0,"Email",0
47,57537.00,"Graduation",0,0,"Email",0
47,57537.00,"Graduation",0,0,"SMS",0
47,57537.00,"Graduation",0,0,"Social Media",0
47,57537.00,"Graduation",0,0,"Google Search Ads",0
47,57537.00,"Graduation",0,0,"Display Ads",0
47,57537.00,"Graduation",0,0,"Email",0
60,22634.00,"Basic",0,0,"Email",0
60,22634.00,"Basic",0,0,"SMS",0
60,22634.00,"Basic",0,0,"Social Media",0
60,22634.00,"Basic",0,0,"Google Search Ads",0
60,22634.00,"Basic",0,0,"Display Ads",0
60,22634.00,"Basic",0,0,"Email",0
78,51315.00,"Graduation",0,0,"Email",0
78,51315.00,"Graduation",0,0,"SMS",0
78,51315.00,"Graduation",0,0,"Social Media",0
78,51315.00,"Graduation",0,0,"Google Search Ads",0
78,51315.00,"Graduation",0,0,"Display Ads",0
78,51315.00,"Graduation",0,0,"Email",0
54,36026.00,"Graduation",0,0,"Email",0
54,36026.00,"Graduation",0,0,"SMS",0
54,36026.00,"Graduation",0,0,"Social Media",0
54,36026.00,"Graduation",0,0,"Google Search Ads",0
54,36026.00,"Graduation",0,0,"Display Ads",0
54,36026.00,"Graduation",0,0,"Email",0
53,24639.00,"Graduation",0,0,"Email",0
53,24639.00,"Graduation",0,0,"SMS",0
53,24639.00,"Graduation",0,0,"Social Media",0
53,24639.00,"Graduation",0,0,"Google Search Ads",0
53,24639.00,"Graduation",0,0,"Display Ads",0
53,24639.00,"Graduation",0,0,"Email",0
54,34578.00,"PhD",0,0,"Email",0
54,34578.00,"PhD",0,0,"SMS",0
54,34578.00,"PhD",0,0,"Social Media",0
54,34578.00,"PhD",0,0,"Google Search Ads",0
54,34578.00,"PhD",0,0,"Display Ads",0
54,34578.00,"PhD",0,0,"Email",0
54,65704.00,"2n Cycle",0,0,"Email",0
54,65704.00,"2n Cycle",0,0,"SMS",0
54,65704.00,"2n Cycle",0,0,"Social Media",0
54,65704.00,"2n Cycle",0,0,"Google Search Ads",0
54,65704.00,"2n Cycle",0,0,"Display Ads",0
54,65704.00,"2n Cycle",0,0,"Email",0
60,63810.00,"Graduation",0,0,"Email",0
60,63810.00,"Graduation",0,0,"SMS",0
60,63810.00,"Graduation",0,0,"Social Media",0
60,63810.00,"Graduation",0,0,"Google Search Ads",0
60,63810.00,"Graduation",0,0,"Display Ads",0
60,63810.00,"Graduation",0,0,"Email",0
57,54132.00,"PhD",0,0,"Email",0
57,54132.00,"PhD",0,0,"SMS",0
57,54132.00,"PhD",0,0,"Social Media",0
57,54132.00,"PhD",0,0,"Google Search Ads",0
57,54132.00,"PhD",0,0,"Display Ads",0
57,54132.00,"PhD",0,0,"Email",0
67,18690.00,"Graduation",0,0,"Email",0
67,18690.00,"Graduation",0,0,"SMS",0
67,18690.00,"Graduation",0,0,"Social Media",0
67,18690.00,"Graduation",0,0,"Google Search Ads",0
67,18690.00,"Graduation",0,0,"Display Ads",0
67,18690.00,"Graduation",0,0,"Email",0
56,28164.00,"Graduation",0,0,"Email",0
56,28164.00,"Graduation",0,0,"SMS",0
56,28164.00,"Graduation",0,0,"Social Media",0
56,28164.00,"Graduation",0,0,"Google Search Ads",0
56,28164.00,"Graduation",0,0,"Display Ads",0
56,28164.00,"Graduation",0,0,"Email",0
52,34596.00,"PhD",0,0,"Email",0
52,34596.00,"PhD",0,0,"SMS",0
52,34596.00,"PhD",0,0,"Social Media",0
52,34596.00,"PhD",0,0,"Google Search Ads",0
52,34596.00,"PhD",0,0,"Display Ads",0
52,34596.00,"PhD",0,0,"Email",0
54,43269.00,"PhD",0,0,"Email",0
54,43269.00,"PhD",0,0,"SMS",0
54,43269.00,"PhD",0,0,"Social Media",0
54,43269.00,"PhD",0,0,"Google Search Ads",0
54,43269.00,"PhD",0,0,"Display Ads",0
54,43269.00,"PhD",0,0,"Email",0
68,38741.00,"2n Cycle",0,0,"Email",0
68,38741.00,"2n Cycle",0,0,"SMS",0
68,38741.00,"2n Cycle",0,0,"Social Media",0
68,38741.00,"2n Cycle",0,0,"Google Search Ads",0
68,38741.00,"2n Cycle",0,0,"Display Ads",0
68,38741.00,"2n Cycle",0,0,"Email",0
54,31907.00,"Graduation",0,0,"Email",0
54,31907.00,"Graduation",0,0,"SMS",0
54,31907.00,"Graduation",0,0,"Social Media",0
54,31907.00,"Graduation",0,0,"Google Search Ads",0
54,31907.00,"Graduation",0,0,"Display Ads",0
54,31907.00,"Graduation",0,0,"Email",0
43,27100.00,"Master",0,0,"Email",0
43,27100.00,"Master",0,0,"SMS",0
43,27100.00,"Master",0,0,"Social Media",0
43,27100.00,"Master",0,0,"Google Search Ads",0
43,27100.00,"Master",0,0,"Display Ads",0
43,27100.00,"Master",0,0,"Email",0
53,31163.00,"2n Cycle",0,0,"Email",0
53,31163.00,"2n Cycle",0,0,"SMS",0
53,31163.00,"2n Cycle",0,0,"Social Media",0
53,31163.00,"2n Cycle",0,0,"Google Search Ads",0
53,31163.00,"2n Cycle",0,0,"Display Ads",0
53,31163.00,"2n Cycle",0,0,"Email",0
41,92533.00,"Graduation",0,0,"Email",0
41,92533.00,"Graduation",0,0,"SMS",0
41,92533.00,"Graduation",0,0,"Social Media",0
41,92533.00,"Graduation",0,0,"Google Search Ads",0
41,92533.00,"Graduation",0,0,"Display Ads",0
41,92533.00,"Graduation",0,0,"Email",0
53,34853.00,"Graduation",0,0,"Email",0
53,34853.00,"Graduation",0,0,"SMS",0
53,34853.00,"Graduation",0,0,"Social Media",0
53,34853.00,"Graduation",0,0,"Google Search Ads",0
53,34853.00,"Graduation",0,0,"Display Ads",0
53,34853.00,"Graduation",0,0,"Email",0
59,70844.00,"Graduation",0,0,"Email",0
59,70844.00,"Graduation",0,0,"SMS",0
59,70844.00,"Graduation",0,0,"Social Media",0
59,70844.00,"Graduation",0,0,"Google Search Ads",0
59,70844.00,"Graduation",0,0,"Display Ads",0
59,70844.00,"Graduation",0,0,"Email",0
47,31086.00,"2n Cycle",0,0,"Email",0
47,31086.00,"2n Cycle",0,0,"SMS",0
47,31086.00,"2n Cycle",0,0,"Social Media",0
47,31086.00,"2n Cycle",0,0,"Google Search Ads",0
47,31086.00,"2n Cycle",0,0,"Display Ads",0
47,31086.00,"2n Cycle",0,0,"Email",0
65,60544.00,"Graduation",0,0,"Email",0
65,60544.00,"Graduation",0,0,"SMS",0
65,60544.00,"Graduation",0,0,"Social Media",0
65,60544.00,"Graduation",0,0,"Google Search Ads",0
65,60544.00,"Graduation",0,0,"Display Ads",0
65,60544.00,"Graduation",0,0,"Email",0
40,20491.00,"2n Cycle",0,0,"Email",0
40,20491.00,"2n Cycle",0,0,"SMS",0
40,20491.00,"2n Cycle",0,0,"Social Media",0
40,20491.00,"2n Cycle",0,0,"Google Search Ads",0
40,20491.00,"2n Cycle",0,0,"Display Ads",0
40,20491.00,"2n Cycle",0,0,"Email",0
62,42523.00,"Graduation",0,0,"Email",0
62,42523.00,"Graduation",0,0,"SMS",0
62,42523.00,"Graduation",0,0,"Social Media",0
62,42523.00,"Graduation",0,0,"Google Search Ads",0
62,42523.00,"Graduation",0,0,"Display Ads",0
62,42523.00,"Graduation",0,0,"Email",0
43,39922.00,"Graduation",0,0,"Email",0
43,39922.00,"Graduation",0,0,"SMS",0
43,39922.00,"Graduation",0,0,"Social Media",0
43,39922.00,"Graduation",0,0,"Google Search Ads",0
43,39922.00,"Graduation",0,0,"Display Ads",0
43,39922.00,"Graduation",0,0,"Email",0
74,33402.00,"Graduation",0,0,"Email",0
74,33402.00,"Graduation",0,0,"SMS",0
74,33402.00,"Graduation",0,0,"Social Media",0
74,33402.00,"Graduation",0,0,"Google Search Ads",0
74,33402.00,"Graduation",0,0,"Display Ads",0
74,33402.00,"Graduation",0,0,"Email",0
77,36408.00,"Master",0,0,"Email",0
77,36408.00,"Master",0,0,"SMS",0
77,36408.00,"Master",0,0,"Social Media",0
77,36408.00,"Master",0,0,"Google Search Ads",0
77,36408.00,"Master",0,0,"Display Ads",0
77,36408.00,"Master",0,0,"Email",0
47,21645.00,"Graduation",0,0,"Email",0
47,21645.00,"Graduation",0,0,"SMS",0
47,21645.00,"Graduation",0,0,"Social Media",0
47,21645.00,"Graduation",0,0,"Google Search Ads",0
47,21645.00,"Graduation",0,0,"Display Ads",0
47,21645.00,"Graduation",0,0,"Email",0
78,78427.00,"Master",0,0,"Email",0
78,78427.00,"Master",0,0,"SMS",0
78,78427.00,"Master",0,0,"Social Media",0
78,78427.00,"Master",0,0,"Google Search Ads",0
78,78427.00,"Master",0,0,"Display Ads",0
78,78427.00,"Master",0,0,"Email",0
80,82657.00,"Graduation",0,0,"Email",0
80,82657.00,"Graduation",0,0,"SMS",0
80,82657.00,"Graduation",0,0,"Social Media",0
80,82657.00,"Graduation",0,0,"Google Search Ads",0
80,82657.00,"Graduation",0,0,"Display Ads",0
80,82657.00,"Graduation",0,0,"Email",0
68,51876.00,"Graduation",0,0,"Email",0
68,51876.00,"Graduation",0,0,"SMS",0
68,51876.00,"Graduation",0,0,"Social Media",0
68,51876.00,"Graduation",0,0,"Google Search Ads",0
68,51876.00,"Graduation",0,0,"Display Ads",0
68,51876.00,"Graduation",0,0,"Email",0
55,78041.00,"2n Cycle",0,0,"Email",0
55,78041.00,"2n Cycle",0,0,"SMS",0
55,78041.00,"2n Cycle",0,0,"Social Media",0
55,78041.00,"2n Cycle",0,0,"Google Search Ads",0
55,78041.00,"2n Cycle",0,0,"Display Ads",0
55,78041.00,"2n Cycle",0,0,"Email",0
69,52852.00,"Graduation",0,0,"Email",0
69,52852.00,"Graduation",0,0,"SMS",0
69,52852.00,"Graduation",0,0,"Social Media",0
69,52852.00,"Graduation",0,0,"Google Search Ads",0
69,52852.00,"Graduation",0,0,"Display Ads",0
69,52852.00,"Graduation",0,0,"Email",0
44,70038.00,"PhD",0,0,"Email",0
44,70038.00,"PhD",0,0,"SMS",0
44,70038.00,"PhD",0,0,"Social Media",0
44,70038.00,"PhD",0,0,"Google Search Ads",0
44,70038.00,"PhD",0,0,"Display Ads",0
44,70038.00,"PhD",0,0,"Email",0
53,69401.00,"2n Cycle",0,0,"Email",0
53,69401.00,"2n Cycle",0,0,"SMS",0
53,69401.00,"2n Cycle",0,0,"Social Media",0
53,69401.00,"2n Cycle",0,0,"Google Search Ads",0
53,69401.00,"2n Cycle",0,0,"Display Ads",0
53,69401.00,"2n Cycle",0,0,"Email",0
54,46053.00,"Graduation",0,0,"Email",0
54,46053.00,"Graduation",0,0,"SMS",0
54,46053.00,"Graduation",0,0,"Social Media",0
54,46053.00,"Graduation",0,0,"Google Search Ads",0
54,46053.00,"Graduation",0,0,"Display Ads",0
54,46053.00,"Graduation",0,0,"Email",0
61,77343.00,"Graduation",0,0,"Email",0
61,77343.00,"Graduation",0,0,"SMS",0
61,77343.00,"Graduation",0,0,"Social Media",0
61,77343.00,"Graduation",0,0,"Google Search Ads",0
61,77343.00,"Graduation",0,0,"Display Ads",0
61,77343.00,"Graduation",0,0,"Email",0
73,73892.00,"Graduation",0,0,"Email",0
73,73892.00,"Graduation",0,0,"SMS",0
73,73892.00,"Graduation",0,0,"Social Media",0
73,73892.00,"Graduation",0,0,"Google Search Ads",0
73,73892.00,"Graduation",0,0,"Display Ads",0
73,73892.00,"Graduation",0,0,"Email",0
59,40304.00,"PhD",0,0,"Email",0
59,40304.00,"PhD",0,0,"SMS",0
59,40304.00,"PhD",0,0,"Social Media",0
59,40304.00,"PhD",0,0,"Google Search Ads",0
59,40304.00,"PhD",0,0,"Display Ads",0
59,40304.00,"PhD",0,0,"Email",0
61,32727.00,"PhD",0,0,"Email",0
61,32727.00,"PhD",0,0,"SMS",0
61,32727.00,"PhD",0,0,"Social Media",0
61,32727.00,"PhD",0,0,"Google Search Ads",0
61,32727.00,"PhD",0,0,"Display Ads",0
61,32727.00,"PhD",0,0,"Email",0
57,68695.00,"Graduation",0,0,"Email",0
57,68695.00,"Graduation",0,0,"SMS",0
57,68695.00,"Graduation",0,0,"Social Media",0
57,68695.00,"Graduation",0,0,"Google Search Ads",0
57,68695.00,"Graduation",0,0,"Display Ads",0
57,68695.00,"Graduation",0,0,"Email",0
55,43300.00,"Graduation",0,0,"Email",0
55,43300.00,"Graduation",0,0,"SMS",0
55,43300.00,"Graduation",0,0,"Social Media",0
55,43300.00,"Graduation",0,0,"Google Search Ads",0
55,43300.00,"Graduation",0,0,"Display Ads",0
55,43300.00,"Graduation",0,0,"Email",0
54,26290.00,"Graduation",0,0,"Email",0
54,26290.00,"Graduation",0,0,"SMS",0
54,26290.00,"Graduation",0,0,"Social Media",0
54,26290.00,"Graduation",0,0,"Google Search Ads",0
54,26290.00,"Graduation",0,0,"Display Ads",0
54,26290.00,"Graduation",0,0,"Email",0
56,93790.00,"Graduation",0,0,"Email",0
56,93790.00,"Graduation",0,0,"SMS",0
56,93790.00,"Graduation",0,0,"Social Media",0
56,93790.00,"Graduation",0,0,"Google Search Ads",0
56,93790.00,"Graduation",0,0,"Display Ads",0
56,93790.00,"Graduation",0,0,"Email",0
52,38410.00,"PhD",0,0,"Email",0
52,38410.00,"PhD",0,0,"SMS",0
52,38410.00,"PhD",0,0,"Social Media",0
52,38410.00,"PhD",0,0,"Google Search Ads",0
52,38410.00,"PhD",0,0,"Display Ads",0
52,38410.00,"PhD",0,0,"Email",0
76,64866.00,"Master",0,0,"Email",0
76,64866.00,"Master",0,0,"SMS",0
76,64866.00,"Master",0,0,"Social Media",0
76,64866.00,"Master",0,0,"Google Search Ads",0
76,64866.00,"Master",0,0,"Display Ads",0
76,64866.00,"Master",0,0,"Email",0
67,57957.00,"Graduation",0,0,"Email",0
67,57957.00,"Graduation",0,0,"SMS",0
67,57957.00,"Graduation",0,0,"Social Media",0
67,57957.00,"Graduation",0,0,"Google Search Ads",0
67,57957.00,"Graduation",0,0,"Display Ads",0
67,57957.00,"Graduation",0,0,"Email",0
71,46015.00,"PhD",0,0,"Email",0
71,46015.00,"PhD",0,0,"SMS",0
71,46015.00,"PhD",0,0,"Social Media",0
71,46015.00,"PhD",0,0,"Google Search Ads",0
71,46015.00,"PhD",0,0,"Display Ads",0
71,46015.00,"PhD",0,0,"Email",0
48,16531.00,"Graduation",0,0,"Email",0
48,16531.00,"Graduation",0,0,"SMS",0
48,16531.00,"Graduation",0,0,"Social Media",0
48,16531.00,"Graduation",0,0,"Google Search Ads",0
48,16531.00,"Graduation",0,0,"Display Ads",0
48,16531.00,"Graduation",0,0,"Email",0
40,28072.00,"Master",0,0,"Email",0
40,28072.00,"Master",0,0,"SMS",0
40,28072.00,"Master",0,0,"Social Media",0
40,28072.00,"Master",0,0,"Google Search Ads",0
40,28072.00,"Master",0,0,"Display Ads",0
40,28072.00,"Master",0,0,"Email",0
63,49476.00,"Master",0,0,"Email",0
63,49476.00,"Master",0,0,"SMS",0
63,49476.00,"Master",0,0,"Social Media",0
63,49476.00,"Master",0,0,"Google Search Ads",0
63,49476.00,"Master",0,0,"Display Ads",0
63,49476.00,"Master",0,0,"Email",0
73,50725.00,"Graduation",0,0,"Email",0
73,50725.00,"Graduation",0,0,"SMS",0
73,50725.00,"Graduation",0,0,"Social Media",0
73,50725.00,"Graduation",0,0,"Google Search Ads",0
73,50725.00,"Graduation",0,0,"Display Ads",0
73,50725.00,"Graduation",0,0,"Email",0
74,83844.00,"Graduation",0,0,"Email",0
74,83844.00,"Graduation",0,0,"SMS",0
74,83844.00,"Graduation",0,0,"Social Media",0
74,83844.00,"Graduation",0,0,"Google Search Ads",0
74,83844.00,"Graduation",0,0,"Display Ads",0
74,83844.00,"Graduation",0,0,"Email",0
76,41145.00,"PhD",0,0,"Email",0
76,41145.00,"PhD",0,0,"SMS",0
76,41145.00,"PhD",0,0,"Social Media",0
76,41145.00,"PhD",0,0,"Google Search Ads",0
76,41145.00,"PhD",0,0,"Display Ads",0
76,41145.00,"PhD",0,0,"Email",0
56,67419.00,"Graduation",0,0,"Email",0
56,67419.00,"Graduation",0,0,"SMS",0
56,67419.00,"Graduation",0,0,"Social Media",0
56,67419.00,"Graduation",0,0,"Google Search Ads",0
56,67419.00,"Graduation",0,0,"Display Ads",0
56,67419.00,"Graduation",0,0,"Email",0
56,23162.00,"2n Cycle",0,0,"Email",0
56,23162.00,"2n Cycle",0,0,"SMS",0
56,23162.00,"2n Cycle",0,0,"Social Media",0
56,23162.00,"2n Cycle",0,0,"Google Search Ads",0
56,23162.00,"2n Cycle",0,0,"Display Ads",0
56,23162.00,"2n Cycle",0,0,"Email",0
49,34380.00,"Graduation",0,0,"Email",0
49,34380.00,"Graduation",0,0,"SMS",0
49,34380.00,"Graduation",0,0,"Social Media",0
49,34380.00,"Graduation",0,0,"Google Search Ads",0
49,34380.00,"Graduation",0,0,"Display Ads",0
49,34380.00,"Graduation",0,0,"Email",0
60,34704.00,"Graduation",0,0,"Email",0
60,34704.00,"Graduation",0,0,"SMS",0
60,34704.00,"Graduation",0,0,"Social Media",0
60,34704.00,"Graduation",0,0,"Google Search Ads",0
60,34704.00,"Graduation",0,0,"Display Ads",0
60,34704.00,"Graduation",0,0,"Email",0
57,94871.00,"PhD",0,0,"Email",0
57,94871.00,"PhD",0,0,"SMS",0
57,94871.00,"PhD",0,0,"Social Media",0
57,94871.00,"PhD",0,0,"Google Search Ads",0
57,94871.00,"PhD",0,0,"Display Ads",0
57,94871.00,"PhD",0,0,"Email",0
68,65148.00,"Graduation",0,0,"Email",0
68,65148.00,"Graduation",0,0,"SMS",0
68,65148.00,"Graduation",0,0,"Social Media",0
68,65148.00,"Graduation",0,0,"Google Search Ads",0
68,65148.00,"Graduation",0,0,"Display Ads",0
68,65148.00,"Graduation",0,0,"Email",0
72,39898.00,"Graduation",0,0,"Email",0
72,39898.00,"Graduation",0,0,"SMS",0
72,39898.00,"Graduation",0,0,"Social Media",0
72,39898.00,"Graduation",0,0,"Google Search Ads",0
72,39898.00,"Graduation",0,0,"Display Ads",0
72,39898.00,"Graduation",0,0,"Email",0
70,64857.00,"Master",0,0,"Email",0
70,64857.00,"Master",0,0,"SMS",0
70,64857.00,"Master",0,0,"Social Media",0
70,64857.00,"Master",0,0,"Google Search Ads",0
70,64857.00,"Master",0,0,"Display Ads",0
70,64857.00,"Master",0,0,"Email",0
56,59892.00,"PhD",0,0,"Email",0
56,59892.00,"PhD",0,0,"SMS",0
56,59892.00,"PhD",0,0,"Social Media",0
56,59892.00,"PhD",0,0,"Google Search Ads",0
56,59892.00,"PhD",0,0,"Display Ads",0
56,59892.00,"PhD",0,0,"Email",0
39,41020.00,"Master",0,0,"Email",0
39,41020.00,"Master",0,0,"SMS",0
39,41020.00,"Master",0,0,"Social Media",0
39,41020.00,"Master",0,0,"Google Search Ads",0
39,41020.00,"Master",0,0,"Display Ads",0
39,41020.00,"Master",0,0,"Email",0
65,57072.00,"PhD",0,0,"Email",0
65,57072.00,"PhD",0,0,"SMS",0
65,57072.00,"PhD",0,0,"Social Media",0
65,57072.00,"PhD",0,0,"Google Search Ads",0
65,57072.00,"PhD",0,0,"Display Ads",0
65,57072.00,"PhD",0,0,"Email",0
47,60474.00,"Graduation",0,0,"Email",0
47,60474.00,"Graduation",0,0,"SMS",0
47,60474.00,"Graduation",0,0,"Social Media",0
47,60474.00,"Graduation",0,0,"Google Search Ads",0
47,60474.00,"Graduation",0,0,"Display Ads",0
47,60474.00,"Graduation",0,0,"Email",0
66,62807.00,"Graduation",0,0,"Email",0
66,62807.00,"Graduation",0,0,"SMS",0
66,62807.00,"Graduation",0,0,"Social Media",0
66,62807.00,"Graduation",0,0,"Google Search Ads",0
66,62807.00,"Graduation",0,0,"Display Ads",0
66,62807.00,"Graduation",0,0,"Email",0
45,19414.00,"2n Cycle",0,0,"Email",0
45,19414.00,"2n Cycle",0,0,"SMS",0
45,19414.00,"2n Cycle",0,0,"Social Media",0
45,19414.00,"2n Cycle",0,0,"Google Search Ads",0
45,19414.00,"2n Cycle",0,0,"Display Ads",0
45,19414.00,"2n Cycle",0,0,"Email",0
46,19107.00,"Graduation",0,0,"Email",0
46,19107.00,"Graduation",0,0,"SMS",0
46,19107.00,"Graduation",0,0,"Social Media",0
46,19107.00,"Graduation",0,0,"Google Search Ads",0
46,19107.00,"Graduation",0,0,"Display Ads",0
46,19107.00,"Graduation",0,0,"Email",0
50,75484.00,"2n Cycle",0,0,"Email",0
50,75484.00,"2n Cycle",0,0,"SMS",0
50,75484.00,"2n Cycle",0,0,"Social Media",0
50,75484.00,"2n Cycle",0,0,"Google Search Ads",0
50,75484.00,"2n Cycle",0,0,"Display Ads",0
50,75484.00,"2n Cycle",0,0,"Email",0
50,70379.00,"Master",0,0,"Email",0
50,70379.00,"Master",0,0,"SMS",0
50,70379.00,"Master",0,0,"Social Media",0
50,70379.00,"Master",0,0,"Google Search Ads",0
50,70379.00,"Master",0,0,"Display Ads",0
50,70379.00,"Master",0,0,"Email",0
56,79419.00,"Master",0,0,"Email",0
56,79419.00,"Master",0,0,"SMS",0
56,79419.00,"Master",0,0,"Social Media",0
56,79419.00,"Master",0,0,"Google Search Ads",0
56,79419.00,"Master",0,0,"Display Ads",0
56,79419.00,"Master",0,0,"Email",0
80,64014.00,"PhD",0,0,"Email",0
80,64014.00,"PhD",0,0,"SMS",0
80,64014.00,"PhD",0,0,"Social Media",0
80,64014.00,"PhD",0,0,"Google Search Ads",0
80,64014.00,"PhD",0,0,"Display Ads",0
80,64014.00,"PhD",0,0,"Email",0
71,76998.00,"Graduation",0,0,"Email",0
71,76998.00,"Graduation",0,0,"SMS",0
71,76998.00,"Graduation",0,0,"Social Media",0
71,76998.00,"Graduation",0,0,"Google Search Ads",0
71,76998.00,"Graduation",0,0,"Display Ads",0
71,76998.00,"Graduation",0,0,"Email",0
54,49854.00,"Master",0,0,"Email",0
54,49854.00,"Master",0,0,"SMS",0
54,49854.00,"Master",0,0,"Social Media",0
54,49854.00,"Master",0,0,"Google Search Ads",0
54,49854.00,"Master",0,0,"Display Ads",0
54,49854.00,"Master",0,0,"Email",0
55,60585.00,"PhD",0,0,"Email",0
55,60585.00,"PhD",0,0,"SMS",0
55,60585.00,"PhD",0,0,"Social Media",0
55,60585.00,"PhD",0,0,"Google Search Ads",0
55,60585.00,"PhD",0,0,"Display Ads",0
55,60585.00,"PhD",0,0,"Email",0
76,42873.00,"PhD",0,0,"Email",0
76,42873.00,"PhD",0,0,"SMS",0
76,42873.00,"PhD",0,0,"Social Media",0
76,42873.00,"PhD",0,0,"Google Search Ads",0
76,42873.00,"PhD",0,0,"Display Ads",0
76,42873.00,"PhD",0,0,"Email",0
38,87679.00,"Graduation",0,0,"Email",0
38,87679.00,"Graduation",0,0,"SMS",0
38,87679.00,"Graduation",0,0,"Social Media",0
38,87679.00,"Graduation",0,0,"Google Search Ads",0
38,87679.00,"Graduation",0,0,"Display Ads",0
38,87679.00,"Graduation",0,0,"Email",0
48,57867.00,"Graduation",0,0,"Email",0
48,57867.00,"Graduation",0,0,"SMS",0
48,57867.00,"Graduation",0,0,"Social Media",0
48,57867.00,"Graduation",0,0,"Google Search Ads",0
48,57867.00,"Graduation",0,0,"Display Ads",0
48,57867.00,"Graduation",0,0,"Email",0
36,35765.00,"Graduation",0,0,"Email",0
36,35765.00,"Graduation",0,0,"SMS",0
36,35765.00,"Graduation",0,0,"Social Media",0
36,35765.00,"Graduation",0,0,"Google Search Ads",0
36,35765.00,"Graduation",0,0,"Display Ads",0
36,35765.00,"Graduation",0,0,"Email",0
67,65492.00,"Graduation",0,0,"Email",0
67,65492.00,"Graduation",0,0,"SMS",0
67,65492.00,"Graduation",0,0,"Social Media",0
67,65492.00,"Graduation",0,0,"Google Search Ads",0
67,65492.00,"Graduation",0,0,"Display Ads",0
67,65492.00,"Graduation",0,0,"Email",0
49,32952.00,"Graduation",0,0,"Email",0
49,32952.00,"Graduation",0,0,"SMS",0
49,32952.00,"Graduation",0,0,"Social Media",0
49,32952.00,"Graduation",0,0,"Google Search Ads",0
49,32952.00,"Graduation",0,0,"Display Ads",0
49,32952.00,"Graduation",0,0,"Email",0
57,53374.00,"PhD",0,0,"Email",0
57,53374.00,"PhD",0,0,"SMS",0
57,53374.00,"PhD",0,0,"Social Media",0
57,53374.00,"PhD",0,0,"Google Search Ads",0
57,53374.00,"PhD",0,0,"Display Ads",0
57,53374.00,"PhD",0,0,"Email",0
67,71706.00,"Graduation",0,0,"Email",0
67,71706.00,"Graduation",0,0,"SMS",0
67,71706.00,"Graduation",0,0,"Social Media",0
67,71706.00,"Graduation",0,0,"Google Search Ads",0
67,71706.00,"Graduation",0,0,"Display Ads",0
67,71706.00,"Graduation",0,0,"Email",0
38,68487.00,"Graduation",0,0,"Email",0
38,68487.00,"Graduation",0,0,"SMS",0
38,68487.00,"Graduation",0,0,"Social Media",0
38,68487.00,"Graduation",0,0,"Google Search Ads",0
38,68487.00,"Graduation",0,0,"Display Ads",0
38,68487.00,"Graduation",0,0,"Email",0
51,53253.00,"Master",16,209.16,"Email",1
51,53253.00,"Master",16,209.16,"SMS",0
51,53253.00,"Master",16,209.16,"Social Media",0
51,53253.00,"Master",16,209.16,"Google Search Ads",1
51,53253.00,"Master",16,209.16,"Display Ads",1
51,53253.00,"Master",16,209.16,"Email",0
53,31163.00,"2n Cycle",14,185.92,"Email",1
53,31163.00,"2n Cycle",14,185.92,"SMS",0
53,31163.00,"2n Cycle",14,185.92,"Social Media",0
53,31163.00,"2n Cycle",14,185.92,"Google Search Ads",1
53,31163.00,"2n Cycle",14,185.92,"Display Ads",1
53,31163.00,"2n Cycle",14,185.92,"Email",0
49,42014.00,"Graduation",14,212.48,"Email",1
49,42014.00,"Graduation",14,212.48,"SMS",0
49,42014.00,"Graduation",14,212.48,"Social Media",0
49,42014.00,"Graduation",14,212.48,"Google Search Ads",1
49,42014.00,"Graduation",14,212.48,"Display Ads",1
49,42014.00,"Graduation",14,212.48,"Email",0
53,54108.00,"Master",14,239.04,"Email",1
53,54108.00,"Master",14,239.04,"SMS",0
53,54108.00,"Master",14,239.04,"Social Media",0
53,54108.00,"Master",14,239.04,"Google Search Ads",1
53,54108.00,"Master",14,239.04,"Display Ads",1
53,54108.00,"Master",14,239.04,"Email",0
71,49667.00,"PhD",16,185.92,"Email",1
71,49667.00,"PhD",16,185.92,"SMS",0
71,49667.00,"PhD",16,185.92,"Social Media",0
71,49667.00,"PhD",16,185.92,"Google Search Ads",1
71,49667.00,"PhD",16,185.92,"Display Ads",1
71,49667.00,"PhD",16,185.92,"Email",0
52,63206.00,"Master",16,162.68,"Email",1
52,63206.00,"Master",16,162.68,"SMS",0
52,63206.00,"Master",16,162.68,"Social Media",0
52,63206.00,"Master",16,162.68,"Google Search Ads",1
52,63206.00,"Master",16,162.68,"Display Ads",1
52,63206.00,"Master",16,162.68,"Email",0
54,57136.00,"Master",12,247.89,"Email",1
54,57136.00,"Master",12,247.89,"SMS",0
54,57136.00,"Master",12,247.89,"Social Media",0
54,57136.00,"Master",12,247.89,"Google Search Ads",1
54,57136.00,"Master",12,247.89,"Display Ads",1
54,57136.00,"Master",12,247.89,"Email",0
51,46772.00,"2n Cycle",12,247.89,"Email",1
51,46772.00,"2n Cycle",12,247.89,"SMS",0
51,46772.00,"2n Cycle",12,247.89,"Social Media",0
51,46772.00,"2n Cycle",12,247.89,"Google Search Ads",1
51,46772.00,"2n Cycle",12,247.89,"Display Ads",1
51,46772.00,"2n Cycle",12,247.89,"Email",0
55,78931.00,"PhD",18,165.26,"Email",1
55,78931.00,"PhD",18,165.26,"SMS",0
55,78931.00,"PhD",18,165.26,"Social Media",0
55,78931.00,"PhD",18,165.26,"Google Search Ads",1
55,78931.00,"PhD",18,165.26,"Display Ads",1
55,78931.00,"PhD",18,165.26,"Email",0
68,53977.00,"Graduation",12,185.92,"Email",1
68,53977.00,"Graduation",12,185.92,"SMS",0
68,53977.00,"Graduation",12,185.92,"Social Media",0
68,53977.00,"Graduation",12,185.92,"Google Search Ads",1
68,53977.00,"Graduation",12,185.92,"Display Ads",1
68,53977.00,"Graduation",12,185.92,"Email",0
38,84219.00,"Graduation",16,162.68,"Email",1
38,84219.00,"Graduation",16,162.68,"SMS",0
38,84219.00,"Graduation",16,162.68,"Social Media",0
38,84219.00,"Graduation",16,162.68,"Google Search Ads",1
38,84219.00,"Graduation",16,162.68,"Display Ads",1
38,84219.00,"Graduation",16,162.68,"Email",0
51,46098.00,"Master",16,209.16,"Email",1
51,46098.00,"Master",16,209.16,"SMS",0
51,46098.00,"Master",16,209.16,"Social Media",0
51,46098.00,"Master",16,209.16,"Google Search Ads",1
51,46098.00,"Master",16,209.16,"Display Ads",1
51,46098.00,"Master",16,209.16,"Email",0
61,73538.00,"Graduation",16,209.16,"Email",1
61,73538.00,"Graduation",16,209.16,"SMS",0
61,73538.00,"Graduation",16,209.16,"Social Media",0
61,73538.00,"Graduation",16,209.16,"Google Search Ads",1
61,73538.00,"Graduation",16,209.16,"Display Ads",1
61,73538.00,"Graduation",16,209.16,"Email",0
40,79529.00,"Graduation",14,212.48,"Email",1
40,79529.00,"Graduation",14,212.48,"SMS",0
40,79529.00,"Graduation",14,212.48,"Social Media",0
40,79529.00,"Graduation",14,212.48,"Google Search Ads",1
40,79529.00,"Graduation",14,212.48,"Display Ads",1
40,79529.00,"Graduation",14,212.48,"Email",0
49,20981.00,"2n Cycle",14,159.36,"Email",1
49,20981.00,"2n Cycle",14,159.36,"SMS",0
49,20981.00,"2n Cycle",14,159.36,"Social Media",0
49,20981.00,"2n Cycle",14,159.36,"Google Search Ads",1
49,20981.00,"2n Cycle",14,159.36,"Display Ads",1
49,20981.00,"2n Cycle",14,159.36,"Email",0
46,51766.00,"Graduation",16,139.44,"Email",1
46,51766.00,"Graduation",16,139.44,"SMS",0
46,51766.00,"Graduation",16,139.44,"Social Media",0
46,51766.00,"Graduation",16,139.44,"Google Search Ads",1
46,51766.00,"Graduation",16,139.44,"Display Ads",1
46,51766.00,"Graduation",16,139.44,"Email",0
64,55759.00,"Graduation",16,162.68,"Email",1
64,55759.00,"Graduation",16,162.68,"SMS",0
64,55759.00,"Graduation",16,162.68,"Social Media",0
64,55759.00,"Graduation",16,162.68,"Google Search Ads",1
64,55759.00,"Graduation",16,162.68,"Display Ads",1
64,55759.00,"Graduation",16,162.68,"Email",0
48,33039.00,"Graduation",14,212.48,"Email",1
48,33039.00,"Graduation",14,212.48,"SMS",0
48,33039.00,"Graduation",14,212.48,"Social Media",0
48,33039.00,"Graduation",14,212.48,"Google Search Ads",1
48,33039.00,"Graduation",14,212.48,"Display Ads",1
48,33039.00,"Graduation",14,212.48,"Email",0
54,37787.00,"Master",16,162.68,"Email",1
54,37787.00,"Master",16,162.68,"SMS",0
54,37787.00,"Master",16,162.68,"Social Media",0
54,37787.00,"Master",16,162.68,"Google Search Ads",1
54,37787.00,"Master",16,162.68,"Display Ads",1
54,37787.00,"Master",16,162.68,"Email",0
56,27242.00,"Graduation",14,212.48,"Email",1
56,27242.00,"Graduation",14,212.48,"SMS",0
56,27242.00,"Graduation",14,212.48,"Social Media",0
56,27242.00,"Graduation",14,212.48,"Google Search Ads",1
56,27242.00,"Graduation",14,212.48,"Display Ads",1
56,27242.00,"Graduation",14,212.48,"Email",0
43,87188.00,"PhD",12,185.92,"Email",1
43,87188.00,"PhD",12,185.92,"SMS",0
43,87188.00,"PhD",12,185.92,"Social Media",0
43,87188.00,"PhD",12,185.92,"Google Search Ads",1
43,87188.00,"PhD",12,185.92,"Display Ads",1
43,87188.00,"PhD",12,185.92,"Email",0
55,69930.00,"Graduation",14,159.36,"Email",1
55,69930.00,"Graduation",14,159.36,"SMS",0
55,69930.00,"Graduation",14,159.36,"Social Media",0
55,69930.00,"Graduation",14,159.36,"Google Search Ads",1
55,69930.00,"Graduation",14,159.36,"Display Ads",1
55,69930.00,"Graduation",14,159.36,"Email",0
50,37697.00,"Graduation",14,185.92,"Email",1
50,37697.00,"Graduation",14,185.92,"SMS",0
50,37697.00,"Graduation",14,185.92,"Social Media",0
50,37697.00,"Graduation",14,185.92,"Google Search Ads",1
50,37697.00,"Graduation",14,185.92,"Display Ads",1
50,37697.00,"Graduation",14,185.92,"Email",0
53,37401.00,"PhD",18,165.26,"Email",1
53,37401.00,"PhD",18,165.26,"SMS",0
53,37401.00,"PhD",18,165.26,"Social Media",0
53,37401.00,"PhD",18,165.26,"Google Search Ads",1
53,37401.00,"PhD",18,165.26,"Display Ads",1
53,37401.00,"PhD",18,165.26,"Email",0
53,3502.00,"Graduation",12,247.89,"Email",1
53,3502.00,"Graduation",12,247.89,"SMS",0
53,3502.00,"Graduation",12,247.89,"Social Media",0
53,3502.00,"Graduation",12,247.89,"Google Search Ads",1
53,3502.00,"Graduation",12,247.89,"Display Ads",1
53,3502.00,"Graduation",12,247.89,"Email",0
50,58597.00,"Graduation",16,162.68,"Email",1
50,58597.00,"Graduation",16,162.68,"SMS",0
50,58597.00,"Graduation",16,162.68,"Social Media",0
50,58597.00,"Graduation",16,162.68,"Google Search Ads",1
50,58597.00,"Graduation",16,162.68,"Display Ads",1
50,58597.00,"Graduation",16,162.68,"Email",0
78,82032.00,"PhD",14,212.48,"Email",1
78,82032.00,"PhD",14,212.48,"SMS",0
78,82032.00,"PhD",14,212.48,"Social Media",0
78,82032.00,"PhD",14,212.48,"Google Search Ads",1
78,82032.00,"PhD",14,212.48,"Display Ads",1
78,82032.00,"PhD",14,212.48,"Email",0
68,28087.00,"Graduation",14,159.36,"Email",1
68,28087.00,"Graduation",14,159.36,"SMS",0
68,28087.00,"Graduation",14,159.36,"Social Media",0
68,28087.00,"Graduation",14,159.36,"Google Search Ads",1
68,28087.00,"Graduation",14,159.36,"Display Ads",1
68,28087.00,"Graduation",14,159.36,"Email",0
39,74004.00,"PhD",12,247.89,"Email",1
39,74004.00,"PhD",12,247.89,"SMS",0
39,74004.00,"PhD",12,247.89,"Social Media",0
39,74004.00,"PhD",12,247.89,"Google Search Ads",1
39,74004.00,"PhD",12,247.89,"Display Ads",1
39,74004.00,"PhD",12,247.89,"Email",0
66,19740.00,"Graduation",14,212.48,"Email",1
66,19740.00,"Graduation",14,212.48,"SMS",0
66,19740.00,"Graduation",14,212.48,"Social Media",0
66,19740.00,"Graduation",14,212.48,"Google Search Ads",1
66,19740.00,"Graduation",14,212.48,"Display Ads",1
66,19740.00,"Graduation",14,212.48,"Email",0
51,57036.00,"2n Cycle",16,162.68,"Email",1
51,57036.00,"2n Cycle",16,162.68,"SMS",0
51,57036.00,"2n Cycle",16,162.68,"Social Media",0
51,57036.00,"2n Cycle",16,162.68,"Google Search Ads",1
51,57036.00,"2n Cycle",16,162.68,"Display Ads",1
51,57036.00,"2n Cycle",16,162.68,"Email",0
68,53083.00,"2n Cycle",18,144.60,"Email",1
68,53083.00,"2n Cycle",18,144.60,"SMS",0
68,53083.00,"2n Cycle",18,144.60,"Social Media",0
68,53083.00,"2n Cycle",18,144.60,"Google Search Ads",1
68,53083.00,"2n Cycle",18,144.60,"Display Ads",1
68,53083.00,"2n Cycle",18,144.60,"Email",0
51,69283.00,"PhD",14,159.36,"Email",1
51,69283.00,"PhD",14,159.36,"SMS",0
51,69283.00,"PhD",14,159.36,"Social Media",0
51,69283.00,"PhD",14,159.36,"Google Search Ads",1
51,69283.00,"PhD",14,159.36,"Display Ads",1
51,69283.00,"PhD",14,159.36,"Email",0
51,46098.00,"Master",16,185.92,"Email",1
51,46098.00,"Master",16,185.92,"SMS",0
51,46098.00,"Master",16,185.92,"Social Media",0
51,46098.00,"Master",16,185.92,"Google Search Ads",1
51,46098.00,"Master",16,185.92,"Display Ads",1
51,46098.00,"Master",16,185.92,"Email",0
38,23331.00,"2n Cycle",16,139.44,"Email",1
38,23331.00,"2n Cycle",16,139.44,"SMS",0
38,23331.00,"2n Cycle",16,139.44,"Social Media",0
38,23331.00,"2n Cycle",16,139.44,"Google Search Ads",1
38,23331.00,"2n Cycle",16,139.44,"Display Ads",1
38,23331.00,"2n Cycle",16,139.44,"Email",0
38,23331.00,"2n Cycle",18,144.60,"Email",1
38,23331.00,"2n Cycle",18,144.60,"SMS",0
38,23331.00,"2n Cycle",18,144.60,"Social Media",0
38,23331.00,"2n Cycle",18,144.60,"Google Search Ads",1
38,23331.00,"2n Cycle",18,144.60,"Display Ads",1
38,23331.00,"2n Cycle",18,144.60,"Email",0
37,9255.00,"Graduation",12,185.92,"Email",1
37,9255.00,"Graduation",12,185.92,"SMS",0
37,9255.00,"Graduation",12,185.92,"Social Media",0
37,9255.00,"Graduation",12,185.92,"Google Search Ads",1
37,9255.00,"Graduation",12,185.92,"Display Ads",1
37,9255.00,"Graduation",12,185.92,"Email",0
67,67786.00,"PhD",14,212.48,"Email",1
67,67786.00,"PhD",14,212.48,"SMS",0
67,67786.00,"PhD",14,212.48,"Social Media",0
67,67786.00,"PhD",14,212.48,"Google Search Ads",1
67,67786.00,"PhD",14,212.48,"Display Ads",1
67,67786.00,"PhD",14,212.48,"Email",0
55,71969.00,"PhD",14,185.92,"Email",1
55,71969.00,"PhD",14,185.92,"SMS",0
55,71969.00,"PhD",14,185.92,"Social Media",0
55,71969.00,"PhD",14,185.92,"Google Search Ads",1
55,71969.00,"PhD",14,185.92,"Display Ads",1
55,71969.00,"PhD",14,185.92,"Email",0
59,59235.00,"Master",16,209.16,"Email",1
59,59235.00,"Master",16,209.16,"SMS",0
59,59235.00,"Master",16,209.16,"Social Media",0
59,59235.00,"Master",16,209.16,"Google Search Ads",1
59,59235.00,"Master",16,209.16,"Display Ads",1
59,59235.00,"Master",16,209.16,"Email",0
37,31928.00,"Graduation",18,165.26,"Email",1
37,31928.00,"Graduation",18,165.26,"SMS",0
37,31928.00,"Graduation",18,165.26,"Social Media",0
37,31928.00,"Graduation",18,165.26,"Google Search Ads",1
37,31928.00,"Graduation",18,165.26,"Display Ads",1
37,31928.00,"Graduation",18,165.26,"Email",0
65,74881.00,"Master",14,185.92,"Email",1
65,74881.00,"Master",14,185.92,"SMS",0
65,74881.00,"Master",14,185.92,"Social Media",0
65,74881.00,"Master",14,185.92,"Google Search Ads",1
65,74881.00,"Master",14,185.92,"Display Ads",1
65,74881.00,"Master",14,185.92,"Email",0
48,65819.00,"Graduation",14,212.48,"Email",1
48,65819.00,"Graduation",14,212.48,"SMS",0
48,65819.00,"Graduation",14,212.48,"Social Media",0
48,65819.00,"Graduation",14,212.48,"Google Search Ads",1
48,65819.00,"Graduation",14,212.48,"Display Ads",1
48,65819.00,"Graduation",14,212.48,"Email",0
73,51411.00,"PhD",16,185.92,"Email",1
73,51411.00,"PhD",16,185.92,"SMS",0
73,51411.00,"PhD",16,185.92,"Social Media",0
73,51411.00,"PhD",16,185.92,"Google Search Ads",1
73,51411.00,"PhD",16,185.92,"Display Ads",1
73,51411.00,"PhD",16,185.92,"Email",0
62,51983.00,"Graduation",14,212.48,"Email",1
62,51983.00,"Graduation",14,212.48,"SMS",0
62,51983.00,"Graduation",14,212.48,"Social Media",0
62,51983.00,"Graduation",14,212.48,"Google Search Ads",1
62,51983.00,"Graduation",14,212.48,"Display Ads",1
62,51983.00,"Graduation",14,212.48,"Email",0
40,42386.00,"Master",14,185.92,"Email",1
40,42386.00,"Master",14,185.92,"SMS",0
40,42386.00,"Master",14,185.92,"Social Media",0
40,42386.00,"Master",14,185.92,"Google Search Ads",1
40,42386.00,"Master",14,185.92,"Display Ads",1
40,42386.00,"Master",14,185.92,"Email",0
39,30390.00,"2n Cycle",16,162.68,"Email",1
39,30390.00,"2n Cycle",16,162.68,"SMS",0
39,30390.00,"2n Cycle",16,162.68,"Social Media",0
39,30390.00,"2n Cycle",16,162.68,"Google Search Ads",1
39,30390.00,"2n Cycle",16,162.68,"Display Ads",1
39,30390.00,"2n Cycle",16,162.68,"Email",0
63,30983.00,"Graduation",14,159.36,"Email",1
63,30983.00,"Graduation",14,159.36,"SMS",0
63,30983.00,"Graduation",14,159.36,"Social Media",0
63,30983.00,"Graduation",14,159.36,"Google Search Ads",1
63,30983.00,"Graduation",14,159.36,"Display Ads",1
63,30983.00,"Graduation",14,159.36,"Email",0
69,66033.00,"Graduation",12,278.88,"Email",1
69,66033.00,"Graduation",12,278.88,"SMS",0
69,66033.00,"Graduation",12,278.88,"Social Media",0
69,66033.00,"Graduation",12,278.88,"Google Search Ads",1
69,66033.00,"Graduation",12,278.88,"Display Ads",1
69,66033.00,"Graduation",12,278.88,"Email",0
51,37284.00,"2n Cycle",14,239.04,"Email",1
51,37284.00,"2n Cycle",14,239.04,"SMS",0
51,37284.00,"2n Cycle",14,239.04,"Social Media",0
51,37284.00,"2n Cycle",14,239.04,"Google Search Ads",1
51,37284.00,"2n Cycle",14,239.04,"Display Ads",1
51,37284.00,"2n Cycle",14,239.04,"Email",0
75,57530.00,"Master",14,185.92,"Email",1
75,57530.00,"Master",14,185.92,"SMS",0
75,57530.00,"Master",14,185.92,"Social Media",0
75,57530.00,"Master",14,185.92,"Google Search Ads",1
75,57530.00,"Master",14,185.92,"Display Ads",1
75,57530.00,"Master",14,185.92,"Email",0
61,76800.00,"2n Cycle",16,162.68,"Email",1
61,76800.00,"2n Cycle",16,162.68,"SMS",0
61,76800.00,"2n Cycle",16,162.68,"Social Media",0
61,76800.00,"2n Cycle",16,162.68,"Google Search Ads",1
61,76800.00,"2n Cycle",16,162.68,"Display Ads",1
61,76800.00,"2n Cycle",16,162.68,"Email",0
70,63943.00,"Graduation",14,185.92,"Email",1
70,63943.00,"Graduation",14,185.92,"SMS",0
70,63943.00,"Graduation",14,185.92,"Social Media",0
70,63943.00,"Graduation",14,185.92,"Google Search Ads",1
70,63943.00,"Graduation",14,185.92,"Display Ads",1
70,63943.00,"Graduation",14,185.92,"Email",0
64,76081.00,"Graduation",14,185.92,"Email",1
64,76081.00,"Graduation",14,185.92,"SMS",0
64,76081.00,"Graduation",14,185.92,"Social Media",0
64,76081.00,"Graduation",14,185.92,"Google Search Ads",1
64,76081.00,"Graduation",14,185.92,"Display Ads",1
64,76081.00,"Graduation",14,185.92,"Email",0
52,67445.00,"Graduation",18,185.92,"Email",1
52,67445.00,"Graduation",18,185.92,"SMS",0
52,67445.00,"Graduation",18,185.92,"Social Media",0
52,67445.00,"Graduation",18,185.92,"Google Search Ads",1
52,67445.00,"Graduation",18,185.92,"Display Ads",1
52,67445.00,"Graduation",18,185.92,"Email",0
59,37054.00,"Master",14,212.48,"Email",1
59,37054.00,"Master",14,212.48,"SMS",0
59,37054.00,"Master",14,212.48,"Social Media",0
59,37054.00,"Master",14,212.48,"Google Search Ads",1
59,37054.00,"Master",14,212.48,"Display Ads",1
59,37054.00,"Master",14,212.48,"Email",0
64,47175.00,"Master",16,162.68,"Email",1
64,47175.00,"Master",16,162.68,"SMS",0
64,47175.00,"Master",16,162.68,"Social Media",0
64,47175.00,"Master",16,162.68,"Google Search Ads",1
64,47175.00,"Master",16,162.68,"Display Ads",1
64,47175.00,"Master",16,162.68,"Email",0
50,31859.00,"Graduation",14,212.48,"Email",1
50,31859.00,"Graduation",14,212.48,"SMS",0
50,31859.00,"Graduation",14,212.48,"Social Media",0
50,31859.00,"Graduation",14,212.48,"Google Search Ads",1
50,31859.00,"Graduation",14,212.48,"Display Ads",1
50,31859.00,"Graduation",14,212.48,"Email",0
65,27215.00,"Graduation",16,162.68,"Email",1
65,27215.00,"Graduation",16,162.68,"SMS",0
65,27215.00,"Graduation",16,162.68,"Social Media",0
65,27215.00,"Graduation",16,162.68,"Google Search Ads",1
65,27215.00,"Graduation",16,162.68,"Display Ads",1
65,27215.00,"Graduation",16,162.68,"Email",0
50,70179.00,"PhD",16,162.68,"Email",1
50,70179.00,"PhD",16,162.68,"SMS",0
50,70179.00,"PhD",16,162.68,"Social Media",0
50,70179.00,"PhD",16,162.68,"Google Search Ads",1
50,70179.00,"PhD",16,162.68,"Display Ads",1
50,70179.00,"PhD",16,162.68,"Email",0
43,39922.00,"Graduation",16,209.16,"Email",1
43,39922.00,"Graduation",16,209.16,"SMS",0
43,39922.00,"Graduation",16,209.16,"Social Media",0
43,39922.00,"Graduation",16,209.16,"Google Search Ads",1
43,39922.00,"Graduation",16,209.16,"Display Ads",1
43,39922.00,"Graduation",16,209.16,"Email",0
50,49681.00,"Master",14,185.92,"Email",1
50,49681.00,"Master",14,185.92,"SMS",0
50,49681.00,"Master",14,185.92,"Social Media",0
50,49681.00,"Master",14,185.92,"Google Search Ads",1
50,49681.00,"Master",14,185.92,"Display Ads",1
50,49681.00,"Master",14,185.92,"Email",0
38,24645.00,"Graduation",14,185.92,"Email",1
38,24645.00,"Graduation",14,185.92,"SMS",0
38,24645.00,"Graduation",14,185.92,"Social Media",0
38,24645.00,"Graduation",14,185.92,"Google Search Ads",1
38,24645.00,"Graduation",14,185.92,"Display Ads",1
38,24645.00,"Graduation",14,185.92,"Email",0
72,79865.00,"Graduation",14,239.04,"Email",1
72,79865.00,"Graduation",14,239.04,"SMS",0
72,79865.00,"Graduation",14,239.04,"Social Media",0
72,79865.00,"Graduation",14,239.04,"Google Search Ads",1
72,79865.00,"Graduation",14,239.04,"Display Ads",1
72,79865.00,"Graduation",14,239.04,"Email",0
41,44322.00,"Graduation",18,165.26,"Email",1
41,44322.00,"Graduation",18,165.26,"SMS",0
41,44322.00,"Graduation",18,165.26,"Social Media",0
41,44322.00,"Graduation",18,165.26,"Google Search Ads",1
41,44322.00,"Graduation",18,165.26,"Display Ads",1
41,44322.00,"Graduation",18,165.26,"Email",0
74,47958.00,"Graduation",16,185.92,"Email",1
74,47958.00,"Graduation",16,185.92,"SMS",0
74,47958.00,"Graduation",16,185.92,"Social Media",0
74,47958.00,"Graduation",16,185.92,"Google Search Ads",1
74,47958.00,"Graduation",16,185.92,"Display Ads",1
74,47958.00,"Graduation",16,185.92,"Email",0
62,63972.00,"Master",16,185.92,"Email",1
62,63972.00,"Master",16,185.92,"SMS",0
62,63972.00,"Master",16,185.92,"Social Media",0
62,63972.00,"Master",16,185.92,"Google Search Ads",1
62,63972.00,"Master",16,185.92,"Display Ads",1
62,63972.00,"Master",16,185.92,"Email",0
72,75315.00,"Graduation",14,212.48,"Email",1
72,75315.00,"Graduation",14,212.48,"SMS",0
72,75315.00,"Graduation",14,212.48,"Social Media",0
72,75315.00,"Graduation",14,212.48,"Google Search Ads",1
72,75315.00,"Graduation",14,212.48,"Display Ads",1
72,75315.00,"Graduation",14,212.48,"Email",0
76,55517.00,"PhD",16,139.44,"Email",1
76,55517.00,"PhD",16,139.44,"SMS",0
76,55517.00,"PhD",16,139.44,"Social Media",0
76,55517.00,"PhD",16,139.44,"Google Search Ads",1
76,55517.00,"PhD",16,139.44,"Display Ads",1
76,55517.00,"PhD",16,139.44,"Email",0
69,75283.00,"PhD",14,212.48,"Email",1
69,75283.00,"PhD",14,212.48,"SMS",0
69,75283.00,"PhD",14,212.48,"Social Media",0
69,75283.00,"PhD",14,212.48,"Google Search Ads",1
69,75283.00,"PhD",14,212.48,"Display Ads",1
69,75283.00,"PhD",14,212.48,"Email",0
80,82800.00,"PhD",14,159.36,"Email",1
80,82800.00,"PhD",14,159.36,"SMS",0
80,82800.00,"PhD",14,159.36,"Social Media",0
80,82800.00,"PhD",14,159.36,"Google Search Ads",1
80,82800.00,"PhD",14,159.36,"Display Ads",1
80,82800.00,"PhD",14,159.36,"Email",0
72,38998.00,"Graduation",16,162.68,"Email",1
72,38998.00,"Graduation",16,162.68,"SMS",0
72,38998.00,"Graduation",16,162.68,"Social Media",0
72,38998.00,"Graduation",16,162.68,"Google Search Ads",1
72,38998.00,"Graduation",16,162.68,"Display Ads",1
72,38998.00,"Graduation",16,162.68,"Email",0
35,90638.00,"Master",16,185.92,"Email",1
35,90638.00,"Master",16,185.92,"SMS",0
35,90638.00,"Master",16,185.92,"Social Media",0
35,90638.00,"Master",16,185.92,"Google Search Ads",1
35,90638.00,"Master",16,185.92,"Display Ads",1
35,90638.00,"Master",16,185.92,"Email",0
40,27161.00,"Master",16,162.68,"Email",1
40,27161.00,"Master",16,162.68,"SMS",0
40,27161.00,"Master",16,162.68,"Social Media",0
40,27161.00,"Master",16,162.68,"Google Search Ads",1
40,27161.00,"Master",16,162.68,"Display Ads",1
40,27161.00,"Master",16,162.68,"Email",0
49,42014.00,"Graduation",16,162.68,"Email",1
49,42014.00,"Graduation",16,162.68,"SMS",0
49,42014.00,"Graduation",16,162.68,"Social Media",0
49,42014.00,"Graduation",16,162.68,"Google Search Ads",1
49,42014.00,"Graduation",16,162.68,"Display Ads",1
49,42014.00,"Graduation",16,162.68,"Email",0
66,38201.00,"PhD",14,185.92,"Email",1
66,38201.00,"PhD",14,185.92,"SMS",0
66,38201.00,"PhD",14,185.92,"Social Media",0
66,38201.00,"PhD",14,185.92,"Google Search Ads",1
66,38201.00,"PhD",14,185.92,"Display Ads",1
66,38201.00,"PhD",14,185.92,"Email",0
44,45203.00,"Graduation",14,212.48,"Email",1
44,45203.00,"Graduation",14,212.48,"SMS",0
44,45203.00,"Graduation",14,212.48,"Social Media",0
44,45203.00,"Graduation",14,212.48,"Google Search Ads",1
44,45203.00,"Graduation",14,212.48,"Display Ads",1
44,45203.00,"Graduation",14,212.48,"Email",0
79,81574.00,"PhD",14,185.92,"Email",1
79,81574.00,"PhD",14,185.92,"SMS",0
79,81574.00,"PhD",14,185.92,"Social Media",0
79,81574.00,"PhD",14,185.92,"Google Search Ads",1
79,81574.00,"PhD",14,185.92,"Display Ads",1
79,81574.00,"PhD",14,185.92,"Email",0
34,34935.00,"Graduation",14,185.92,"Email",1
34,34935.00,"Graduation",14,185.92,"SMS",0
34,34935.00,"Graduation",14,185.92,"Social Media",0
34,34935.00,"Graduation",14,185.92,"Google Search Ads",1
34,34935.00,"Graduation",14,185.92,"Display Ads",1
34,34935.00,"Graduation",14,185.92,"Email",0
50,60482.00,"Master",16,185.92,"Email",1
50,60482.00,"Master",16,185.92,"SMS",0
50,60482.00,"Master",16,185.92,"Social Media",0
50,60482.00,"Master",16,185.92,"Google Search Ads",1
50,60482.00,"Master",16,185.92,"Display Ads",1
50,60482.00,"Master",16,185.92,"Email",0
70,34633.00,"Graduation",12,247.89,"Email",1
70,34633.00,"Graduation",12,247.89,"SMS",0
70,34633.00,"Graduation",12,247.89,"Social Media",0
70,34633.00,"Graduation",12,247.89,"Google Search Ads",1
70,34633.00,"Graduation",12,247.89,"Display Ads",1
70,34633.00,"Graduation",12,247.89,"Email",0
79,78093.00,"Master",18,165.26,"Email",1
79,78093.00,"Master",18,165.26,"SMS",0
79,78093.00,"Master",18,165.26,"Social Media",0
79,78093.00,"Master",18,165.26,"Google Search Ads",1
79,78093.00,"Master",18,165.26,"Display Ads",1
79,78093.00,"Master",18,165.26,"Email",0
76,82460.00,"Graduation",14,239.04,"Email",1
76,82460.00,"Graduation",14,239.04,"SMS",0
76,82460.00,"Graduation",14,239.04,"Social Media",0
76,82460.00,"Graduation",14,239.04,"Google Search Ads",1
76,82460.00,"Graduation",14,239.04,"Display Ads",1
76,82460.00,"Graduation",14,239.04,"Email",0
60,45903.00,"Master",14,185.92,"Email",1
60,45903.00,"Master",14,185.92,"SMS",0
60,45903.00,"Master",14,185.92,"Social Media",0
60,45903.00,"Master",14,185.92,"Google Search Ads",1
60,45903.00,"Master",14,185.92,"Display Ads",1
60,45903.00,"Master",14,185.92,"Email",0
39,81361.00,"Graduation",16,139.44,"Email",1
39,81361.00,"Graduation",16,139.44,"SMS",0
39,81361.00,"Graduation",16,139.44,"Social Media",0
39,81361.00,"Graduation",16,139.44,"Google Search Ads",1
39,81361.00,"Graduation",16,139.44,"Display Ads",1
39,81361.00,"Graduation",16,139.44,"Email",0
53,35860.00,"PhD",14,185.92,"Email",1
53,35860.00,"PhD",14,185.92,"SMS",0
53,35860.00,"PhD",14,185.92,"Social Media",0
53,35860.00,"PhD",14,185.92,"Google Search Ads",1
53,35860.00,"PhD",14,185.92,"Display Ads",1
53,35860.00,"PhD",14,185.92,"Email",0
74,40442.00,"Master",14,239.04,"Email",1
74,40442.00,"Master",14,239.04,"SMS",0
74,40442.00,"Master",14,239.04,"Social Media",0
74,40442.00,"Master",14,239.04,"Google Search Ads",1
74,40442.00,"Master",14,239.04,"Display Ads",1
74,40442.00,"Master",14,239.04,"Email",0
61,61482.00,"Graduation",16,209.16,"Email",1
61,61482.00,"Graduation",16,209.16,"SMS",0
61,61482.00,"Graduation",16,209.16,"Social Media",0
61,61482.00,"Graduation",16,209.16,"Google Search Ads",1
61,61482.00,"Graduation",16,209.16,"Display Ads",1
61,61482.00,"Graduation",16,209.16,"Email",0
46,34968.00,"Graduation",16,185.92,"Email",1
46,34968.00,"Graduation",16,185.92,"SMS",0
46,34968.00,"Graduation",16,185.92,"Social Media",0
46,34968.00,"Graduation",16,185.92,"Google Search Ads",1
46,34968.00,"Graduation",16,185.92,"Display Ads",1
46,34968.00,"Graduation",16,185.92,"Email",0
39,75794.00,"Graduation",14,212.48,"Email",1
39,75794.00,"Graduation",14,212.48,"SMS",0
39,75794.00,"Graduation",14,212.48,"Social Media",0
39,75794.00,"Graduation",14,212.48,"Google Search Ads",1
39,75794.00,"Graduation",14,212.48,"Display Ads",1
39,75794.00,"Graduation",14,212.48,"Email",0
64,31497.00,"PhD",16,185.92,"Email",1
64,31497.00,"PhD",16,185.92,"SMS",0
64,31497.00,"PhD",16,185.92,"Social Media",0
64,31497.00,"PhD",16,185.92,"Google Search Ads",1
64,31497.00,"PhD",16,185.92,"Display Ads",1
64,31497.00,"PhD",16,185.92,"Email",0
71,74268.00,"Graduation",14,212.48,"Email",1
71,74268.00,"Graduation",14,212.48,"SMS",0
71,74268.00,"Graduation",14,212.48,"Social Media",0
71,74268.00,"Graduation",14,212.48,"Google Search Ads",1
71,74268.00,"Graduation",14,212.48,"Display Ads",1
71,74268.00,"Graduation",14,212.48,"Email",0
38,13724.00,"Basic",14,212.48,"Email",1
38,13724.00,"Basic",14,212.48,"SMS",0
38,13724.00,"Basic",14,212.48,"Social Media",0
38,13724.00,"Basic",14,212.48,"Google Search Ads",1
38,13724.00,"Basic",14,212.48,"Display Ads",1
38,13724.00,"Basic",14,212.48,"Email",0
61,45143.00,"Master",18,144.60,"Email",1
61,45143.00,"Master",18,144.60,"SMS",0
61,45143.00,"Master",18,144.60,"Social Media",0
61,45143.00,"Master",18,144.60,"Google Search Ads",1
61,45143.00,"Master",18,144.60,"Display Ads",1
61,45143.00,"Master",18,144.60,"Email",0
59,52569.00,"PhD",16,185.92,"Email",1
59,52569.00,"PhD",16,185.92,"SMS",0
59,52569.00,"PhD",16,185.92,"Social Media",0
59,52569.00,"PhD",16,185.92,"Google Search Ads",1
59,52569.00,"PhD",16,185.92,"Display Ads",1
59,52569.00,"PhD",16,185.92,"Email",0
53,48432.00,"PhD",18,123.94,"Email",1
53,48432.00,"PhD",18,123.94,"SMS",0
53,48432.00,"PhD",18,123.94,"Social Media",0
53,48432.00,"PhD",18,123.94,"Google Search Ads",1
53,48432.00,"PhD",18,123.94,"Display Ads",1
53,48432.00,"PhD",18,123.94,"Email",0
66,17144.00,"Master",16,185.92,"Email",1
66,17144.00,"Master",16,185.92,"SMS",0
66,17144.00,"Master",16,185.92,"Social Media",0
66,17144.00,"Master",16,185.92,"Google Search Ads",1
66,17144.00,"Master",16,185.92,"Display Ads",1
66,17144.00,"Master",16,185.92,"Email",0
42,36108.00,"Graduation",14,185.92,"Email",1
42,36108.00,"Graduation",14,185.92,"SMS",0
42,36108.00,"Graduation",14,185.92,"Social Media",0
42,36108.00,"Graduation",14,185.92,"Google Search Ads",1
42,36108.00,"Graduation",14,185.92,"Display Ads",1
42,36108.00,"Graduation",14,185.92,"Email",0
55,76445.00,"Graduation",16,209.16,"Email",1
55,76445.00,"Graduation",16,209.16,"SMS",0
55,76445.00,"Graduation",16,209.16,"Social Media",0
55,76445.00,"Graduation",16,209.16,"Google Search Ads",1
55,76445.00,"Graduation",16,209.16,"Display Ads",1
55,76445.00,"Graduation",16,209.16,"Email",0
51,36663.00,"PhD",16,185.92,"Email",1
51,36663.00,"PhD",16,185.92,"SMS",0
51,36663.00,"PhD",16,185.92,"Social Media",0
51,36663.00,"PhD",16,185.92,"Google Search Ads",1
51,36663.00,"PhD",16,185.92,"Display Ads",1
51,36663.00,"PhD",16,185.92,"Email",0
61,53843.00,"Master",16,162.68,"Email",1
61,53843.00,"Master",16,162.68,"SMS",0
61,53843.00,"Master",16,162.68,"Social Media",0
61,53843.00,"Master",16,162.68,"Google Search Ads",1
61,53843.00,"Master",16,162.68,"Display Ads",1
61,53843.00,"Master",16,162.68,"Email",0
70,90226.00,"Master",16,139.44,"Email",1
70,90226.00,"Master",16,139.44,"SMS",0
70,90226.00,"Master",16,139.44,"Social Media",0
70,90226.00,"Master",16,139.44,"Google Search Ads",1
70,90226.00,"Master",16,139.44,"Display Ads",1
70,90226.00,"Master",16,139.44,"Email",0
71,70638.00,"Master",14,185.92,"Email",1
71,70638.00,"Master",14,185.92,"SMS",0
71,70638.00,"Master",14,185.92,"Social Media",0
71,70638.00,"Master",14,185.92,"Google Search Ads",1
71,70638.00,"Master",14,185.92,"Display Ads",1
71,70638.00,"Master",14,185.92,"Email",0
66,44512.00,"Graduation",14,212.48,"Email",1
66,44512.00,"Graduation",14,212.48,"SMS",0
66,44512.00,"Graduation",14,212.48,"Social Media",0
66,44512.00,"Graduation",14,212.48,"Google Search Ads",1
66,44512.00,"Graduation",14,212.48,"Display Ads",1
66,44512.00,"Graduation",14,212.48,"Email",0
65,27116.00,"Graduation",14,212.48,"Email",1
65,27116.00,"Graduation",14,212.48,"SMS",0
65,27116.00,"Graduation",14,212.48,"Social Media",0
65,27116.00,"Graduation",14,212.48,"Google Search Ads",1
65,27116.00,"Graduation",14,212.48,"Display Ads",1
65,27116.00,"Graduation",14,212.48,"Email",0
63,54072.00,"PhD",16,185.92,"Email",1
63,54072.00,"PhD",16,185.92,"SMS",0
63,54072.00,"PhD",16,185.92,"Social Media",0
63,54072.00,"PhD",16,185.92,"Google Search Ads",1
63,54072.00,"PhD",16,185.92,"Display Ads",1
63,54072.00,"PhD",16,185.92,"Email",0
49,71855.00,"Graduation",18,165.26,"Email",1
49,71855.00,"Graduation",18,165.26,"SMS",0
49,71855.00,"Graduation",18,165.26,"Social Media",0
49,71855.00,"Graduation",18,165.26,"Google Search Ads",1
49,71855.00,"Graduation",18,165.26,"Display Ads",1
49,71855.00,"Graduation",18,165.26,"Email",0
36,51250.00,"2n Cycle",14,185.92,"Email",1
36,51250.00,"2n Cycle",14,185.92,"SMS",0
36,51250.00,"2n Cycle",14,185.92,"Social Media",0
36,51250.00,"2n Cycle",14,185.92,"Google Search Ads",1
36,51250.00,"2n Cycle",14,185.92,"Display Ads",1
36,51250.00,"2n Cycle",14,185.92,"Email",0
53,60432.00,"Master",14,212.48,"Email",1
53,60432.00,"Master",14,212.48,"SMS",0
53,60432.00,"Master",14,212.48,"Social Media",0
53,60432.00,"Master",14,212.48,"Google Search Ads",1
53,60432.00,"Master",14,212.48,"Display Ads",1
53,60432.00,"Master",14,212.48,"Email",0
62,65526.00,"PhD",14,239.04,"Email",1
62,65526.00,"PhD",14,239.04,"SMS",0
62,65526.00,"PhD",14,239.04,"Social Media",0
62,65526.00,"PhD",14,239.04,"Google Search Ads",1
62,65526.00,"PhD",14,239.04,"Display Ads",1
62,65526.00,"PhD",14,239.04,"Email",0
38,68655.00,"Graduation",14,239.04,"Email",1
38,68655.00,"Graduation",14,239.04,"SMS",0
38,68655.00,"Graduation",14,239.04,"Social Media",0
38,68655.00,"Graduation",14,239.04,"Google Search Ads",1
38,68655.00,"Graduation",14,239.04,"Display Ads",1
38,68655.00,"Graduation",14,239.04,"Email",0
48,12393.00,"2n Cycle",18,185.92,"Email",1
48,12393.00,"2n Cycle",18,185.92,"SMS",0
48,12393.00,"2n Cycle",18,185.92,"Social Media",0
48,12393.00,"2n Cycle",18,185.92,"Google Search Ads",1
48,12393.00,"2n Cycle",18,185.92,"Display Ads",1
48,12393.00,"2n Cycle",18,185.92,"Email",0
36,64509.00,"Graduation",16,185.92,"Email",1
36,64509.00,"Graduation",16,185.92,"SMS",0
36,64509.00,"Graduation",16,185.92,"Social Media",0
36,64509.00,"Graduation",16,185.92,"Google Search Ads",1
36,64509.00,"Graduation",16,185.92,"Display Ads",1
36,64509.00,"Graduation",16,185.92,"Email",0
51,33955.00,"Graduation",14,212.48,"Email",1
51,33955.00,"Graduation",14,212.48,"SMS",0
51,33955.00,"Graduation",14,212.48,"Social Media",0
51,33955.00,"Graduation",14,212.48,"Google Search Ads",1
51,33955.00,"Graduation",14,212.48,"Display Ads",1
51,33955.00,"Graduation",14,212.48,"Email",0
49,31353.00,"Graduation",16,162.68,"Email",1
49,31353.00,"Graduation",16,162.68,"SMS",0
49,31353.00,"Graduation",16,162.68,"Social Media",0
49,31353.00,"Graduation",16,162.68,"Google Search Ads",1
49,31353.00,"Graduation",16,162.68,"Display Ads",1
49,31353.00,"Graduation",16,162.68,"Email",0
42,55434.00,"Graduation",16,185.92,"Email",1
42,55434.00,"Graduation",16,185.92,"SMS",0
42,55434.00,"Graduation",16,185.92,"Social Media",0
42,55434.00,"Graduation",16,185.92,"Google Search Ads",1
42,55434.00,"Graduation",16,185.92,"Display Ads",1
42,55434.00,"Graduation",16,185.92,"Email",0
43,28359.00,"Graduation",16,185.92,"Email",1
43,28359.00,"Graduation",16,185.92,"SMS",0
43,28359.00,"Graduation",16,185.92,"Social Media",0
43,28359.00,"Graduation",16,185.92,"Google Search Ads",1
43,28359.00,"Graduation",16,185.92,"Display Ads",1
43,28359.00,"Graduation",16,185.92,"Email",0
39,57100.00,"Graduation",16,185.92,"Email",1
39,57100.00,"Graduation",16,185.92,"SMS",0
39,57100.00,"Graduation",16,185.92,"Social Media",0
39,57100.00,"Graduation",16,185.92,"Google Search Ads",1
39,57100.00,"Graduation",16,185.92,"Display Ads",1
39,57100.00,"Graduation",16,185.92,"Email",0
61,69139.00,"Graduation",14,185.92,"Email",1
61,69139.00,"Graduation",14,185.92,"SMS",0
61,69139.00,"Graduation",14,185.92,"Social Media",0
61,69139.00,"Graduation",14,185.92,"Google Search Ads",1
61,69139.00,"Graduation",14,185.92,"Display Ads",1
61,69139.00,"Graduation",14,185.92,"Email",0
70,52973.00,"Master",16,185.92,"Email",1
70,52973.00,"Master",16,185.92,"SMS",0
70,52973.00,"Master",16,185.92,"Social Media",0
70,52973.00,"Master",16,185.92,"Google Search Ads",1
70,52973.00,"Master",16,185.92,"Display Ads",1
70,52973.00,"Master",16,185.92,"Email",0
61,51717.00,"PhD",14,159.36,"Email",1
61,51717.00,"PhD",14,159.36,"SMS",0
61,51717.00,"PhD",14,159.36,"Social Media",0
61,51717.00,"PhD",14,159.36,"Google Search Ads",1
61,51717.00,"PhD",14,159.36,"Display Ads",1
61,51717.00,"PhD",14,159.36,"Email",0
55,18793.00,"Graduation",14,212.48,"Email",1
55,18793.00,"Graduation",14,212.48,"SMS",0
55,18793.00,"Graduation",14,212.48,"Social Media",0
55,18793.00,"Graduation",14,212.48,"Google Search Ads",1
55,18793.00,"Graduation",14,212.48,"Display Ads",1
55,18793.00,"Graduation",14,212.48,"Email",0
44,66664.00,"2n Cycle",16,185.92,"Email",1
44,66664.00,"2n Cycle",16,185.92,"SMS",0
44,66664.00,"2n Cycle",16,185.92,"Social Media",0
44,66664.00,"2n Cycle",16,185.92,"Google Search Ads",1
44,66664.00,"2n Cycle",16,185.92,"Display Ads",1
44,66664.00,"2n Cycle",16,185.92,"Email",0
67,50664.00,"Graduation",16,162.68,"Email",1
67,50664.00,"Graduation",16,162.68,"SMS",0
67,50664.00,"Graduation",16,162.68,"Social Media",0
67,50664.00,"Graduation",16,162.68,"Google Search Ads",1
67,50664.00,"Graduation",16,162.68,"Display Ads",1
67,50664.00,"Graduation",16,162.68,"Email",0
63,54414.00,"Graduation",16,185.92,"Email",1
63,54414.00,"Graduation",16,185.92,"SMS",0
63,54414.00,"Graduation",16,185.92,"Social Media",0
63,54414.00,"Graduation",16,185.92,"Google Search Ads",1
63,54414.00,"Graduation",16,185.92,"Display Ads",1
63,54414.00,"Graduation",16,185.92,"Email",0
74,54549.00,"PhD",12,216.90,"Email",1
74,54549.00,"PhD",12,216.90,"SMS",0
74,54549.00,"PhD",12,216.90,"Social Media",0
74,54549.00,"PhD",12,216.90,"Google Search Ads",1
74,54549.00,"PhD",12,216.90,"Display Ads",1
74,54549.00,"PhD",12,216.90,"Email",0
55,47111.00,"PhD",18,123.94,"Email",1
55,47111.00,"PhD",18,123.94,"SMS",0
55,47111.00,"PhD",18,123.94,"Social Media",0
55,47111.00,"PhD",18,123.94,"Google Search Ads",1
55,47111.00,"PhD",18,123.94,"Display Ads",1
55,47111.00,"PhD",18,123.94,"Email",0
63,41003.00,"PhD",14,185.92,"Email",1
63,41003.00,"PhD",14,185.92,"SMS",0
63,41003.00,"PhD",14,185.92,"Social Media",0
63,41003.00,"PhD",14,185.92,"Google Search Ads",1
63,41003.00,"PhD",14,185.92,"Display Ads",1
63,41003.00,"PhD",14,185.92,"Email",0
44,19444.00,"Graduation",14,185.92,"Email",1
44,19444.00,"Graduation",14,185.92,"SMS",0
44,19444.00,"Graduation",14,185.92,"Social Media",0
44,19444.00,"Graduation",14,185.92,"Google Search Ads",1
44,19444.00,"Graduation",14,185.92,"Display Ads",1
44,19444.00,"Graduation",14,185.92,"Email",0
50,36301.00,"2n Cycle",14,185.92,"Email",1
50,36301.00,"2n Cycle",14,185.92,"SMS",0
50,36301.00,"2n Cycle",14,185.92,"Social Media",0
50,36301.00,"2n Cycle",14,185.92,"Google Search Ads",1
50,36301.00,"2n Cycle",14,185.92,"Display Ads",1
50,36301.00,"2n Cycle",14,185.92,"Email",0
79,73059.00,"PhD",14,212.48,"Email",1
79,73059.00,"PhD",14,212.48,"SMS",0
79,73059.00,"PhD",14,212.48,"Social Media",0
79,73059.00,"PhD",14,212.48,"Google Search Ads",1
79,73059.00,"PhD",14,212.48,"Display Ads",1
79,73059.00,"PhD",14,212.48,"Email",0
57,42731.00,"PhD",14,185.92,"Email",1
57,42731.00,"PhD",14,185.92,"SMS",0
57,42731.00,"PhD",14,185.92,"Social Media",0
57,42731.00,"PhD",14,185.92,"Google Search Ads",1
57,42731.00,"PhD",14,185.92,"Display Ads",1
57,42731.00,"PhD",14,185.92,"Email",0
67,52854.00,"PhD",14,185.92,"Email",1
67,52854.00,"PhD",14,185.92,"SMS",0
67,52854.00,"PhD",14,185.92,"Social Media",0
67,52854.00,"PhD",14,185.92,"Google Search Ads",1
67,52854.00,"PhD",14,185.92,"Display Ads",1
67,52854.00,"PhD",14,185.92,"Email",0
48,22775.00,"Graduation",16,209.16,"Email",1
48,22775.00,"Graduation",16,209.16,"SMS",0
48,22775.00,"Graduation",16,209.16,"Social Media",0
48,22775.00,"Graduation",16,209.16,"Google Search Ads",1
48,22775.00,"Graduation",16,209.16,"Display Ads",1
48,22775.00,"Graduation",16,209.16,"Email",0
78,46681.00,"PhD",14,185.92,"Email",1
78,46681.00,"PhD",14,185.92,"SMS",0
78,46681.00,"PhD",14,185.92,"Social Media",0
78,46681.00,"PhD",14,185.92,"Google Search Ads",1
78,46681.00,"PhD",14,185.92,"Display Ads",1
78,46681.00,"PhD",14,185.92,"Email",0
71,59821.00,"PhD",16,185.92,"Email",1
71,59821.00,"PhD",16,185.92,"SMS",0
71,59821.00,"PhD",16,185.92,"Social Media",0
71,59821.00,"PhD",16,185.92,"Google Search Ads",1
71,59821.00,"PhD",16,185.92,"Display Ads",1
71,59821.00,"PhD",16,185.92,"Email",0
72,50002.00,"Graduation",14,212.48,"Email",1
72,50002.00,"Graduation",14,212.48,"SMS",0
72,50002.00,"Graduation",14,212.48,"Social Media",0
72,50002.00,"Graduation",14,212.48,"Google Search Ads",1
72,50002.00,"Graduation",14,212.48,"Display Ads",1
72,50002.00,"Graduation",14,212.48,"Email",0
81,69755.00,"Graduation",16,185.92,"Email",1
81,69755.00,"Graduation",16,185.92,"SMS",0
81,69755.00,"Graduation",16,185.92,"Social Media",0
81,69755.00,"Graduation",16,185.92,"Google Search Ads",1
81,69755.00,"Graduation",16,185.92,"Display Ads",1
81,69755.00,"Graduation",16,185.92,"Email",0
57,44078.00,"Graduation",18,165.26,"Email",1
57,44078.00,"Graduation",18,165.26,"SMS",0
57,44078.00,"Graduation",18,165.26,"Social Media",0
57,44078.00,"Graduation",18,165.26,"Google Search Ads",1
57,44078.00,"Graduation",18,165.26,"Display Ads",1
57,44078.00,"Graduation",18,165.26,"Email",0
50,30560.00,"Master",14,239.04,"Email",1
50,30560.00,"Master",14,239.04,"SMS",0
50,30560.00,"Master",14,239.04,"Social Media",0
50,30560.00,"Master",14,239.04,"Google Search Ads",1
50,30560.00,"Master",14,239.04,"Display Ads",1
50,30560.00,"Master",14,239.04,"Email",0
57,35924.00,"Master",16,139.44,"Email",1
57,35924.00,"Master",16,139.44,"SMS",0
57,35924.00,"Master",16,139.44,"Social Media",0
57,35924.00,"Master",16,139.44,"Google Search Ads",1
57,35924.00,"Master",16,139.44,"Display Ads",1
57,35924.00,"Master",16,139.44,"Email",0
62,64140.00,"PhD",14,159.36,"Email",1
62,64140.00,"PhD",14,159.36,"SMS",0
62,64140.00,"PhD",14,159.36,"Social Media",0
62,64140.00,"PhD",14,159.36,"Google Search Ads",1
62,64140.00,"PhD",14,159.36,"Display Ads",1
62,64140.00,"PhD",14,159.36,"Email",0
45,56386.00,"Graduation",16,162.68,"Email",1
45,56386.00,"Graduation",16,162.68,"SMS",0
45,56386.00,"Graduation",16,162.68,"Social Media",0
45,56386.00,"Graduation",16,162.68,"Google Search Ads",1
45,56386.00,"Graduation",16,162.68,"Display Ads",1
45,56386.00,"Graduation",16,162.68,"Email",0
47,24594.00,"Basic",16,185.92,"Email",1
47,24594.00,"Basic",16,185.92,"SMS",0
47,24594.00,"Basic",16,185.92,"Social Media",0
47,24594.00,"Basic",16,185.92,"Google Search Ads",1
47,24594.00,"Basic",16,185.92,"Display Ads",1
47,24594.00,"Basic",16,185.92,"Email",0
45,75774.00,"2n Cycle",14,212.48,"Email",1
45,75774.00,"2n Cycle",14,212.48,"SMS",0
45,75774.00,"2n Cycle",14,212.48,"Social Media",0
45,75774.00,"2n Cycle",14,212.48,"Google Search Ads",1
45,75774.00,"2n Cycle",14,212.48,"Display Ads",1
45,75774.00,"2n Cycle",14,212.48,"Email",0
66,39228.00,"Master",14,212.48,"Email",1
66,39228.00,"Master",14,212.48,"SMS",0
66,39228.00,"Master",14,212.48,"Social Media",0
66,39228.00,"Master",14,212.48,"Google Search Ads",1
66,39228.00,"Master",14,212.48,"Display Ads",1
66,39228.00,"Master",14,212.48,"Email",0
52,58494.00,"Master",18,123.94,"Email",1
52,58494.00,"Master",18,123.94,"SMS",0
52,58494.00,"Master",18,123.94,"Social Media",0
52,58494.00,"Master",18,123.94,"Google Search Ads",1
52,58494.00,"Master",18,123.94,"Display Ads",1
52,58494.00,"Master",18,123.94,"Email",0
45,58684.00,"Graduation",14,212.48,"Email",1
45,58684.00,"Graduation",14,212.48,"SMS",0
45,58684.00,"Graduation",14,212.48,"Social Media",0
45,58684.00,"Graduation",14,212.48,"Google Search Ads",1
45,58684.00,"Graduation",14,212.48,"Display Ads",1
45,58684.00,"Graduation",14,212.48,"Email",0
59,57136.00,"Graduation",14,185.92,"Email",1
59,57136.00,"Graduation",14,185.92,"SMS",0
59,57136.00,"Graduation",14,185.92,"Social Media",0
59,57136.00,"Graduation",14,185.92,"Google Search Ads",1
59,57136.00,"Graduation",14,185.92,"Display Ads",1
59,57136.00,"Graduation",14,185.92,"Email",0
76,56551.00,"PhD",14,239.04,"Email",1
76,56551.00,"PhD",14,239.04,"SMS",0
76,56551.00,"PhD",14,239.04,"Social Media",0
76,56551.00,"PhD",14,239.04,"Google Search Ads",1
76,56551.00,"PhD",14,239.04,"Display Ads",1
76,56551.00,"PhD",14,239.04,"Email",0
44,22448.00,"Graduation",12,185.92,"Email",1
44,22448.00,"Graduation",12,185.92,"SMS",0
44,22448.00,"Graduation",12,185.92,"Social Media",0
44,22448.00,"Graduation",12,185.92,"Google Search Ads",1
44,22448.00,"Graduation",12,185.92,"Display Ads",1
44,22448.00,"Graduation",12,185.92,"Email",0
65,82014.00,"Graduation",14,212.48,"Email",1
65,82014.00,"Graduation",14,212.48,"SMS",0
65,82014.00,"Graduation",14,212.48,"Social Media",0
65,82014.00,"Graduation",14,212.48,"Google Search Ads",1
65,82014.00,"Graduation",14,212.48,"Display Ads",1
65,82014.00,"Graduation",14,212.48,"Email",0
63,34213.00,"Graduation",16,139.44,"Email",1
63,34213.00,"Graduation",16,139.44,"SMS",0
63,34213.00,"Graduation",16,139.44,"Social Media",0
63,34213.00,"Graduation",16,139.44,"Google Search Ads",1
63,34213.00,"Graduation",16,139.44,"Display Ads",1
63,34213.00,"Graduation",16,139.44,"Email",0
49,157146.00,"Graduation",18,144.60,"Email",1
49,157146.00,"Graduation",18,144.60,"SMS",0
49,157146.00,"Graduation",18,144.60,"Social Media",0
49,157146.00,"Graduation",18,144.60,"Google Search Ads",1
49,157146.00,"Graduation",18,144.60,"Display Ads",1
49,157146.00,"Graduation",18,144.60,"Email",0
79,25358.00,"PhD",14,212.48,"Email",1
79,25358.00,"PhD",14,212.48,"SMS",0
79,25358.00,"PhD",14,212.48,"Social Media",0
79,25358.00,"PhD",14,212.48,"Google Search Ads",1
79,25358.00,"PhD",14,212.48,"Display Ads",1
79,25358.00,"PhD",14,212.48,"Email",0
48,35544.00,"Master",14,185.92,"Email",1
48,35544.00,"Master",14,185.92,"SMS",0
48,35544.00,"Master",14,185.92,"Social Media",0
48,35544.00,"Master",14,185.92,"Google Search Ads",1
48,35544.00,"Master",14,185.92,"Display Ads",1
48,35544.00,"Master",14,185.92,"Email",0
72,36634.00,"Master",14,212.48,"Email",1
72,36634.00,"Master",14,212.48,"SMS",0
72,36634.00,"Master",14,212.48,"Social Media",0
72,36634.00,"Master",14,212.48,"Google Search Ads",1
72,36634.00,"Master",14,212.48,"Display Ads",1
72,36634.00,"Master",14,212.48,"Email",0
72,62670.00,"PhD",12,278.88,"Email",1
72,62670.00,"PhD",12,278.88,"SMS",0
72,62670.00,"PhD",12,278.88,"Social Media",0
72,62670.00,"PhD",12,278.88,"Google Search Ads",1
72,62670.00,"PhD",12,278.88,"Display Ads",1
72,62670.00,"PhD",12,278.88,"Email",0
54,50334.00,"2n Cycle",18,165.26,"Email",1
54,50334.00,"2n Cycle",18,165.26,"SMS",0
54,50334.00,"2n Cycle",18,165.26,"Social Media",0
54,50334.00,"2n Cycle",18,165.26,"Google Search Ads",1
54,50334.00,"2n Cycle",18,165.26,"Display Ads",1
54,50334.00,"2n Cycle",18,165.26,"Email",0
45,72066.00,"Graduation",14,212.48,"Email",1
45,72066.00,"Graduation",14,212.48,"SMS",0
45,72066.00,"Graduation",14,212.48,"Social Media",0
45,72066.00,"Graduation",14,212.48,"Google Search Ads",1
45,72066.00,"Graduation",14,212.48,"Display Ads",1
45,72066.00,"Graduation",14,212.48,"Email",0
68,50729.00,"PhD",14,212.48,"Email",1
68,50729.00,"PhD",14,212.48,"SMS",0
68,50729.00,"PhD",14,212.48,"Social Media",0
68,50729.00,"PhD",14,212.48,"Google Search Ads",1
68,50729.00,"PhD",14,212.48,"Display Ads",1
68,50729.00,"PhD",14,212.48,"Email",0
58,34916.00,"Graduation",14,212.48,"Email",1
58,34916.00,"Graduation",14,212.48,"SMS",0
58,34916.00,"Graduation",14,212.48,"Social Media",0
58,34916.00,"Graduation",14,212.48,"Google Search Ads",1
58,34916.00,"Graduation",14,212.48,"Display Ads",1
58,34916.00,"Graduation",14,212.48,"Email",0
50,64892.00,"Graduation",14,185.92,"Email",1
50,64892.00,"Graduation",14,185.92,"SMS",0
50,64892.00,"Graduation",14,185.92,"Social Media",0
50,64892.00,"Graduation",14,185.92,"Google Search Ads",1
50,64892.00,"Graduation",14,185.92,"Display Ads",1
50,64892.00,"Graduation",14,185.92,"Email",0
60,43602.00,"Graduation",16,209.16,"Email",1
60,43602.00,"Graduation",16,209.16,"SMS",0
60,43602.00,"Graduation",16,209.16,"Social Media",0
60,43602.00,"Graduation",16,209.16,"Google Search Ads",1
60,43602.00,"Graduation",16,209.16,"Display Ads",1
60,43602.00,"Graduation",16,209.16,"Email",0
37,33996.00,"PhD",14,185.92,"Email",1
37,33996.00,"PhD",14,185.92,"SMS",0
37,33996.00,"PhD",14,185.92,"Social Media",0
37,33996.00,"PhD",14,185.92,"Google Search Ads",1
37,33996.00,"PhD",14,185.92,"Display Ads",1
37,33996.00,"PhD",14,185.92,"Email",0
41,41473.00,"2n Cycle",16,162.68,"Email",1
41,41473.00,"2n Cycle",16,162.68,"SMS",0
41,41473.00,"2n Cycle",16,162.68,"Social Media",0
41,41473.00,"2n Cycle",16,162.68,"Google Search Ads",1
41,41473.00,"2n Cycle",16,162.68,"Display Ads",1
41,41473.00,"2n Cycle",16,162.68,"Email",0
59,63246.00,"PhD",14,185.92,"Email",1
59,63246.00,"PhD",14,185.92,"SMS",0
59,63246.00,"PhD",14,185.92,"Social Media",0
59,63246.00,"PhD",14,185.92,"Google Search Ads",1
59,63246.00,"PhD",14,185.92,"Display Ads",1
59,63246.00,"PhD",14,185.92,"Email",0
67,36732.00,"PhD",16,139.44,"Email",1
67,36732.00,"PhD",16,139.44,"SMS",0
67,36732.00,"PhD",16,139.44,"Social Media",0
67,36732.00,"PhD",16,139.44,"Google Search Ads",1
67,36732.00,"PhD",16,139.44,"Display Ads",1
67,36732.00,"PhD",16,139.44,"Email",0
56,69084.00,"PhD",16,185.92,"Email",1
56,69084.00,"PhD",16,185.92,"SMS",0
56,69084.00,"PhD",16,185.92,"Social Media",0
56,69084.00,"PhD",16,185.92,"Google Search Ads",1
56,69084.00,"PhD",16,185.92,"Display Ads",1
56,69084.00,"PhD",16,185.92,"Email",0
59,77766.00,"PhD",14,212.48,"Email",1
59,77766.00,"PhD",14,212.48,"SMS",0
59,77766.00,"PhD",14,212.48,"Social Media",0
59,77766.00,"PhD",14,212.48,"Google Search Ads",1
59,77766.00,"PhD",14,212.48,"Display Ads",1
59,77766.00,"PhD",14,212.48,"Email",0
41,37929.00,"PhD",16,139.44,"Email",1
41,37929.00,"PhD",16,139.44,"SMS",0
41,37929.00,"PhD",16,139.44,"Social Media",0
41,37929.00,"PhD",16,139.44,"Google Search Ads",1
41,37929.00,"PhD",16,139.44,"Display Ads",1
41,37929.00,"PhD",16,139.44,"Email",0
75,86610.00,"Graduation",14,212.48,"Email",1
75,86610.00,"Graduation",14,212.48,"SMS",0
75,86610.00,"Graduation",14,212.48,"Social Media",0
75,86610.00,"Graduation",14,212.48,"Google Search Ads",1
75,86610.00,"Graduation",14,212.48,"Display Ads",1
75,86610.00,"Graduation",14,212.48,"Email",0
40,80141.00,"Master",14,239.04,"Email",1
40,80141.00,"Master",14,239.04,"SMS",0
40,80141.00,"Master",14,239.04,"Social Media",0
40,80141.00,"Master",14,239.04,"Google Search Ads",1
40,80141.00,"Master",14,239.04,"Display Ads",1
40,80141.00,"Master",14,239.04,"Email",0
71,72635.00,"2n Cycle",14,159.36,"Email",1
71,72635.00,"2n Cycle",14,159.36,"SMS",0
71,72635.00,"2n Cycle",14,159.36,"Social Media",0
71,72635.00,"2n Cycle",14,159.36,"Google Search Ads",1
71,72635.00,"2n Cycle",14,159.36,"Display Ads",1
71,72635.00,"2n Cycle",14,159.36,"Email",0
56,69016.00,"Graduation",16,162.68,"Email",1
56,69016.00,"Graduation",16,162.68,"SMS",0
56,69016.00,"Graduation",16,162.68,"Social Media",0
56,69016.00,"Graduation",16,162.68,"Google Search Ads",1
56,69016.00,"Graduation",16,162.68,"Display Ads",1
56,69016.00,"Graduation",16,162.68,"Email",0
35,20193.00,"2n Cycle",14,185.92,"Email",1
35,20193.00,"2n Cycle",14,185.92,"SMS",0
35,20193.00,"2n Cycle",14,185.92,"Social Media",0
35,20193.00,"2n Cycle",14,185.92,"Google Search Ads",1
35,20193.00,"2n Cycle",14,185.92,"Display Ads",1
35,20193.00,"2n Cycle",14,185.92,"Email",0
51,27573.00,"Graduation",14,159.36,"Email",1
51,27573.00,"Graduation",14,159.36,"SMS",0
51,27573.00,"Graduation",14,159.36,"Social Media",0
51,27573.00,"Graduation",14,159.36,"Google Search Ads",1
51,27573.00,"Graduation",14,159.36,"Display Ads",1
51,27573.00,"Graduation",14,159.36,"Email",0
47,15862.00,"Basic",16,185.92,"Email",1
47,15862.00,"Basic",16,185.92,"SMS",0
47,15862.00,"Basic",16,185.92,"Social Media",0
47,15862.00,"Basic",16,185.92,"Google Search Ads",1
47,15862.00,"Basic",16,185.92,"Display Ads",1
47,15862.00,"Basic",16,185.92,"Email",0
50,49544.00,"PhD",12,247.89,"Email",1
50,49544.00,"PhD",12,247.89,"SMS",0
50,49544.00,"PhD",12,247.89,"Social Media",0
50,49544.00,"PhD",12,247.89,"Google Search Ads",1
50,49544.00,"PhD",12,247.89,"Display Ads",1
50,49544.00,"PhD",12,247.89,"Email",0
46,33228.00,"Graduation",16,185.92,"Email",1
46,33228.00,"Graduation",16,185.92,"SMS",0
46,33228.00,"Graduation",16,185.92,"Social Media",0
46,33228.00,"Graduation",16,185.92,"Google Search Ads",1
46,33228.00,"Graduation",16,185.92,"Display Ads",1
46,33228.00,"Graduation",16,185.92,"Email",0
48,70440.00,"Graduation",14,185.92,"Email",1
48,70440.00,"Graduation",14,185.92,"SMS",0
48,70440.00,"Graduation",14,185.92,"Social Media",0
48,70440.00,"Graduation",14,185.92,"Google Search Ads",1
48,70440.00,"Graduation",14,185.92,"Display Ads",1
48,70440.00,"Graduation",14,185.92,"Email",0
55,38232.00,"Graduation",14,159.36,"Email",1
55,38232.00,"Graduation",14,159.36,"SMS",0
55,38232.00,"Graduation",14,159.36,"Social Media",0
55,38232.00,"Graduation",14,159.36,"Google Search Ads",1
55,38232.00,"Graduation",14,159.36,"Display Ads",1
55,38232.00,"Graduation",14,159.36,"Email",0
71,22554.00,"PhD",16,162.68,"Email",1
71,22554.00,"PhD",16,162.68,"SMS",0
71,22554.00,"PhD",16,162.68,"Social Media",0
71,22554.00,"PhD",16,162.68,"Google Search Ads",1
71,22554.00,"PhD",16,162.68,"Display Ads",1
71,22554.00,"PhD",16,162.68,"Email",0
43,23536.00,"PhD",14,212.48,"Email",1
43,23536.00,"PhD",14,212.48,"SMS",0
43,23536.00,"PhD",14,212.48,"Social Media",0
43,23536.00,"PhD",14,212.48,"Google Search Ads",1
43,23536.00,"PhD",14,212.48,"Display Ads",1
43,23536.00,"PhD",14,212.48,"Email",0
74,49413.00,"Graduation",14,185.92,"Email",1
74,49413.00,"Graduation",14,185.92,"SMS",0
74,49413.00,"Graduation",14,185.92,"Social Media",0
74,49413.00,"Graduation",14,185.92,"Google Search Ads",1
74,49413.00,"Graduation",14,185.92,"Display Ads",1
74,49413.00,"Graduation",14,185.92,"Email",0
57,42231.00,"Graduation",16,162.68,"Email",1
57,42231.00,"Graduation",16,162.68,"SMS",0
57,42231.00,"Graduation",16,162.68,"Social Media",0
57,42231.00,"Graduation",16,162.68,"Google Search Ads",1
57,42231.00,"Graduation",16,162.68,"Display Ads",1
57,42231.00,"Graduation",16,162.68,"Email",0
46,78789.00,"Master",14,185.92,"Email",1
46,78789.00,"Master",14,185.92,"SMS",0
46,78789.00,"Master",14,185.92,"Social Media",0
46,78789.00,"Master",14,185.92,"Google Search Ads",1
46,78789.00,"Master",14,185.92,"Display Ads",1
46,78789.00,"Master",14,185.92,"Email",0
58,56534.00,"Graduation",14,212.48,"Email",1
58,56534.00,"Graduation",14,212.48,"SMS",0
58,56534.00,"Graduation",14,212.48,"Social Media",0
58,56534.00,"Graduation",14,212.48,"Google Search Ads",1
58,56534.00,"Graduation",14,212.48,"Display Ads",1
58,56534.00,"Graduation",14,212.48,"Email",0
55,58350.00,"Graduation",12,216.90,"Email",1
55,58350.00,"Graduation",12,216.90,"SMS",0
55,58350.00,"Graduation",12,216.90,"Social Media",0
55,58350.00,"Graduation",12,216.90,"Google Search Ads",1
55,58350.00,"Graduation",12,216.90,"Display Ads",1
55,58350.00,"Graduation",12,216.90,"Email",0
37,81217.00,"Graduation",18,144.60,"Email",1
37,81217.00,"Graduation",18,144.60,"SMS",0
37,81217.00,"Graduation",18,144.60,"Social Media",0
37,81217.00,"Graduation",18,144.60,"Google Search Ads",1
37,81217.00,"Graduation",18,144.60,"Display Ads",1
37,81217.00,"Graduation",18,144.60,"Email",0
75,49090.00,"Graduation",16,185.92,"Email",1
75,49090.00,"Graduation",16,185.92,"SMS",0
75,49090.00,"Graduation",16,185.92,"Social Media",0
75,49090.00,"Graduation",16,185.92,"Google Search Ads",1
75,49090.00,"Graduation",16,185.92,"Display Ads",1
75,49090.00,"Graduation",16,185.92,"Email",0
39,61787.00,"Master",16,162.68,"Email",1
39,61787.00,"Master",16,162.68,"SMS",0
39,61787.00,"Master",16,162.68,"Social Media",0
39,61787.00,"Master",16,162.68,"Google Search Ads",1
39,61787.00,"Master",16,162.68,"Display Ads",1
39,61787.00,"Master",16,162.68,"Email",0
41,18169.00,"PhD",14,212.48,"Email",1
41,18169.00,"PhD",14,212.48,"SMS",0
41,18169.00,"PhD",14,212.48,"Social Media",0
41,18169.00,"PhD",14,212.48,"Google Search Ads",1
41,18169.00,"PhD",14,212.48,"Display Ads",1
41,18169.00,"PhD",14,212.48,"Email",0
45,24336.00,"2n Cycle",16,162.68,"Email",1
45,24336.00,"2n Cycle",16,162.68,"SMS",0
45,24336.00,"2n Cycle",16,162.68,"Social Media",0
45,24336.00,"2n Cycle",16,162.68,"Google Search Ads",1
45,24336.00,"2n Cycle",16,162.68,"Display Ads",1
45,24336.00,"2n Cycle",16,162.68,"Email",0
36,18222.00,"Graduation",12,216.90,"Email",1
36,18222.00,"Graduation",12,216.90,"SMS",0
36,18222.00,"Graduation",12,216.90,"Social Media",0
36,18222.00,"Graduation",12,216.90,"Google Search Ads",1
36,18222.00,"Graduation",12,216.90,"Display Ads",1
36,18222.00,"Graduation",12,216.90,"Email",0
74,62335.00,"Graduation",12,216.90,"Email",1
74,62335.00,"Graduation",12,216.90,"SMS",0
74,62335.00,"Graduation",12,216.90,"Social Media",0
74,62335.00,"Graduation",12,216.90,"Google Search Ads",1
74,62335.00,"Graduation",12,216.90,"Display Ads",1
74,62335.00,"Graduation",12,216.90,"Email",0
55,42033.00,"2n Cycle",14,239.04,"Email",1
55,42033.00,"2n Cycle",14,239.04,"SMS",0
55,42033.00,"2n Cycle",14,239.04,"Social Media",0
55,42033.00,"2n Cycle",14,239.04,"Google Search Ads",1
55,42033.00,"2n Cycle",14,239.04,"Display Ads",1
55,42033.00,"2n Cycle",14,239.04,"Email",0
43,86580.00,"PhD",16,185.92,"Email",1
43,86580.00,"PhD",16,185.92,"SMS",0
43,86580.00,"PhD",16,185.92,"Social Media",0
43,86580.00,"PhD",16,185.92,"Google Search Ads",1
43,86580.00,"PhD",16,185.92,"Display Ads",1
43,86580.00,"PhD",16,185.92,"Email",0
69,41437.00,"PhD",16,162.68,"Email",1
69,41437.00,"PhD",16,162.68,"SMS",0
69,41437.00,"PhD",16,162.68,"Social Media",0
69,41437.00,"PhD",16,162.68,"Google Search Ads",1
69,41437.00,"PhD",16,162.68,"Display Ads",1
69,41437.00,"PhD",16,162.68,"Email",0
75,73705.00,"Master",16,139.44,"Email",1
75,73705.00,"Master",16,139.44,"SMS",0
75,73705.00,"Master",16,139.44,"Social Media",0
75,73705.00,"Master",16,139.44,"Google Search Ads",1
75,73705.00,"Master",16,139.44,"Display Ads",1
75,73705.00,"Master",16,139.44,"Email",0
50,61064.00,"Graduation",16,209.16,"Email",1
50,61064.00,"Graduation",16,209.16,"SMS",0
50,61064.00,"Graduation",16,209.16,"Social Media",0
50,61064.00,"Graduation",16,209.16,"Google Search Ads",1
50,61064.00,"Graduation",16,209.16,"Display Ads",1
50,61064.00,"Graduation",16,209.16,"Email",0
71,38452.00,"Master",18,144.60,"Email",1
71,38452.00,"Master",18,144.60,"SMS",0
71,38452.00,"Master",18,144.60,"Social Media",0
71,38452.00,"Master",18,144.60,"Google Search Ads",1
71,38452.00,"Master",18,144.60,"Display Ads",1
71,38452.00,"Master",18,144.60,"Email",0
37,18358.00,"Graduation",14,212.48,"Email",1
37,18358.00,"Graduation",14,212.48,"SMS",0
37,18358.00,"Graduation",14,212.48,"Social Media",0
37,18358.00,"Graduation",14,212.48,"Google Search Ads",1
37,18358.00,"Graduation",14,212.48,"Display Ads",1
37,18358.00,"Graduation",14,212.48,"Email",0
53,55012.00,"PhD",14,212.48,"Email",1
53,55012.00,"PhD",14,212.48,"SMS",0
53,55012.00,"PhD",14,212.48,"Social Media",0
53,55012.00,"PhD",14,212.48,"Google Search Ads",1
53,55012.00,"PhD",14,212.48,"Display Ads",1
53,55012.00,"PhD",14,212.48,"Email",0
53,9722.00,"Basic",16,162.68,"Email",1
53,9722.00,"Basic",16,162.68,"SMS",0
53,9722.00,"Basic",16,162.68,"Social Media",0
53,9722.00,"Basic",16,162.68,"Google Search Ads",1
53,9722.00,"Basic",16,162.68,"Display Ads",1
53,9722.00,"Basic",16,162.68,"Email",0
42,38175.00,"PhD",16,209.16,"Email",1
42,38175.00,"PhD",16,209.16,"SMS",0
42,38175.00,"PhD",16,209.16,"Social Media",0
42,38175.00,"PhD",16,209.16,"Google Search Ads",1
42,38175.00,"PhD",16,209.16,"Display Ads",1
42,38175.00,"PhD",16,209.16,"Email",0
70,58656.00,"Master",14,212.48,"Email",1
70,58656.00,"Master",14,212.48,"SMS",0
70,58656.00,"Master",14,212.48,"Social Media",0
70,58656.00,"Master",14,212.48,"Google Search Ads",1
70,58656.00,"Master",14,212.48,"Display Ads",1
70,58656.00,"Master",14,212.48,"Email",0
61,52117.00,"Graduation",16,139.44,"Email",1
61,52117.00,"Graduation",16,139.44,"SMS",0
61,52117.00,"Graduation",16,139.44,"Social Media",0
61,52117.00,"Graduation",16,139.44,"Google Search Ads",1
61,52117.00,"Graduation",16,139.44,"Display Ads",1
61,52117.00,"Graduation",16,139.44,"Email",0
48,64813.00,"Graduation",18,165.26,"Email",1
48,64813.00,"Graduation",18,165.26,"SMS",0
48,64813.00,"Graduation",18,165.26,"Social Media",0
48,64813.00,"Graduation",18,165.26,"Google Search Ads",1
48,64813.00,"Graduation",18,165.26,"Display Ads",1
48,64813.00,"Graduation",18,165.26,"Email",0
53,54222.00,"PhD",16,162.68,"Email",1
53,54222.00,"PhD",16,162.68,"SMS",0
53,54222.00,"PhD",16,162.68,"Social Media",0
53,54222.00,"PhD",16,162.68,"Google Search Ads",1
53,54222.00,"PhD",16,162.68,"Display Ads",1
53,54222.00,"PhD",16,162.68,"Email",0
40,83512.00,"Graduation",16,162.68,"Email",1
40,83512.00,"Graduation",16,162.68,"SMS",0
40,83512.00,"Graduation",16,162.68,"Social Media",0
40,83512.00,"Graduation",16,162.68,"Google Search Ads",1
40,83512.00,"Graduation",16,162.68,"Display Ads",1
40,83512.00,"Graduation",16,162.68,"Email",0
67,77520.00,"Master",14,185.92,"Email",1
67,77520.00,"Master",14,185.92,"SMS",0
67,77520.00,"Master",14,185.92,"Social Media",0
67,77520.00,"Master",14,185.92,"Google Search Ads",1
67,77520.00,"Master",14,185.92,"Display Ads",1
67,77520.00,"Master",14,185.92,"Email",0
48,41154.00,"Graduation",16,209.16,"Email",1
48,41154.00,"Graduation",16,209.16,"SMS",0
48,41154.00,"Graduation",16,209.16,"Social Media",0
48,41154.00,"Graduation",16,209.16,"Google Search Ads",1
48,41154.00,"Graduation",16,209.16,"Display Ads",1
48,41154.00,"Graduation",16,209.16,"Email",0
60,80398.00,"Graduation",16,139.44,"Email",1
60,80398.00,"Graduation",16,139.44,"SMS",0
60,80398.00,"Graduation",16,139.44,"Social Media",0
60,80398.00,"Graduation",16,139.44,"Google Search Ads",1
60,80398.00,"Graduation",16,139.44,"Display Ads",1
60,80398.00,"Graduation",16,139.44,"Email",0
34,18746.00,"Basic",16,185.92,"Email",1
34,18746.00,"Basic",16,185.92,"SMS",0
34,18746.00,"Basic",16,185.92,"Social Media",0
34,18746.00,"Basic",16,185.92,"Google Search Ads",1
34,18746.00,"Basic",16,185.92,"Display Ads",1
34,18746.00,"Basic",16,185.92,"Email",0
42,35196.00,"Graduation",14,185.92,"Email",1
42,35196.00,"Graduation",14,185.92,"SMS",0
42,35196.00,"Graduation",14,185.92,"Social Media",0
42,35196.00,"Graduation",14,185.92,"Google Search Ads",1
42,35196.00,"Graduation",14,185.92,"Display Ads",1
42,35196.00,"Graduation",14,185.92,"Email",0
70,60230.00,"Graduation",18,144.60,"Email",1
70,60230.00,"Graduation",18,144.60,"SMS",0
70,60230.00,"Graduation",18,144.60,"Social Media",0
70,60230.00,"Graduation",18,144.60,"Google Search Ads",1
70,60230.00,"Graduation",18,144.60,"Display Ads",1
70,60230.00,"Graduation",18,144.60,"Email",0
49,22108.00,"Graduation",12,185.92,"Email",1
49,22108.00,"Graduation",12,185.92,"SMS",0
49,22108.00,"Graduation",12,185.92,"Social Media",0
49,22108.00,"Graduation",12,185.92,"Google Search Ads",1
49,22108.00,"Graduation",12,185.92,"Display Ads",1
49,22108.00,"Graduation",12,185.92,"Email",0
52,44392.00,"Graduation",18,165.26,"Email",1
52,44392.00,"Graduation",18,165.26,"SMS",0
52,44392.00,"Graduation",18,165.26,"Social Media",0
52,44392.00,"Graduation",18,165.26,"Google Search Ads",1
52,44392.00,"Graduation",18,165.26,"Display Ads",1
52,44392.00,"Graduation",18,165.26,"Email",0
50,55424.00,"PhD",16,185.92,"Email",1
50,55424.00,"PhD",16,185.92,"SMS",0
50,55424.00,"PhD",16,185.92,"Social Media",0
50,55424.00,"PhD",16,185.92,"Google Search Ads",1
50,55424.00,"PhD",16,185.92,"Display Ads",1
50,55424.00,"PhD",16,185.92,"Email",0
47,17688.00,"Graduation",18,144.60,"Email",1
47,17688.00,"Graduation",18,144.60,"SMS",0
47,17688.00,"Graduation",18,144.60,"Social Media",0
47,17688.00,"Graduation",18,144.60,"Google Search Ads",1
47,17688.00,"Graduation",18,144.60,"Display Ads",1
47,17688.00,"Graduation",18,144.60,"Email",0
43,92491.00,"PhD",16,209.16,"Email",1
43,92491.00,"PhD",16,209.16,"SMS",0
43,92491.00,"PhD",16,209.16,"Social Media",0
43,92491.00,"PhD",16,209.16,"Google Search Ads",1
43,92491.00,"PhD",16,209.16,"Display Ads",1
43,92491.00,"PhD",16,209.16,"Email",0
35,90273.00,"Graduation",16,162.68,"Email",1
35,90273.00,"Graduation",16,162.68,"SMS",0
35,90273.00,"Graduation",16,162.68,"Social Media",0
35,90273.00,"Graduation",16,162.68,"Google Search Ads",1
35,90273.00,"Graduation",16,162.68,"Display Ads",1
35,90273.00,"Graduation",16,162.68,"Email",0
64,82571.00,"PhD",12,216.90,"Email",1
64,82571.00,"PhD",12,216.90,"SMS",0
64,82571.00,"PhD",12,216.90,"Social Media",0
64,82571.00,"PhD",12,216.90,"Google Search Ads",1
64,82571.00,"PhD",12,216.90,"Display Ads",1
64,82571.00,"PhD",12,216.90,"Email",0
44,38513.00,"PhD",16,162.68,"Email",1
44,38513.00,"PhD",16,162.68,"SMS",0
44,38513.00,"PhD",16,162.68,"Social Media",0
44,38513.00,"PhD",16,162.68,"Google Search Ads",1
44,38513.00,"PhD",16,162.68,"Display Ads",1
44,38513.00,"PhD",16,162.68,"Email",0
47,16653.00,"Master",14,159.36,"Email",1
47,16653.00,"Master",14,159.36,"SMS",0
47,16653.00,"Master",14,159.36,"Social Media",0
47,16653.00,"Master",14,159.36,"Google Search Ads",1
47,16653.00,"Master",14,159.36,"Display Ads",1
47,16653.00,"Master",14,159.36,"Email",0
71,42586.00,"Graduation",14,185.92,"Email",1
71,42586.00,"Graduation",14,185.92,"SMS",0
71,42586.00,"Graduation",14,185.92,"Social Media",0
71,42586.00,"Graduation",14,185.92,"Google Search Ads",1
71,42586.00,"Graduation",14,185.92,"Display Ads",1
71,42586.00,"Graduation",14,185.92,"Email",0
61,23529.00,"Basic",12,247.89,"Email",1
61,23529.00,"Basic",12,247.89,"SMS",0
61,23529.00,"Basic",12,247.89,"Social Media",0
61,23529.00,"Basic",12,247.89,"Google Search Ads",1
61,23529.00,"Basic",12,247.89,"Display Ads",1
61,23529.00,"Basic",12,247.89,"Email",0
65,74881.00,"Master",16,162.68,"Email",1
65,74881.00,"Master",16,162.68,"SMS",0
65,74881.00,"Master",16,162.68,"Social Media",0
65,74881.00,"Master",16,162.68,"Google Search Ads",1
65,74881.00,"Master",16,162.68,"Display Ads",1
65,74881.00,"Master",16,162.68,"Email",0
75,71107.00,"Graduation",16,209.16,"Email",1
75,71107.00,"Graduation",16,209.16,"SMS",0
75,71107.00,"Graduation",16,209.16,"Social Media",0
75,71107.00,"Graduation",16,209.16,"Google Search Ads",1
75,71107.00,"Graduation",16,209.16,"Display Ads",1
75,71107.00,"Graduation",16,209.16,"Email",0
62,46910.00,"PhD",16,162.68,"Email",1
62,46910.00,"PhD",16,162.68,"SMS",0
62,46910.00,"PhD",16,162.68,"Social Media",0
62,46910.00,"PhD",16,162.68,"Google Search Ads",1
62,46910.00,"PhD",16,162.68,"Display Ads",1
62,46910.00,"PhD",16,162.68,"Email",0
67,18690.00,"Graduation",16,209.16,"Email",1
67,18690.00,"Graduation",16,209.16,"SMS",0
67,18690.00,"Graduation",16,209.16,"Social Media",0
67,18690.00,"Graduation",16,209.16,"Google Search Ads",1
67,18690.00,"Graduation",16,209.16,"Display Ads",1
67,18690.00,"Graduation",16,209.16,"Email",0
71,37244.00,"Graduation",14,185.92,"Email",1
71,37244.00,"Graduation",14,185.92,"SMS",0
71,37244.00,"Graduation",14,185.92,"Social Media",0
71,37244.00,"Graduation",14,185.92,"Google Search Ads",1
71,37244.00,"Graduation",14,185.92,"Display Ads",1
71,37244.00,"Graduation",14,185.92,"Email",0
60,82427.00,"Graduation",18,123.94,"Email",1
60,82427.00,"Graduation",18,123.94,"SMS",0
60,82427.00,"Graduation",18,123.94,"Social Media",0
60,82427.00,"Graduation",18,123.94,"Google Search Ads",1
60,82427.00,"Graduation",18,123.94,"Display Ads",1
60,82427.00,"Graduation",18,123.94,"Email",0
68,75342.00,"2n Cycle",16,185.92,"Email",1
68,75342.00,"2n Cycle",16,185.92,"SMS",0
68,75342.00,"2n Cycle",16,185.92,"Social Media",0
68,75342.00,"2n Cycle",16,185.92,"Google Search Ads",1
68,75342.00,"2n Cycle",16,185.92,"Display Ads",1
68,75342.00,"2n Cycle",16,185.92,"Email",0
72,70044.00,"Graduation",14,212.48,"Email",1
72,70044.00,"Graduation",14,212.48,"SMS",0
72,70044.00,"Graduation",14,212.48,"Social Media",0
72,70044.00,"Graduation",14,212.48,"Google Search Ads",1
72,70044.00,"Graduation",14,212.48,"Display Ads",1
72,70044.00,"Graduation",14,212.48,"Email",0
59,79146.00,"Graduation",14,185.92,"Email",1
59,79146.00,"Graduation",14,185.92,"SMS",0
59,79146.00,"Graduation",14,185.92,"Social Media",0
59,79146.00,"Graduation",14,185.92,"Google Search Ads",1
59,79146.00,"Graduation",14,185.92,"Display Ads",1
59,79146.00,"Graduation",14,185.92,"Email",0
63,77437.00,"Graduation",14,212.48,"Email",1
63,77437.00,"Graduation",14,212.48,"SMS",0
63,77437.00,"Graduation",14,212.48,"Social Media",0
63,77437.00,"Graduation",14,212.48,"Google Search Ads",1
63,77437.00,"Graduation",14,212.48,"Display Ads",1
63,77437.00,"Graduation",14,212.48,"Email",0
67,54984.00,"Graduation",12,216.90,"Email",1
67,54984.00,"Graduation",12,216.90,"SMS",0
67,54984.00,"Graduation",12,216.90,"Social Media",0
67,54984.00,"Graduation",12,216.90,"Google Search Ads",1
67,54984.00,"Graduation",12,216.90,"Display Ads",1
67,54984.00,"Graduation",12,216.90,"Email",0
55,42403.00,"PhD",14,159.36,"Email",1
55,42403.00,"PhD",14,159.36,"SMS",0
55,42403.00,"PhD",14,159.36,"Social Media",0
55,42403.00,"PhD",14,159.36,"Google Search Ads",1
55,42403.00,"PhD",14,159.36,"Display Ads",1
55,42403.00,"PhD",14,159.36,"Email",0
62,55761.00,"Graduation",14,212.48,"Email",1
62,55761.00,"Graduation",14,212.48,"SMS",0
62,55761.00,"Graduation",14,212.48,"Social Media",0
62,55761.00,"Graduation",14,212.48,"Google Search Ads",1
62,55761.00,"Graduation",14,212.48,"Display Ads",1
62,55761.00,"Graduation",14,212.48,"Email",0
43,37292.00,"Graduation",14,212.48,"Email",1
43,37292.00,"Graduation",14,212.48,"SMS",0
43,37292.00,"Graduation",14,212.48,"Social Media",0
43,37292.00,"Graduation",14,212.48,"Google Search Ads",1
43,37292.00,"Graduation",14,212.48,"Display Ads",1
43,37292.00,"Graduation",14,212.48,"Email",0
81,45576.00,"PhD",16,139.44,"Email",1
81,45576.00,"PhD",16,139.44,"SMS",0
81,45576.00,"PhD",16,139.44,"Social Media",0
81,45576.00,"PhD",16,139.44,"Google Search Ads",1
81,45576.00,"PhD",16,139.44,"Display Ads",1
81,45576.00,"PhD",16,139.44,"Email",0
79,70321.00,"Graduation",14,212.48,"Email",1
79,70321.00,"Graduation",14,212.48,"SMS",0
79,70321.00,"Graduation",14,212.48,"Social Media",0
79,70321.00,"Graduation",14,212.48,"Google Search Ads",1
79,70321.00,"Graduation",14,212.48,"Display Ads",1
79,70321.00,"Graduation",14,212.48,"Email",0
57,58086.00,"PhD",14,185.92,"Email",1
57,58086.00,"PhD",14,185.92,"SMS",0
57,58086.00,"PhD",14,185.92,"Social Media",0
57,58086.00,"PhD",14,185.92,"Google Search Ads",1
57,58086.00,"PhD",14,185.92,"Display Ads",1
57,58086.00,"PhD",14,185.92,"Email",0
74,81795.00,"Graduation",18,144.60,"Email",1
74,81795.00,"Graduation",18,144.60,"SMS",0
74,81795.00,"Graduation",18,144.60,"Social Media",0
74,81795.00,"Graduation",18,144.60,"Google Search Ads",1
74,81795.00,"Graduation",18,144.60,"Display Ads",1
74,81795.00,"Graduation",18,144.60,"Email",0
79,28389.00,"Basic",16,162.68,"Email",1
79,28389.00,"Basic",16,162.68,"SMS",0
79,28389.00,"Basic",16,162.68,"Social Media",0
79,28389.00,"Basic",16,162.68,"Google Search Ads",1
79,28389.00,"Basic",16,162.68,"Display Ads",1
79,28389.00,"Basic",16,162.68,"Email",0
80,66835.00,"Master",14,212.48,"Email",1
80,66835.00,"Master",14,212.48,"SMS",0
80,66835.00,"Master",14,212.48,"Social Media",0
80,66835.00,"Master",14,212.48,"Google Search Ads",1
80,66835.00,"Master",14,212.48,"Display Ads",1
80,66835.00,"Master",14,212.48,"Email",0
57,69901.00,"Graduation",14,185.92,"Email",1
57,69901.00,"Graduation",14,185.92,"SMS",0
57,69901.00,"Graduation",14,185.92,"Social Media",0
57,69901.00,"Graduation",14,185.92,"Google Search Ads",1
57,69901.00,"Graduation",14,185.92,"Display Ads",1
57,69901.00,"Graduation",14,185.92,"Email",0
77,80360.00,"PhD",16,162.68,"Email",1
77,80360.00,"PhD",16,162.68,"SMS",0
77,80360.00,"PhD",16,162.68,"Social Media",0
77,80360.00,"PhD",16,162.68,"Google Search Ads",1
77,80360.00,"PhD",16,162.68,"Display Ads",1
77,80360.00,"PhD",16,162.68,"Email",0
65,63342.00,"PhD",0,0,"Email",0
65,63342.00,"PhD",0,0,"SMS",0
65,63342.00,"PhD",0,0,"Social Media",0
65,63342.00,"PhD",0,0,"Google Search Ads",0
65,63342.00,"PhD",0,0,"Display Ads",0
65,63342.00,"PhD",0,0,"Email",0
52,44989.00,"Graduation",0,0,"Email",0
52,44989.00,"Graduation",0,0,"SMS",0
52,44989.00,"Graduation",0,0,"Social Media",0
52,44989.00,"Graduation",0,0,"Google Search Ads",0
52,44989.00,"Graduation",0,0,"Display Ads",0
52,44989.00,"Graduation",0,0,"Email",0
46,31859.00,"2n Cycle",0,0,"Email",0
46,31859.00,"2n Cycle",0,0,"SMS",0
46,31859.00,"2n Cycle",0,0,"Social Media",0
46,31859.00,"2n Cycle",0,0,"Google Search Ads",0
46,31859.00,"2n Cycle",0,0,"Display Ads",0
46,31859.00,"2n Cycle",0,0,"Email",0
77,51569.00,"PhD",0,0,"Email",0
77,51569.00,"PhD",0,0,"SMS",0
77,51569.00,"PhD",0,0,"Social Media",0
77,51569.00,"PhD",0,0,"Google Search Ads",0
77,51569.00,"PhD",0,0,"Display Ads",0
77,51569.00,"PhD",0,0,"Email",0
55,30372.00,"Graduation",0,0,"Email",0
55,30372.00,"Graduation",0,0,"SMS",0
55,30372.00,"Graduation",0,0,"Social Media",0
55,30372.00,"Graduation",0,0,"Google Search Ads",0
55,30372.00,"Graduation",0,0,"Display Ads",0
55,30372.00,"Graduation",0,0,"Email",0
47,16014.00,"Basic",0,0,"Email",0
47,16014.00,"Basic",0,0,"SMS",0
47,16014.00,"Basic",0,0,"Social Media",0
47,16014.00,"Basic",0,0,"Google Search Ads",0
47,16014.00,"Basic",0,0,"Display Ads",0
47,16014.00,"Basic",0,0,"Email",0
58,41120.00,"Graduation",0,0,"Email",0
58,41120.00,"Graduation",0,0,"SMS",0
58,41120.00,"Graduation",0,0,"Social Media",0
58,41120.00,"Graduation",0,0,"Google Search Ads",0
58,41120.00,"Graduation",0,0,"Display Ads",0
58,41120.00,"Graduation",0,0,"Email",0
55,39763.00,"Master",0,0,"Email",0
55,39763.00,"Master",0,0,"SMS",0
55,39763.00,"Master",0,0,"Social Media",0
55,39763.00,"Master",0,0,"Google Search Ads",0
55,39763.00,"Master",0,0,"Display Ads",0
55,39763.00,"Master",0,0,"Email",0
71,38725.00,"PhD",0,0,"Email",0
71,38725.00,"PhD",0,0,"SMS",0
71,38725.00,"PhD",0,0,"Social Media",0
71,38725.00,"PhD",0,0,"Google Search Ads",0
71,38725.00,"PhD",0,0,"Display Ads",0
71,38725.00,"PhD",0,0,"Email",0
54,77981.00,"Graduation",0,0,"Email",0
54,77981.00,"Graduation",0,0,"SMS",0
54,77981.00,"Graduation",0,0,"Social Media",0
54,77981.00,"Graduation",0,0,"Google Search Ads",0
54,77981.00,"Graduation",0,0,"Display Ads",0
54,77981.00,"Graduation",0,0,"Email",0
62,62905.00,"2n Cycle",0,0,"Email",0
62,62905.00,"2n Cycle",0,0,"SMS",0
62,62905.00,"2n Cycle",0,0,"Social Media",0
62,62905.00,"2n Cycle",0,0,"Google Search Ads",0
62,62905.00,"2n Cycle",0,0,"Display Ads",0
62,62905.00,"2n Cycle",0,0,"Email",0
47,13533.00,"2n Cycle",0,0,"Email",0
47,13533.00,"2n Cycle",0,0,"SMS",0
47,13533.00,"2n Cycle",0,0,"Social Media",0
47,13533.00,"2n Cycle",0,0,"Google Search Ads",0
47,13533.00,"2n Cycle",0,0,"Display Ads",0
47,13533.00,"2n Cycle",0,0,"Email",0
51,59481.00,"Graduation",0,0,"Email",0
51,59481.00,"Graduation",0,0,"SMS",0
51,59481.00,"Graduation",0,0,"Social Media",0
51,59481.00,"Graduation",0,0,"Google Search Ads",0
51,59481.00,"Graduation",0,0,"Display Ads",0
51,59481.00,"Graduation",0,0,"Email",0
49,72117.00,"Graduation",0,0,"Email",0
49,72117.00,"Graduation",0,0,"SMS",0
49,72117.00,"Graduation",0,0,"Social Media",0
49,72117.00,"Graduation",0,0,"Google Search Ads",0
49,72117.00,"Graduation",0,0,"Display Ads",0
49,72117.00,"Graduation",0,0,"Email",0
40,21955.00,"2n Cycle",0,0,"Email",0
40,21955.00,"2n Cycle",0,0,"SMS",0
40,21955.00,"2n Cycle",0,0,"Social Media",0
40,21955.00,"2n Cycle",0,0,"Google Search Ads",0
40,21955.00,"2n Cycle",0,0,"Display Ads",0
40,21955.00,"2n Cycle",0,0,"Email",0
70,67131.00,"Graduation",0,0,"Email",0
70,67131.00,"Graduation",0,0,"SMS",0
70,67131.00,"Graduation",0,0,"Social Media",0
70,67131.00,"Graduation",0,0,"Google Search Ads",0
70,67131.00,"Graduation",0,0,"Display Ads",0
70,67131.00,"Graduation",0,0,"Email",0
46,36802.00,"PhD",0,0,"Email",0
46,36802.00,"PhD",0,0,"SMS",0
46,36802.00,"PhD",0,0,"Social Media",0
46,36802.00,"PhD",0,0,"Google Search Ads",0
46,36802.00,"PhD",0,0,"Display Ads",0
46,36802.00,"PhD",0,0,"Email",0
44,71853.00,"Graduation",0,0,"Email",0
44,71853.00,"Graduation",0,0,"SMS",0
44,71853.00,"Graduation",0,0,"Social Media",0
44,71853.00,"Graduation",0,0,"Google Search Ads",0
44,71853.00,"Graduation",0,0,"Display Ads",0
44,71853.00,"Graduation",0,0,"Email",0
65,28249.00,"Basic",0,0,"Email",0
65,28249.00,"Basic",0,0,"SMS",0
65,28249.00,"Basic",0,0,"Social Media",0
65,28249.00,"Basic",0,0,"Google Search Ads",0
65,28249.00,"Basic",0,0,"Display Ads",0
65,28249.00,"Basic",0,0,"Email",0
51,47808.00,"Master",0,0,"Email",0
51,47808.00,"Master",0,0,"SMS",0
51,47808.00,"Master",0,0,"Social Media",0
51,47808.00,"Master",0,0,"Google Search Ads",0
51,47808.00,"Master",0,0,"Display Ads",0
51,47808.00,"Master",0,0,"Email",0
52,25509.00,"PhD",0,0,"Email",0
52,25509.00,"PhD",0,0,"SMS",0
52,25509.00,"PhD",0,0,"Social Media",0
52,25509.00,"PhD",0,0,"Google Search Ads",0
52,25509.00,"PhD",0,0,"Display Ads",0
52,25509.00,"PhD",0,0,"Email",0
80,51012.00,"PhD",0,0,"Email",0
80,51012.00,"PhD",0,0,"SMS",0
80,51012.00,"PhD",0,0,"Social Media",0
80,51012.00,"PhD",0,0,"Google Search Ads",0
80,51012.00,"PhD",0,0,"Display Ads",0
80,51012.00,"PhD",0,0,"Email",0
41,70596.00,"Graduation",0,0,"Email",0
41,70596.00,"Graduation",0,0,"SMS",0
41,70596.00,"Graduation",0,0,"Social Media",0
41,70596.00,"Graduation",0,0,"Google Search Ads",0
41,70596.00,"Graduation",0,0,"Display Ads",0
41,70596.00,"Graduation",0,0,"Email",0
74,85431.00,"PhD",0,0,"Email",0
74,85431.00,"PhD",0,0,"SMS",0
74,85431.00,"PhD",0,0,"Social Media",0
74,85431.00,"PhD",0,0,"Google Search Ads",0
74,85431.00,"PhD",0,0,"Display Ads",0
74,85431.00,"PhD",0,0,"Email",0
59,42664.00,"Graduation",0,0,"Email",0
59,42664.00,"Graduation",0,0,"SMS",0
59,42664.00,"Graduation",0,0,"Social Media",0
59,42664.00,"Graduation",0,0,"Google Search Ads",0
59,42664.00,"Graduation",0,0,"Display Ads",0
59,42664.00,"Graduation",0,0,"Email",0
71,42586.00,"Graduation",0,0,"Email",0
71,42586.00,"Graduation",0,0,"SMS",0
71,42586.00,"Graduation",0,0,"Social Media",0
71,42586.00,"Graduation",0,0,"Google Search Ads",0
71,42586.00,"Graduation",0,0,"Display Ads",0
71,42586.00,"Graduation",0,0,"Email",0
41,29760.00,"Graduation",0,0,"Email",0
41,29760.00,"Graduation",0,0,"SMS",0
41,29760.00,"Graduation",0,0,"Social Media",0
41,29760.00,"Graduation",0,0,"Google Search Ads",0
41,29760.00,"Graduation",0,0,"Display Ads",0
41,29760.00,"Graduation",0,0,"Email",0
49,28973.00,"PhD",0,0,"Email",0
49,28973.00,"PhD",0,0,"SMS",0
49,28973.00,"PhD",0,0,"Social Media",0
49,28973.00,"PhD",0,0,"Google Search Ads",0
49,28973.00,"PhD",0,0,"Display Ads",0
49,28973.00,"PhD",0,0,"Email",0
53,39435.00,"PhD",0,0,"Email",0
53,39435.00,"PhD",0,0,"SMS",0
53,39435.00,"PhD",0,0,"Social Media",0
53,39435.00,"PhD",0,0,"Google Search Ads",0
53,39435.00,"PhD",0,0,"Display Ads",0
53,39435.00,"PhD",0,0,"Email",0
42,65370.00,"2n Cycle",0,0,"Email",0
42,65370.00,"2n Cycle",0,0,"SMS",0
42,65370.00,"2n Cycle",0,0,"Social Media",0
42,65370.00,"2n Cycle",0,0,"Google Search Ads",0
42,65370.00,"2n Cycle",0,0,"Display Ads",0
42,65370.00,"2n Cycle",0,0,"Email",0
47,20194.00,"Basic",0,0,"Email",0
47,20194.00,"Basic",0,0,"SMS",0
47,20194.00,"Basic",0,0,"Social Media",0
47,20194.00,"Basic",0,0,"Google Search Ads",0
47,20194.00,"Basic",0,0,"Display Ads",0
47,20194.00,"Basic",0,0,"Email",0
50,42473.00,"PhD",0,0,"Email",0
50,42473.00,"PhD",0,0,"SMS",0
50,42473.00,"PhD",0,0,"Social Media",0
50,42473.00,"PhD",0,0,"Google Search Ads",0
50,42473.00,"PhD",0,0,"Display Ads",0
50,42473.00,"PhD",0,0,"Email",0
58,64590.00,"Graduation",0,0,"Email",0
58,64590.00,"Graduation",0,0,"SMS",0
58,64590.00,"Graduation",0,0,"Social Media",0
58,64590.00,"Graduation",0,0,"Google Search Ads",0
58,64590.00,"Graduation",0,0,"Display Ads",0
58,64590.00,"Graduation",0,0,"Email",0
67,71232.00,"Graduation",0,0,"Email",0
67,71232.00,"Graduation",0,0,"SMS",0
67,71232.00,"Graduation",0,0,"Social Media",0
67,71232.00,"Graduation",0,0,"Google Search Ads",0
67,71232.00,"Graduation",0,0,"Display Ads",0
67,71232.00,"Graduation",0,0,"Email",0
55,34600.00,"Graduation",0,0,"Email",0
55,34600.00,"Graduation",0,0,"SMS",0
55,34600.00,"Graduation",0,0,"Social Media",0
55,34600.00,"Graduation",0,0,"Google Search Ads",0
55,34600.00,"Graduation",0,0,"Display Ads",0
55,34600.00,"Graduation",0,0,"Email",0
59,46904.00,"Graduation",0,0,"Email",0
59,46904.00,"Graduation",0,0,"SMS",0
59,46904.00,"Graduation",0,0,"Social Media",0
59,46904.00,"Graduation",0,0,"Google Search Ads",0
59,46904.00,"Graduation",0,0,"Display Ads",0
59,46904.00,"Graduation",0,0,"Email",0
53,49094.00,"Graduation",0,0,"Email",0
53,49094.00,"Graduation",0,0,"SMS",0
53,49094.00,"Graduation",0,0,"Social Media",0
53,49094.00,"Graduation",0,0,"Google Search Ads",0
53,49094.00,"Graduation",0,0,"Display Ads",0
53,49094.00,"Graduation",0,0,"Email",0
43,36075.00,"Graduation",0,0,"Email",0
43,36075.00,"Graduation",0,0,"SMS",0
43,36075.00,"Graduation",0,0,"Social Media",0
43,36075.00,"Graduation",0,0,"Google Search Ads",0
43,36075.00,"Graduation",0,0,"Display Ads",0
43,36075.00,"Graduation",0,0,"Email",0
47,60839.00,"2n Cycle",0,0,"Email",0
47,60839.00,"2n Cycle",0,0,"SMS",0
47,60839.00,"2n Cycle",0,0,"Social Media",0
47,60839.00,"2n Cycle",0,0,"Google Search Ads",0
47,60839.00,"2n Cycle",0,0,"Display Ads",0
47,60839.00,"2n Cycle",0,0,"Email",0
47,77298.00,"Graduation",0,0,"Email",0
47,77298.00,"Graduation",0,0,"SMS",0
47,77298.00,"Graduation",0,0,"Social Media",0
47,77298.00,"Graduation",0,0,"Google Search Ads",0
47,77298.00,"Graduation",0,0,"Display Ads",0
47,77298.00,"Graduation",0,0,"Email",0
76,34026.00,"Graduation",0,0,"Email",0
76,34026.00,"Graduation",0,0,"SMS",0
76,34026.00,"Graduation",0,0,"Social Media",0
76,34026.00,"Graduation",0,0,"Google Search Ads",0
76,34026.00,"Graduation",0,0,"Display Ads",0
76,34026.00,"Graduation",0,0,"Email",0
63,48918.00,"PhD",0,0,"Email",0
63,48918.00,"PhD",0,0,"SMS",0
63,48918.00,"PhD",0,0,"Social Media",0
63,48918.00,"PhD",0,0,"Google Search Ads",0
63,48918.00,"PhD",0,0,"Display Ads",0
63,48918.00,"PhD",0,0,"Email",0
64,82122.00,"2n Cycle",0,0,"Email",0
64,82122.00,"2n Cycle",0,0,"SMS",0
64,82122.00,"2n Cycle",0,0,"Social Media",0
64,82122.00,"2n Cycle",0,0,"Google Search Ads",0
64,82122.00,"2n Cycle",0,0,"Display Ads",0
64,82122.00,"2n Cycle",0,0,"Email",0
50,37697.00,"Graduation",0,0,"Email",0
50,37697.00,"Graduation",0,0,"SMS",0
50,37697.00,"Graduation",0,0,"Social Media",0
50,37697.00,"Graduation",0,0,"Google Search Ads",0
50,37697.00,"Graduation",0,0,"Display Ads",0
50,37697.00,"Graduation",0,0,"Email",0
74,34074.00,"Graduation",0,0,"Email",0
74,34074.00,"Graduation",0,0,"SMS",0
74,34074.00,"Graduation",0,0,"Social Media",0
74,34074.00,"Graduation",0,0,"Google Search Ads",0
74,34074.00,"Graduation",0,0,"Display Ads",0
74,34074.00,"Graduation",0,0,"Email",0
66,28520.00,"Master",0,0,"Email",0
66,28520.00,"Master",0,0,"SMS",0
66,28520.00,"Master",0,0,"Social Media",0
66,28520.00,"Master",0,0,"Google Search Ads",0
66,28520.00,"Master",0,0,"Display Ads",0
66,28520.00,"Master",0,0,"Email",0
71,62535.00,"Graduation",0,0,"Email",0
71,62535.00,"Graduation",0,0,"SMS",0
71,62535.00,"Graduation",0,0,"Social Media",0
71,62535.00,"Graduation",0,0,"Google Search Ads",0
71,62535.00,"Graduation",0,0,"Display Ads",0
71,62535.00,"Graduation",0,0,"Email",0
49,36273.00,"Master",0,0,"Email",0
49,36273.00,"Master",0,0,"SMS",0
49,36273.00,"Master",0,0,"Social Media",0
49,36273.00,"Master",0,0,"Google Search Ads",0
49,36273.00,"Master",0,0,"Display Ads",0
49,36273.00,"Master",0,0,"Email",0
62,63404.00,"Graduation",0,0,"Email",0
62,63404.00,"Graduation",0,0,"SMS",0
62,63404.00,"Graduation",0,0,"Social Media",0
62,63404.00,"Graduation",0,0,"Google Search Ads",0
62,63404.00,"Graduation",0,0,"Display Ads",0
62,63404.00,"Graduation",0,0,"Email",0
45,75774.00,"2n Cycle",0,0,"Email",0
45,75774.00,"2n Cycle",0,0,"SMS",0
45,75774.00,"2n Cycle",0,0,"Social Media",0
45,75774.00,"2n Cycle",0,0,"Google Search Ads",0
45,75774.00,"2n Cycle",0,0,"Display Ads",0
45,75774.00,"2n Cycle",0,0,"Email",0
50,78416.00,"Graduation",0,0,"Email",0
50,78416.00,"Graduation",0,0,"SMS",0
50,78416.00,"Graduation",0,0,"Social Media",0
50,78416.00,"Graduation",0,0,"Google Search Ads",0
50,78416.00,"Graduation",0,0,"Display Ads",0
50,78416.00,"Graduation",0,0,"Email",0
52,75702.00,"Graduation",0,0,"Email",0
52,75702.00,"Graduation",0,0,"SMS",0
52,75702.00,"Graduation",0,0,"Social Media",0
52,75702.00,"Graduation",0,0,"Google Search Ads",0
52,75702.00,"Graduation",0,0,"Display Ads",0
52,75702.00,"Graduation",0,0,"Email",0
75,59385.00,"Master",0,0,"Email",0
75,59385.00,"Master",0,0,"SMS",0
75,59385.00,"Master",0,0,"Social Media",0
75,59385.00,"Master",0,0,"Google Search Ads",0
75,59385.00,"Master",0,0,"Display Ads",0
75,59385.00,"Master",0,0,"Email",0
60,37070.00,"Graduation",0,0,"Email",0
60,37070.00,"Graduation",0,0,"SMS",0
60,37070.00,"Graduation",0,0,"Social Media",0
60,37070.00,"Graduation",0,0,"Google Search Ads",0
60,37070.00,"Graduation",0,0,"Display Ads",0
60,37070.00,"Graduation",0,0,"Email",0
75,44689.00,"Graduation",0,0,"Email",0
75,44689.00,"Graduation",0,0,"SMS",0
75,44689.00,"Graduation",0,0,"Social Media",0
75,44689.00,"Graduation",0,0,"Google Search Ads",0
75,44689.00,"Graduation",0,0,"Display Ads",0
75,44689.00,"Graduation",0,0,"Email",0
68,53977.00,"Graduation",0,0,"Email",0
68,53977.00,"Graduation",0,0,"SMS",0
68,53977.00,"Graduation",0,0,"Social Media",0
68,53977.00,"Graduation",0,0,"Google Search Ads",0
68,53977.00,"Graduation",0,0,"Display Ads",0
68,53977.00,"Graduation",0,0,"Email",0
60,7144.00,"PhD",0,0,"Email",0
60,7144.00,"PhD",0,0,"SMS",0
60,7144.00,"PhD",0,0,"Social Media",0
60,7144.00,"PhD",0,0,"Google Search Ads",0
60,7144.00,"PhD",0,0,"Display Ads",0
60,7144.00,"PhD",0,0,"Email",0
62,18701.00,"Graduation",0,0,"Email",0
62,18701.00,"Graduation",0,0,"SMS",0
62,18701.00,"Graduation",0,0,"Social Media",0
62,18701.00,"Graduation",0,0,"Google Search Ads",0
62,18701.00,"Graduation",0,0,"Display Ads",0
62,18701.00,"Graduation",0,0,"Email",0
70,90369.00,"Graduation",0,0,"Email",0
70,90369.00,"Graduation",0,0,"SMS",0
70,90369.00,"Graduation",0,0,"Social Media",0
70,90369.00,"Graduation",0,0,"Google Search Ads",0
70,90369.00,"Graduation",0,0,"Display Ads",0
70,90369.00,"Graduation",0,0,"Email",0
52,63159.00,"PhD",0,0,"Email",0
52,63159.00,"PhD",0,0,"SMS",0
52,63159.00,"PhD",0,0,"Social Media",0
52,63159.00,"PhD",0,0,"Google Search Ads",0
52,63159.00,"PhD",0,0,"Display Ads",0
52,63159.00,"PhD",0,0,"Email",0
60,37758.00,"Graduation",0,0,"Email",0
60,37758.00,"Graduation",0,0,"SMS",0
60,37758.00,"Graduation",0,0,"Social Media",0
60,37758.00,"Graduation",0,0,"Google Search Ads",0
60,37758.00,"Graduation",0,0,"Display Ads",0
60,37758.00,"Graduation",0,0,"Email",0
63,46757.00,"PhD",0,0,"Email",0
63,46757.00,"PhD",0,0,"SMS",0
63,46757.00,"PhD",0,0,"Social Media",0
63,46757.00,"PhD",0,0,"Google Search Ads",0
63,46757.00,"PhD",0,0,"Display Ads",0
63,46757.00,"PhD",0,0,"Email",0
57,79734.00,"Master",0,0,"Email",0
57,79734.00,"Master",0,0,"SMS",0
57,79734.00,"Master",0,0,"Social Media",0
57,79734.00,"Master",0,0,"Google Search Ads",0
57,79734.00,"Master",0,0,"Display Ads",0
57,79734.00,"Master",0,0,"Email",0
34,63207.00,"Graduation",0,0,"Email",0
34,63207.00,"Graduation",0,0,"SMS",0
34,63207.00,"Graduation",0,0,"Social Media",0
34,63207.00,"Graduation",0,0,"Google Search Ads",0
34,63207.00,"Graduation",0,0,"Display Ads",0
34,63207.00,"Graduation",0,0,"Email",0
72,72071.00,"Graduation",0,0,"Email",0
72,72071.00,"Graduation",0,0,"SMS",0
72,72071.00,"Graduation",0,0,"Social Media",0
72,72071.00,"Graduation",0,0,"Google Search Ads",0
72,72071.00,"Graduation",0,0,"Display Ads",0
72,72071.00,"Graduation",0,0,"Email",0
43,21840.00,"PhD",0,0,"Email",0
43,21840.00,"PhD",0,0,"SMS",0
43,21840.00,"PhD",0,0,"Social Media",0
43,21840.00,"PhD",0,0,"Google Search Ads",0
43,21840.00,"PhD",0,0,"Display Ads",0
43,21840.00,"PhD",0,0,"Email",0
44,58582.00,"2n Cycle",0,0,"Email",0
44,58582.00,"2n Cycle",0,0,"SMS",0
44,58582.00,"2n Cycle",0,0,"Social Media",0
44,58582.00,"2n Cycle",0,0,"Google Search Ads",0
44,58582.00,"2n Cycle",0,0,"Display Ads",0
44,58582.00,"2n Cycle",0,0,"Email",0
75,72282.00,"Graduation",0,0,"Email",0
75,72282.00,"Graduation",0,0,"SMS",0
75,72282.00,"Graduation",0,0,"Social Media",0
75,72282.00,"Graduation",0,0,"Google Search Ads",0
75,72282.00,"Graduation",0,0,"Display Ads",0
75,72282.00,"Graduation",0,0,"Email",0
70,50387.00,"Graduation",0,0,"Email",0
70,50387.00,"Graduation",0,0,"SMS",0
70,50387.00,"Graduation",0,0,"Social Media",0
70,50387.00,"Graduation",0,0,"Google Search Ads",0
70,50387.00,"Graduation",0,0,"Display Ads",0
70,50387.00,"Graduation",0,0,"Email",0
65,32583.00,"PhD",0,0,"Email",0
65,32583.00,"PhD",0,0,"SMS",0
65,32583.00,"PhD",0,0,"Social Media",0
65,32583.00,"PhD",0,0,"Google Search Ads",0
65,32583.00,"PhD",0,0,"Display Ads",0
65,32583.00,"PhD",0,0,"Email",0
64,62568.00,"Graduation",0,0,"Email",0
64,62568.00,"Graduation",0,0,"SMS",0
64,62568.00,"Graduation",0,0,"Social Media",0
64,62568.00,"Graduation",0,0,"Google Search Ads",0
64,62568.00,"Graduation",0,0,"Display Ads",0
64,62568.00,"Graduation",0,0,"Email",0
55,44635.00,"Master",0,0,"Email",0
55,44635.00,"Master",0,0,"SMS",0
55,44635.00,"Master",0,0,"Social Media",0
55,44635.00,"Master",0,0,"Google Search Ads",0
55,44635.00,"Master",0,0,"Display Ads",0
55,44635.00,"Master",0,0,"Email",0
55,33316.00,"Master",0,0,"Email",0
55,33316.00,"Master",0,0,"SMS",0
55,33316.00,"Master",0,0,"Social Media",0
55,33316.00,"Master",0,0,"Google Search Ads",0
55,33316.00,"Master",0,0,"Display Ads",0
55,33316.00,"Master",0,0,"Email",0
58,63967.00,"Graduation",0,0,"Email",0
58,63967.00,"Graduation",0,0,"SMS",0
58,63967.00,"Graduation",0,0,"Social Media",0
58,63967.00,"Graduation",0,0,"Google Search Ads",0
58,63967.00,"Graduation",0,0,"Display Ads",0
58,63967.00,"Graduation",0,0,"Email",0
48,52513.00,"2n Cycle",0,0,"Email",0
48,52513.00,"2n Cycle",0,0,"SMS",0
48,52513.00,"2n Cycle",0,0,"Social Media",0
48,52513.00,"2n Cycle",0,0,"Google Search Ads",0
48,52513.00,"2n Cycle",0,0,"Display Ads",0
48,52513.00,"2n Cycle",0,0,"Email",0
57,25293.00,"Graduation",0,0,"Email",0
57,25293.00,"Graduation",0,0,"SMS",0
57,25293.00,"Graduation",0,0,"Social Media",0
57,25293.00,"Graduation",0,0,"Google Search Ads",0
57,25293.00,"Graduation",0,0,"Display Ads",0
57,25293.00,"Graduation",0,0,"Email",0
61,54111.00,"PhD",0,0,"Email",0
61,54111.00,"PhD",0,0,"SMS",0
61,54111.00,"PhD",0,0,"Social Media",0
61,54111.00,"PhD",0,0,"Google Search Ads",0
61,54111.00,"PhD",0,0,"Display Ads",0
61,54111.00,"PhD",0,0,"Email",0
40,78394.00,"Graduation",0,0,"Email",0
40,78394.00,"Graduation",0,0,"SMS",0
40,78394.00,"Graduation",0,0,"Social Media",0
40,78394.00,"Graduation",0,0,"Google Search Ads",0
40,78394.00,"Graduation",0,0,"Display Ads",0
40,78394.00,"Graduation",0,0,"Email",0
68,80739.00,"Master",0,0,"Email",0
68,80739.00,"Master",0,0,"SMS",0
68,80739.00,"Master",0,0,"Social Media",0
68,80739.00,"Master",0,0,"Google Search Ads",0
68,80739.00,"Master",0,0,"Display Ads",0
68,80739.00,"Master",0,0,"Email",0
51,22669.00,"Master",0,0,"Email",0
51,22669.00,"Master",0,0,"SMS",0
51,22669.00,"Master",0,0,"Social Media",0
51,22669.00,"Master",0,0,"Google Search Ads",0
51,22669.00,"Master",0,0,"Display Ads",0
51,22669.00,"Master",0,0,"Email",0
39,29236.00,"Graduation",0,0,"Email",0
39,29236.00,"Graduation",0,0,"SMS",0
39,29236.00,"Graduation",0,0,"Social Media",0
39,29236.00,"Graduation",0,0,"Google Search Ads",0
39,29236.00,"Graduation",0,0,"Display Ads",0
39,29236.00,"Graduation",0,0,"Email",0
67,44911.00,"Graduation",0,0,"Email",0
67,44911.00,"Graduation",0,0,"SMS",0
67,44911.00,"Graduation",0,0,"Social Media",0
67,44911.00,"Graduation",0,0,"Google Search Ads",0
67,44911.00,"Graduation",0,0,"Display Ads",0
67,44911.00,"Graduation",0,0,"Email",0
64,54693.00,"PhD",0,0,"Email",0
64,54693.00,"PhD",0,0,"SMS",0
64,54693.00,"PhD",0,0,"Social Media",0
64,54693.00,"PhD",0,0,"Google Search Ads",0
64,54693.00,"PhD",0,0,"Display Ads",0
64,54693.00,"PhD",0,0,"Email",0
52,48186.00,"Graduation",0,0,"Email",0
52,48186.00,"Graduation",0,0,"SMS",0
52,48186.00,"Graduation",0,0,"Social Media",0
52,48186.00,"Graduation",0,0,"Google Search Ads",0
52,48186.00,"Graduation",0,0,"Display Ads",0
52,48186.00,"Graduation",0,0,"Email",0
49,54809.00,"Graduation",0,0,"Email",0
49,54809.00,"Graduation",0,0,"SMS",0
49,54809.00,"Graduation",0,0,"Social Media",0
49,54809.00,"Graduation",0,0,"Google Search Ads",0
49,54809.00,"Graduation",0,0,"Display Ads",0
49,54809.00,"Graduation",0,0,"Email",0
48,41580.00,"Graduation",0,0,"Email",0
48,41580.00,"Graduation",0,0,"SMS",0
48,41580.00,"Graduation",0,0,"Social Media",0
48,41580.00,"Graduation",0,0,"Google Search Ads",0
48,41580.00,"Graduation",0,0,"Display Ads",0
48,41580.00,"Graduation",0,0,"Email",0
56,80336.00,"PhD",0,0,"Email",0
56,80336.00,"PhD",0,0,"SMS",0
56,80336.00,"PhD",0,0,"Social Media",0
56,80336.00,"PhD",0,0,"Google Search Ads",0
56,80336.00,"PhD",0,0,"Display Ads",0
56,80336.00,"PhD",0,0,"Email",0
69,47743.00,"Graduation",0,0,"Email",0
69,47743.00,"Graduation",0,0,"SMS",0
69,47743.00,"Graduation",0,0,"Social Media",0
69,47743.00,"Graduation",0,0,"Google Search Ads",0
69,47743.00,"Graduation",0,0,"Display Ads",0
69,47743.00,"Graduation",0,0,"Email",0
71,62972.00,"2n Cycle",0,0,"Email",0
71,62972.00,"2n Cycle",0,0,"SMS",0
71,62972.00,"2n Cycle",0,0,"Social Media",0
71,62972.00,"2n Cycle",0,0,"Google Search Ads",0
71,62972.00,"2n Cycle",0,0,"Display Ads",0
71,62972.00,"2n Cycle",0,0,"Email",0
72,57333.00,"PhD",0,0,"Email",0
72,57333.00,"PhD",0,0,"SMS",0
72,57333.00,"PhD",0,0,"Social Media",0
72,57333.00,"PhD",0,0,"Google Search Ads",0
72,57333.00,"PhD",0,0,"Display Ads",0
72,57333.00,"PhD",0,0,"Email",0
44,32313.00,"PhD",0,0,"Email",0
44,32313.00,"PhD",0,0,"SMS",0
44,32313.00,"PhD",0,0,"Social Media",0
44,32313.00,"PhD",0,0,"Google Search Ads",0
44,32313.00,"PhD",0,0,"Display Ads",0
44,32313.00,"PhD",0,0,"Email",0
73,84953.00,"Master",0,0,"Email",0
73,84953.00,"Master",0,0,"SMS",0
73,84953.00,"Master",0,0,"Social Media",0
73,84953.00,"Master",0,0,"Google Search Ads",0
73,84953.00,"Master",0,0,"Display Ads",0
73,84953.00,"Master",0,0,"Email",0
58,27071.00,"Master",0,0,"Email",0
58,27071.00,"Master",0,0,"SMS",0
58,27071.00,"Master",0,0,"Social Media",0
58,27071.00,"Master",0,0,"Google Search Ads",0
58,27071.00,"Master",0,0,"Display Ads",0
58,27071.00,"Master",0,0,"Email",0
69,68148.00,"Master",0,0,"Email",0
69,68148.00,"Master",0,0,"SMS",0
69,68148.00,"Master",0,0,"Social Media",0
69,68148.00,"Master",0,0,"Google Search Ads",0
69,68148.00,"Master",0,0,"Display Ads",0
69,68148.00,"Master",0,0,"Email",0
61,65735.00,"Master",0,0,"Email",0
61,65735.00,"Master",0,0,"SMS",0
61,65735.00,"Master",0,0,"Social Media",0
61,65735.00,"Master",0,0,"Google Search Ads",0
61,65735.00,"Master",0,0,"Display Ads",0
61,65735.00,"Master",0,0,"Email",0
51,86836.00,"PhD",0,0,"Email",0
51,86836.00,"PhD",0,0,"SMS",0
51,86836.00,"PhD",0,0,"Social Media",0
51,86836.00,"PhD",0,0,"Google Search Ads",0
51,86836.00,"PhD",0,0,"Display Ads",0
51,86836.00,"PhD",0,0,"Email",0
63,4023.00,"PhD",0,0,"Email",0
63,4023.00,"PhD",0,0,"SMS",0
63,4023.00,"PhD",0,0,"Social Media",0
63,4023.00,"PhD",0,0,"Google Search Ads",0
63,4023.00,"PhD",0,0,"Display Ads",0
63,4023.00,"PhD",0,0,"Email",0
36,30093.00,"Graduation",0,0,"Email",0
36,30093.00,"Graduation",0,0,"SMS",0
36,30093.00,"Graduation",0,0,"Social Media",0
36,30093.00,"Graduation",0,0,"Google Search Ads",0
36,30093.00,"Graduation",0,0,"Display Ads",0
36,30093.00,"Graduation",0,0,"Email",0
60,57705.00,"PhD",0,0,"Email",0
60,57705.00,"PhD",0,0,"SMS",0
60,57705.00,"PhD",0,0,"Social Media",0
60,57705.00,"PhD",0,0,"Google Search Ads",0
60,57705.00,"PhD",0,0,"Display Ads",0
60,57705.00,"PhD",0,0,"Email",0
38,25008.00,"Graduation",0,0,"Email",0
38,25008.00,"Graduation",0,0,"SMS",0
38,25008.00,"Graduation",0,0,"Social Media",0
38,25008.00,"Graduation",0,0,"Google Search Ads",0
38,25008.00,"Graduation",0,0,"Display Ads",0
38,25008.00,"Graduation",0,0,"Email",0
31,83257.00,"2n Cycle",0,0,"Email",0
31,83257.00,"2n Cycle",0,0,"SMS",0
31,83257.00,"2n Cycle",0,0,"Social Media",0
31,83257.00,"2n Cycle",0,0,"Google Search Ads",0
31,83257.00,"2n Cycle",0,0,"Display Ads",0
31,83257.00,"2n Cycle",0,0,"Email",0
51,22280.00,"Graduation",0,0,"Email",0
51,22280.00,"Graduation",0,0,"SMS",0
51,22280.00,"Graduation",0,0,"Social Media",0
51,22280.00,"Graduation",0,0,"Google Search Ads",0
51,22280.00,"Graduation",0,0,"Display Ads",0
51,22280.00,"Graduation",0,0,"Email",0
48,72159.00,"PhD",0,0,"Email",0
48,72159.00,"PhD",0,0,"SMS",0
48,72159.00,"PhD",0,0,"Social Media",0
48,72159.00,"PhD",0,0,"Google Search Ads",0
48,72159.00,"PhD",0,0,"Display Ads",0
48,72159.00,"PhD",0,0,"Email",0
65,64260.00,"Graduation",0,0,"Email",0
65,64260.00,"Graduation",0,0,"SMS",0
65,64260.00,"Graduation",0,0,"Social Media",0
65,64260.00,"Graduation",0,0,"Google Search Ads",0
65,64260.00,"Graduation",0,0,"Display Ads",0
65,64260.00,"Graduation",0,0,"Email",0
42,82733.00,"PhD",0,0,"Email",0
42,82733.00,"PhD",0,0,"SMS",0
42,82733.00,"PhD",0,0,"Social Media",0
42,82733.00,"PhD",0,0,"Google Search Ads",0
42,82733.00,"PhD",0,0,"Display Ads",0
42,82733.00,"PhD",0,0,"Email",0
55,74290.00,"Master",0,0,"Email",0
55,74290.00,"Master",0,0,"SMS",0
55,74290.00,"Master",0,0,"Social Media",0
55,74290.00,"Master",0,0,"Google Search Ads",0
55,74290.00,"Master",0,0,"Display Ads",0
55,74290.00,"Master",0,0,"Email",0
75,58217.00,"Master",0,0,"Email",0
75,58217.00,"Master",0,0,"SMS",0
75,58217.00,"Master",0,0,"Social Media",0
75,58217.00,"Master",0,0,"Google Search Ads",0
75,58217.00,"Master",0,0,"Display Ads",0
75,58217.00,"Master",0,0,"Email",0
50,21024.00,"Master",0,0,"Email",0
50,21024.00,"Master",0,0,"SMS",0
50,21024.00,"Master",0,0,"Social Media",0
50,21024.00,"Master",0,0,"Google Search Ads",0
50,21024.00,"Master",0,0,"Display Ads",0
50,21024.00,"Master",0,0,"Email",0
54,70116.00,"PhD",0,0,"Email",0
54,70116.00,"PhD",0,0,"SMS",0
54,70116.00,"PhD",0,0,"Social Media",0
54,70116.00,"PhD",0,0,"Google Search Ads",0
54,70116.00,"PhD",0,0,"Display Ads",0
54,70116.00,"PhD",0,0,"Email",0
41,54006.00,"Graduation",0,0,"Email",0
41,54006.00,"Graduation",0,0,"SMS",0
41,54006.00,"Graduation",0,0,"Social Media",0
41,54006.00,"Graduation",0,0,"Google Search Ads",0
41,54006.00,"Graduation",0,0,"Display Ads",0
41,54006.00,"Graduation",0,0,"Email",0
60,69063.00,"PhD",0,0,"Email",0
60,69063.00,"PhD",0,0,"SMS",0
60,69063.00,"PhD",0,0,"Social Media",0
60,69063.00,"PhD",0,0,"Google Search Ads",0
60,69063.00,"PhD",0,0,"Display Ads",0
60,69063.00,"PhD",0,0,"Email",0
51,11448.00,"2n Cycle",0,0,"Email",0
51,11448.00,"2n Cycle",0,0,"SMS",0
51,11448.00,"2n Cycle",0,0,"Social Media",0
51,11448.00,"2n Cycle",0,0,"Google Search Ads",0
51,11448.00,"2n Cycle",0,0,"Display Ads",0
51,11448.00,"2n Cycle",0,0,"Email",0
47,61825.00,"Graduation",0,0,"Email",0
47,61825.00,"Graduation",0,0,"SMS",0
47,61825.00,"Graduation",0,0,"Social Media",0
47,61825.00,"Graduation",0,0,"Google Search Ads",0
47,61825.00,"Graduation",0,0,"Display Ads",0
47,61825.00,"Graduation",0,0,"Email",0
55,70886.00,"Graduation",0,0,"Email",0
55,70886.00,"Graduation",0,0,"SMS",0
55,70886.00,"Graduation",0,0,"Social Media",0
55,70886.00,"Graduation",0,0,"Google Search Ads",0
55,70886.00,"Graduation",0,0,"Display Ads",0
55,70886.00,"Graduation",0,0,"Email",0
44,69109.00,"Graduation",0,0,"Email",0
44,69109.00,"Graduation",0,0,"SMS",0
44,69109.00,"Graduation",0,0,"Social Media",0
44,69109.00,"Graduation",0,0,"Google Search Ads",0
44,69109.00,"Graduation",0,0,"Display Ads",0
44,69109.00,"Graduation",0,0,"Email",0
53,60208.00,"Graduation",0,0,"Email",0
53,60208.00,"Graduation",0,0,"SMS",0
53,60208.00,"Graduation",0,0,"Social Media",0
53,60208.00,"Graduation",0,0,"Google Search Ads",0
53,60208.00,"Graduation",0,0,"Display Ads",0
53,60208.00,"Graduation",0,0,"Email",0
58,32889.00,"Master",0,0,"Email",0
58,32889.00,"Master",0,0,"SMS",0
58,32889.00,"Master",0,0,"Social Media",0
58,32889.00,"Master",0,0,"Google Search Ads",0
58,32889.00,"Master",0,0,"Display Ads",0
58,32889.00,"Master",0,0,"Email",0
42,34738.00,"Graduation",0,0,"Email",0
42,34738.00,"Graduation",0,0,"SMS",0
42,34738.00,"Graduation",0,0,"Social Media",0
42,34738.00,"Graduation",0,0,"Google Search Ads",0
42,34738.00,"Graduation",0,0,"Display Ads",0
42,34738.00,"Graduation",0,0,"Email",0
55,30538.00,"Master",0,0,"Email",0
55,30538.00,"Master",0,0,"SMS",0
55,30538.00,"Master",0,0,"Social Media",0
55,30538.00,"Master",0,0,"Google Search Ads",0
55,30538.00,"Master",0,0,"Display Ads",0
55,30538.00,"Master",0,0,"Email",0
49,82326.00,"2n Cycle",0,0,"Email",0
49,82326.00,"2n Cycle",0,0,"SMS",0
49,82326.00,"2n Cycle",0,0,"Social Media",0
49,82326.00,"2n Cycle",0,0,"Google Search Ads",0
49,82326.00,"2n Cycle",0,0,"Display Ads",0
49,82326.00,"2n Cycle",0,0,"Email",0
59,26642.00,"PhD",0,0,"Email",0
59,26642.00,"PhD",0,0,"SMS",0
59,26642.00,"PhD",0,0,"Social Media",0
59,26642.00,"PhD",0,0,"Google Search Ads",0
59,26642.00,"PhD",0,0,"Display Ads",0
59,26642.00,"PhD",0,0,"Email",0
62,69932.00,"Graduation",0,0,"Email",0
62,69932.00,"Graduation",0,0,"SMS",0
62,69932.00,"Graduation",0,0,"Social Media",0
62,69932.00,"Graduation",0,0,"Google Search Ads",0
62,69932.00,"Graduation",0,0,"Display Ads",0
62,69932.00,"Graduation",0,0,"Email",0
54,44503.00,"Graduation",0,0,"Email",0
54,44503.00,"Graduation",0,0,"SMS",0
54,44503.00,"Graduation",0,0,"Social Media",0
54,44503.00,"Graduation",0,0,"Google Search Ads",0
54,44503.00,"Graduation",0,0,"Display Ads",0
54,44503.00,"Graduation",0,0,"Email",0
78,60200.00,"PhD",0,0,"Email",0
78,60200.00,"PhD",0,0,"SMS",0
78,60200.00,"PhD",0,0,"Social Media",0
78,60200.00,"PhD",0,0,"Google Search Ads",0
78,60200.00,"PhD",0,0,"Display Ads",0
78,60200.00,"PhD",0,0,"Email",0
74,49638.00,"Graduation",0,0,"Email",0
74,49638.00,"Graduation",0,0,"SMS",0
74,49638.00,"Graduation",0,0,"Social Media",0
74,49638.00,"Graduation",0,0,"Google Search Ads",0
74,49638.00,"Graduation",0,0,"Display Ads",0
74,49638.00,"Graduation",0,0,"Email",0
39,23830.00,"2n Cycle",0,0,"Email",0
39,23830.00,"2n Cycle",0,0,"SMS",0
39,23830.00,"2n Cycle",0,0,"Social Media",0
39,23830.00,"2n Cycle",0,0,"Google Search Ads",0
39,23830.00,"2n Cycle",0,0,"Display Ads",0
39,23830.00,"2n Cycle",0,0,"Email",0
67,33051.00,"Master",0,0,"Email",0
67,33051.00,"Master",0,0,"SMS",0
67,33051.00,"Master",0,0,"Social Media",0
67,33051.00,"Master",0,0,"Google Search Ads",0
67,33051.00,"Master",0,0,"Display Ads",0
67,33051.00,"Master",0,0,"Email",0
68,72905.00,"Graduation",0,0,"Email",0
68,72905.00,"Graduation",0,0,"SMS",0
68,72905.00,"Graduation",0,0,"Social Media",0
68,72905.00,"Graduation",0,0,"Google Search Ads",0
68,72905.00,"Graduation",0,0,"Display Ads",0
68,72905.00,"Graduation",0,0,"Email",0
75,69702.00,"PhD",0,0,"Email",0
75,69702.00,"PhD",0,0,"SMS",0
75,69702.00,"PhD",0,0,"Social Media",0
75,69702.00,"PhD",0,0,"Google Search Ads",0
75,69702.00,"PhD",0,0,"Display Ads",0
75,69702.00,"PhD",0,0,"Email",0
51,70300.00,"Graduation",0,0,"Email",0
51,70300.00,"Graduation",0,0,"SMS",0
51,70300.00,"Graduation",0,0,"Social Media",0
51,70300.00,"Graduation",0,0,"Google Search Ads",0
51,70300.00,"Graduation",0,0,"Display Ads",0
51,70300.00,"Graduation",0,0,"Email",0
42,70643.00,"PhD",0,0,"Email",0
42,70643.00,"PhD",0,0,"SMS",0
42,70643.00,"PhD",0,0,"Social Media",0
42,70643.00,"PhD",0,0,"Google Search Ads",0
42,70643.00,"PhD",0,0,"Display Ads",0
42,70643.00,"PhD",0,0,"Email",0
57,30396.00,"PhD",0,0,"Email",0
57,30396.00,"PhD",0,0,"SMS",0
57,30396.00,"PhD",0,0,"Social Media",0
57,30396.00,"PhD",0,0,"Google Search Ads",0
57,30396.00,"PhD",0,0,"Display Ads",0
57,30396.00,"PhD",0,0,"Email",0
58,50616.00,"PhD",0,0,"Email",0
58,50616.00,"PhD",0,0,"SMS",0
58,50616.00,"PhD",0,0,"Social Media",0
58,50616.00,"PhD",0,0,"Google Search Ads",0
58,50616.00,"PhD",0,0,"Display Ads",0
58,50616.00,"PhD",0,0,"Email",0
57,62772.00,"Master",0,0,"Email",0
57,62772.00,"Master",0,0,"SMS",0
57,62772.00,"Master",0,0,"Social Media",0
57,62772.00,"Master",0,0,"Google Search Ads",0
57,62772.00,"Master",0,0,"Display Ads",0
57,62772.00,"Master",0,0,"Email",0
41,30298.00,"PhD",0,0,"Email",0
41,30298.00,"PhD",0,0,"SMS",0
41,30298.00,"PhD",0,0,"Social Media",0
41,30298.00,"PhD",0,0,"Google Search Ads",0
41,30298.00,"PhD",0,0,"Display Ads",0
41,30298.00,"PhD",0,0,"Email",0
42,52413.00,"Graduation",0,0,"Email",0
42,52413.00,"Graduation",0,0,"SMS",0
42,52413.00,"Graduation",0,0,"Social Media",0
42,52413.00,"Graduation",0,0,"Google Search Ads",0
42,52413.00,"Graduation",0,0,"Display Ads",0
42,52413.00,"Graduation",0,0,"Email",0
69,44155.00,"PhD",0,0,"Email",0
69,44155.00,"PhD",0,0,"SMS",0
69,44155.00,"PhD",0,0,"Social Media",0
69,44155.00,"PhD",0,0,"Google Search Ads",0
69,44155.00,"PhD",0,0,"Display Ads",0
69,44155.00,"PhD",0,0,"Email",0
55,86979.00,"PhD",0,0,"Email",0
55,86979.00,"PhD",0,0,"SMS",0
55,86979.00,"PhD",0,0,"Social Media",0
55,86979.00,"PhD",0,0,"Google Search Ads",0
55,86979.00,"PhD",0,0,"Display Ads",0
55,86979.00,"PhD",0,0,"Email",0
51,76532.00,"Graduation",0,0,"Email",0
51,76532.00,"Graduation",0,0,"SMS",0
51,76532.00,"Graduation",0,0,"Social Media",0
51,76532.00,"Graduation",0,0,"Google Search Ads",0
51,76532.00,"Graduation",0,0,"Display Ads",0
51,76532.00,"Graduation",0,0,"Email",0
44,42081.00,"Graduation",0,0,"Email",0
44,42081.00,"Graduation",0,0,"SMS",0
44,42081.00,"Graduation",0,0,"Social Media",0
44,42081.00,"Graduation",0,0,"Google Search Ads",0
44,42081.00,"Graduation",0,0,"Display Ads",0
44,42081.00,"Graduation",0,0,"Email",0
38,67546.00,"PhD",0,0,"Email",0
38,67546.00,"PhD",0,0,"SMS",0
38,67546.00,"PhD",0,0,"Social Media",0
38,67546.00,"PhD",0,0,"Google Search Ads",0
38,67546.00,"PhD",0,0,"Display Ads",0
38,67546.00,"PhD",0,0,"Email",0
37,88420.00,"Master",0,0,"Email",0
37,88420.00,"Master",0,0,"SMS",0
37,88420.00,"Master",0,0,"Social Media",0
37,88420.00,"Master",0,0,"Google Search Ads",0
37,88420.00,"Master",0,0,"Display Ads",0
37,88420.00,"Master",0,0,"Email",0
41,31158.00,"Graduation",0,0,"Email",0
41,31158.00,"Graduation",0,0,"SMS",0
41,31158.00,"Graduation",0,0,"Social Media",0
41,31158.00,"Graduation",0,0,"Google Search Ads",0
41,31158.00,"Graduation",0,0,"Display Ads",0
41,31158.00,"Graduation",0,0,"Email",0
58,61671.00,"Graduation",0,0,"Email",0
58,61671.00,"Graduation",0,0,"SMS",0
58,61671.00,"Graduation",0,0,"Social Media",0
58,61671.00,"Graduation",0,0,"Google Search Ads",0
58,61671.00,"Graduation",0,0,"Display Ads",0
58,61671.00,"Graduation",0,0,"Email",0
52,69719.00,"Graduation",0,0,"Email",0
52,69719.00,"Graduation",0,0,"SMS",0
52,69719.00,"Graduation",0,0,"Social Media",0
52,69719.00,"Graduation",0,0,"Google Search Ads",0
52,69719.00,"Graduation",0,0,"Display Ads",0
52,69719.00,"Graduation",0,0,"Email",0
77,49160.00,"Graduation",0,0,"Email",0
77,49160.00,"Graduation",0,0,"SMS",0
77,49160.00,"Graduation",0,0,"Social Media",0
77,49160.00,"Graduation",0,0,"Google Search Ads",0
77,49160.00,"Graduation",0,0,"Display Ads",0
77,49160.00,"Graduation",0,0,"Email",0
48,24882.00,"Basic",0,0,"Email",0
48,24882.00,"Basic",0,0,"SMS",0
48,24882.00,"Basic",0,0,"Social Media",0
48,24882.00,"Basic",0,0,"Google Search Ads",0
48,24882.00,"Basic",0,0,"Display Ads",0
48,24882.00,"Basic",0,0,"Email",0
72,90933.00,"PhD",0,0,"Email",0
72,90933.00,"PhD",0,0,"SMS",0
72,90933.00,"PhD",0,0,"Social Media",0
72,90933.00,"PhD",0,0,"Google Search Ads",0
72,90933.00,"PhD",0,0,"Display Ads",0
72,90933.00,"PhD",0,0,"Email",0
81,113734.00,"PhD",0,0,"Email",0
81,113734.00,"PhD",0,0,"SMS",0
81,113734.00,"PhD",0,0,"Social Media",0
81,113734.00,"PhD",0,0,"Google Search Ads",0
81,113734.00,"PhD",0,0,"Display Ads",0
81,113734.00,"PhD",0,0,"Email",0
76,59292.00,"PhD",0,0,"Email",0
76,59292.00,"PhD",0,0,"SMS",0
76,59292.00,"PhD",0,0,"Social Media",0
76,59292.00,"PhD",0,0,"Google Search Ads",0
76,59292.00,"PhD",0,0,"Display Ads",0
76,59292.00,"PhD",0,0,"Email",0
62,45759.00,"PhD",0,0,"Email",0
62,45759.00,"PhD",0,0,"SMS",0
62,45759.00,"PhD",0,0,"Social Media",0
62,45759.00,"PhD",0,0,"Google Search Ads",0
62,45759.00,"PhD",0,0,"Display Ads",0
62,45759.00,"PhD",0,0,"Email",0
43,22148.00,"Graduation",0,0,"Email",0
43,22148.00,"Graduation",0,0,"SMS",0
43,22148.00,"Graduation",0,0,"Social Media",0
43,22148.00,"Graduation",0,0,"Google Search Ads",0
43,22148.00,"Graduation",0,0,"Display Ads",0
43,22148.00,"Graduation",0,0,"Email",0
39,73395.00,"Master",0,0,"Email",0
39,73395.00,"Master",0,0,"SMS",0
39,73395.00,"Master",0,0,"Social Media",0
39,73395.00,"Master",0,0,"Google Search Ads",0
39,73395.00,"Master",0,0,"Display Ads",0
39,73395.00,"Master",0,0,"Email",0
55,29819.00,"Graduation",0,0,"Email",0
55,29819.00,"Graduation",0,0,"SMS",0
55,29819.00,"Graduation",0,0,"Social Media",0
55,29819.00,"Graduation",0,0,"Google Search Ads",0
55,29819.00,"Graduation",0,0,"Display Ads",0
55,29819.00,"Graduation",0,0,"Email",0
58,45688.00,"Graduation",0,0,"Email",0
58,45688.00,"Graduation",0,0,"SMS",0
58,45688.00,"Graduation",0,0,"Social Media",0
58,45688.00,"Graduation",0,0,"Google Search Ads",0
58,45688.00,"Graduation",0,0,"Display Ads",0
58,45688.00,"Graduation",0,0,"Email",0
72,62820.00,"Graduation",0,0,"Email",0
72,62820.00,"Graduation",0,0,"SMS",0
72,62820.00,"Graduation",0,0,"Social Media",0
72,62820.00,"Graduation",0,0,"Google Search Ads",0
72,62820.00,"Graduation",0,0,"Display Ads",0
72,62820.00,"Graduation",0,0,"Email",0
55,60491.00,"PhD",0,0,"Email",0
55,60491.00,"PhD",0,0,"SMS",0
55,60491.00,"PhD",0,0,"Social Media",0
55,60491.00,"PhD",0,0,"Google Search Ads",0
55,60491.00,"PhD",0,0,"Display Ads",0
55,60491.00,"PhD",0,0,"Email",0
40,33235.00,"Graduation",0,0,"Email",0
40,33235.00,"Graduation",0,0,"SMS",0
40,33235.00,"Graduation",0,0,"Social Media",0
40,33235.00,"Graduation",0,0,"Google Search Ads",0
40,33235.00,"Graduation",0,0,"Display Ads",0
40,33235.00,"Graduation",0,0,"Email",0
67,35701.00,"Graduation",0,0,"Email",0
67,35701.00,"Graduation",0,0,"SMS",0
67,35701.00,"Graduation",0,0,"Social Media",0
67,35701.00,"Graduation",0,0,"Google Search Ads",0
67,35701.00,"Graduation",0,0,"Display Ads",0
67,35701.00,"Graduation",0,0,"Email",0
46,31535.00,"Master",0,0,"Email",0
46,31535.00,"Master",0,0,"SMS",0
46,31535.00,"Master",0,0,"Social Media",0
46,31535.00,"Master",0,0,"Google Search Ads",0
46,31535.00,"Master",0,0,"Display Ads",0
46,31535.00,"Master",0,0,"Email",0
66,92556.00,"2n Cycle",0,0,"Email",0
66,92556.00,"2n Cycle",0,0,"SMS",0
66,92556.00,"2n Cycle",0,0,"Social Media",0
66,92556.00,"2n Cycle",0,0,"Google Search Ads",0
66,92556.00,"2n Cycle",0,0,"Display Ads",0
66,92556.00,"2n Cycle",0,0,"Email",0
56,67384.00,"Graduation",0,0,"Email",0
56,67384.00,"Graduation",0,0,"SMS",0
56,67384.00,"Graduation",0,0,"Social Media",0
56,67384.00,"Graduation",0,0,"Google Search Ads",0
56,67384.00,"Graduation",0,0,"Display Ads",0
56,67384.00,"Graduation",0,0,"Email",0
55,80573.00,"Master",0,0,"Email",0
55,80573.00,"Master",0,0,"SMS",0
55,80573.00,"Master",0,0,"Social Media",0
55,80573.00,"Master",0,0,"Google Search Ads",0
55,80573.00,"Master",0,0,"Display Ads",0
55,80573.00,"Master",0,0,"Email",0
59,77870.00,"Graduation",0,0,"Email",0
59,77870.00,"Graduation",0,0,"SMS",0
59,77870.00,"Graduation",0,0,"Social Media",0
59,77870.00,"Graduation",0,0,"Google Search Ads",0
59,77870.00,"Graduation",0,0,"Display Ads",0
59,77870.00,"Graduation",0,0,"Email",0
63,52278.00,"PhD",0,0,"Email",0
63,52278.00,"PhD",0,0,"SMS",0
63,52278.00,"PhD",0,0,"Social Media",0
63,52278.00,"PhD",0,0,"Google Search Ads",0
63,52278.00,"PhD",0,0,"Display Ads",0
63,52278.00,"PhD",0,0,"Email",0
58,57107.00,"Graduation",0,0,"Email",0
58,57107.00,"Graduation",0,0,"SMS",0
58,57107.00,"Graduation",0,0,"Social Media",0
58,57107.00,"Graduation",0,0,"Google Search Ads",0
58,57107.00,"Graduation",0,0,"Display Ads",0
58,57107.00,"Graduation",0,0,"Email",0
36,18929.00,"Graduation",0,0,"Email",0
36,18929.00,"Graduation",0,0,"SMS",0
36,18929.00,"Graduation",0,0,"Social Media",0
36,18929.00,"Graduation",0,0,"Google Search Ads",0
36,18929.00,"Graduation",0,0,"Display Ads",0
36,18929.00,"Graduation",0,0,"Email",0
45,36038.00,"PhD",0,0,"Email",0
45,36038.00,"PhD",0,0,"SMS",0
45,36038.00,"PhD",0,0,"Social Media",0
45,36038.00,"PhD",0,0,"Google Search Ads",0
45,36038.00,"PhD",0,0,"Display Ads",0
45,36038.00,"PhD",0,0,"Email",0
50,20180.00,"Graduation",0,0,"Email",0
50,20180.00,"Graduation",0,0,"SMS",0
50,20180.00,"Graduation",0,0,"Social Media",0
50,20180.00,"Graduation",0,0,"Google Search Ads",0
50,20180.00,"Graduation",0,0,"Display Ads",0
50,20180.00,"Graduation",0,0,"Email",0
61,34230.00,"PhD",0,0,"Email",0
61,34230.00,"PhD",0,0,"SMS",0
61,34230.00,"PhD",0,0,"Social Media",0
61,34230.00,"PhD",0,0,"Google Search Ads",0
61,34230.00,"PhD",0,0,"Display Ads",0
61,34230.00,"PhD",0,0,"Email",0
49,31878.00,"2n Cycle",0,0,"Email",0
49,31878.00,"2n Cycle",0,0,"SMS",0
49,31878.00,"2n Cycle",0,0,"Social Media",0
49,31878.00,"2n Cycle",0,0,"Google Search Ads",0
49,31878.00,"2n Cycle",0,0,"Display Ads",0
49,31878.00,"2n Cycle",0,0,"Email",0
54,70932.00,"2n Cycle",0,0,"Email",0
54,70932.00,"2n Cycle",0,0,"SMS",0
54,70932.00,"2n Cycle",0,0,"Social Media",0
54,70932.00,"2n Cycle",0,0,"Google Search Ads",0
54,70932.00,"2n Cycle",0,0,"Display Ads",0
54,70932.00,"2n Cycle",0,0,"Email",0
70,91249.00,"Graduation",0,0,"Email",0
70,91249.00,"Graduation",0,0,"SMS",0
70,91249.00,"Graduation",0,0,"Social Media",0
70,91249.00,"Graduation",0,0,"Google Search Ads",0
70,91249.00,"Graduation",0,0,"Display Ads",0
70,91249.00,"Graduation",0,0,"Email",0
83,77598.00,"Master",0,0,"Email",0
83,77598.00,"Master",0,0,"SMS",0
83,77598.00,"Master",0,0,"Social Media",0
83,77598.00,"Master",0,0,"Google Search Ads",0
83,77598.00,"Master",0,0,"Display Ads",0
83,77598.00,"Master",0,0,"Email",0
67,80982.00,"Graduation",0,0,"Email",0
67,80982.00,"Graduation",0,0,"SMS",0
67,80982.00,"Graduation",0,0,"Social Media",0
67,80982.00,"Graduation",0,0,"Google Search Ads",0
67,80982.00,"Graduation",0,0,"Display Ads",0
67,80982.00,"Graduation",0,0,"Email",0
49,22701.00,"Master",0,0,"Email",0
49,22701.00,"Master",0,0,"SMS",0
49,22701.00,"Master",0,0,"Social Media",0
49,22701.00,"Master",0,0,"Google Search Ads",0
49,22701.00,"Master",0,0,"Display Ads",0
49,22701.00,"Master",0,0,"Email",0
57,55212.00,"PhD",0,0,"Email",0
57,55212.00,"PhD",0,0,"SMS",0
57,55212.00,"PhD",0,0,"Social Media",0
57,55212.00,"PhD",0,0,"Google Search Ads",0
57,55212.00,"PhD",0,0,"Display Ads",0
57,55212.00,"PhD",0,0,"Email",0
56,70617.00,"Graduation",0,0,"Email",0
56,70617.00,"Graduation",0,0,"SMS",0
56,70617.00,"Graduation",0,0,"Social Media",0
56,70617.00,"Graduation",0,0,"Google Search Ads",0
56,70617.00,"Graduation",0,0,"Display Ads",0
56,70617.00,"Graduation",0,0,"Email",0
69,64849.00,"Graduation",0,0,"Email",0
69,64849.00,"Graduation",0,0,"SMS",0
69,64849.00,"Graduation",0,0,"Social Media",0
69,64849.00,"Graduation",0,0,"Google Search Ads",0
69,64849.00,"Graduation",0,0,"Display Ads",0
69,64849.00,"Graduation",0,0,"Email",0
61,62694.00,"Master",0,0,"Email",0
61,62694.00,"Master",0,0,"SMS",0
61,62694.00,"Master",0,0,"Social Media",0
61,62694.00,"Master",0,0,"Google Search Ads",0
61,62694.00,"Master",0,0,"Display Ads",0
61,62694.00,"Master",0,0,"Email",0
52,61917.00,"PhD",0,0,"Email",0
52,61917.00,"PhD",0,0,"SMS",0
52,61917.00,"PhD",0,0,"Social Media",0
52,61917.00,"PhD",0,0,"Google Search Ads",0
52,61917.00,"PhD",0,0,"Display Ads",0
52,61917.00,"PhD",0,0,"Email",0
79,67472.00,"PhD",0,0,"Email",0
79,67472.00,"PhD",0,0,"SMS",0
79,67472.00,"PhD",0,0,"Social Media",0
79,67472.00,"PhD",0,0,"Google Search Ads",0
79,67472.00,"PhD",0,0,"Display Ads",0
79,67472.00,"PhD",0,0,"Email",0
44,21059.00,"Master",0,0,"Email",0
44,21059.00,"Master",0,0,"SMS",0
44,21059.00,"Master",0,0,"Social Media",0
44,21059.00,"Master",0,0,"Google Search Ads",0
44,21059.00,"Master",0,0,"Display Ads",0
44,21059.00,"Master",0,0,"Email",0
58,29543.00,"Master",0,0,"Email",0
58,29543.00,"Master",0,0,"SMS",0
58,29543.00,"Master",0,0,"Social Media",0
58,29543.00,"Master",0,0,"Google Search Ads",0
58,29543.00,"Master",0,0,"Display Ads",0
58,29543.00,"Master",0,0,"Email",0
75,75903.00,"Graduation",0,0,"Email",0
75,75903.00,"Graduation",0,0,"SMS",0
75,75903.00,"Graduation",0,0,"Social Media",0
75,75903.00,"Graduation",0,0,"Google Search Ads",0
75,75903.00,"Graduation",0,0,"Display Ads",0
75,75903.00,"Graduation",0,0,"Email",0
51,34984.00,"2n Cycle",0,0,"Email",0
51,34984.00,"2n Cycle",0,0,"SMS",0
51,34984.00,"2n Cycle",0,0,"Social Media",0
51,34984.00,"2n Cycle",0,0,"Google Search Ads",0
51,34984.00,"2n Cycle",0,0,"Display Ads",0
51,34984.00,"2n Cycle",0,0,"Email",0
70,54998.00,"PhD",0,0,"Email",0
70,54998.00,"PhD",0,0,"SMS",0
70,54998.00,"PhD",0,0,"Social Media",0
70,54998.00,"PhD",0,0,"Google Search Ads",0
70,54998.00,"PhD",0,0,"Display Ads",0
70,54998.00,"PhD",0,0,"Email",0
77,54356.00,"PhD",0,0,"Email",0
77,54356.00,"PhD",0,0,"SMS",0
77,54356.00,"PhD",0,0,"Social Media",0
77,54356.00,"PhD",0,0,"Google Search Ads",0
77,54356.00,"PhD",0,0,"Display Ads",0
77,54356.00,"PhD",0,0,"Email",0
67,34242.00,"Master",0,0,"Email",0
67,34242.00,"Master",0,0,"SMS",0
67,34242.00,"Master",0,0,"Social Media",0
67,34242.00,"Master",0,0,"Google Search Ads",0
67,34242.00,"Master",0,0,"Display Ads",0
67,34242.00,"Master",0,0,"Email",0
53,25410.00,"Graduation",0,0,"Email",0
53,25410.00,"Graduation",0,0,"SMS",0
53,25410.00,"Graduation",0,0,"Social Media",0
53,25410.00,"Graduation",0,0,"Google Search Ads",0
53,25410.00,"Graduation",0,0,"Display Ads",0
53,25410.00,"Graduation",0,0,"Email",0
42,73356.00,"PhD",0,0,"Email",0
42,73356.00,"PhD",0,0,"SMS",0
42,73356.00,"PhD",0,0,"Social Media",0
42,73356.00,"PhD",0,0,"Google Search Ads",0
42,73356.00,"PhD",0,0,"Display Ads",0
42,73356.00,"PhD",0,0,"Email",0
76,28320.00,"Graduation",0,0,"Email",0
76,28320.00,"Graduation",0,0,"SMS",0
76,28320.00,"Graduation",0,0,"Social Media",0
76,28320.00,"Graduation",0,0,"Google Search Ads",0
76,28320.00,"Graduation",0,0,"Display Ads",0
76,28320.00,"Graduation",0,0,"Email",0
49,23763.00,"Graduation",0,0,"Email",0
49,23763.00,"Graduation",0,0,"SMS",0
49,23763.00,"Graduation",0,0,"Social Media",0
49,23763.00,"Graduation",0,0,"Google Search Ads",0
49,23763.00,"Graduation",0,0,"Display Ads",0
49,23763.00,"Graduation",0,0,"Email",0
42,72570.00,"Graduation",0,0,"Email",0
42,72570.00,"Graduation",0,0,"SMS",0
42,72570.00,"Graduation",0,0,"Social Media",0
42,72570.00,"Graduation",0,0,"Google Search Ads",0
42,72570.00,"Graduation",0,0,"Display Ads",0
42,72570.00,"Graduation",0,0,"Email",0
50,34529.00,"Master",0,0,"Email",0
50,34529.00,"Master",0,0,"SMS",0
50,34529.00,"Master",0,0,"Social Media",0
50,34529.00,"Master",0,0,"Google Search Ads",0
50,34529.00,"Master",0,0,"Display Ads",0
50,34529.00,"Master",0,0,"Email",0
75,70792.00,"Graduation",0,0,"Email",0
75,70792.00,"Graduation",0,0,"SMS",0
75,70792.00,"Graduation",0,0,"Social Media",0
75,70792.00,"Graduation",0,0,"Google Search Ads",0
75,70792.00,"Graduation",0,0,"Display Ads",0
75,70792.00,"Graduation",0,0,"Email",0
44,63211.00,"Graduation",0,0,"Email",0
44,63211.00,"Graduation",0,0,"SMS",0
44,63211.00,"Graduation",0,0,"Social Media",0
44,63211.00,"Graduation",0,0,"Google Search Ads",0
44,63211.00,"Graduation",0,0,"Display Ads",0
44,63211.00,"Graduation",0,0,"Email",0
52,83891.00,"Master",0,0,"Email",0
52,83891.00,"Master",0,0,"SMS",0
52,83891.00,"Master",0,0,"Social Media",0
52,83891.00,"Master",0,0,"Google Search Ads",0
52,83891.00,"Master",0,0,"Display Ads",0
52,83891.00,"Master",0,0,"Email",0
58,36065.00,"Graduation",0,0,"Email",0
58,36065.00,"Graduation",0,0,"SMS",0
58,36065.00,"Graduation",0,0,"Social Media",0
58,36065.00,"Graduation",0,0,"Google Search Ads",0
58,36065.00,"Graduation",0,0,"Display Ads",0
58,36065.00,"Graduation",0,0,"Email",0
72,39898.00,"Graduation",0,0,"Email",0
72,39898.00,"Graduation",0,0,"SMS",0
72,39898.00,"Graduation",0,0,"Social Media",0
72,39898.00,"Graduation",0,0,"Google Search Ads",0
72,39898.00,"Graduation",0,0,"Display Ads",0
72,39898.00,"Graduation",0,0,"Email",0
86,51141.00,"PhD",0,0,"Email",0
86,51141.00,"PhD",0,0,"SMS",0
86,51141.00,"PhD",0,0,"Social Media",0
86,51141.00,"PhD",0,0,"Google Search Ads",0
86,51141.00,"PhD",0,0,"Display Ads",0
86,51141.00,"PhD",0,0,"Email",0
50,56939.00,"Graduation",0,0,"Email",0
50,56939.00,"Graduation",0,0,"SMS",0
50,56939.00,"Graduation",0,0,"Social Media",0
50,56939.00,"Graduation",0,0,"Google Search Ads",0
50,56939.00,"Graduation",0,0,"Display Ads",0
50,56939.00,"Graduation",0,0,"Email",0
75,80872.00,"Graduation",0,0,"Email",0
75,80872.00,"Graduation",0,0,"SMS",0
75,80872.00,"Graduation",0,0,"Social Media",0
75,80872.00,"Graduation",0,0,"Google Search Ads",0
75,80872.00,"Graduation",0,0,"Display Ads",0
75,80872.00,"Graduation",0,0,"Email",0
50,72335.00,"PhD",0,0,"Email",0
50,72335.00,"PhD",0,0,"SMS",0
50,72335.00,"PhD",0,0,"Social Media",0
50,72335.00,"PhD",0,0,"Google Search Ads",0
50,72335.00,"PhD",0,0,"Display Ads",0
50,72335.00,"PhD",0,0,"Email",0
62,61798.00,"PhD",0,0,"Email",0
62,61798.00,"PhD",0,0,"SMS",0
62,61798.00,"PhD",0,0,"Social Media",0
62,61798.00,"PhD",0,0,"Google Search Ads",0
62,61798.00,"PhD",0,0,"Display Ads",0
62,61798.00,"PhD",0,0,"Email",0
76,76842.00,"PhD",0,0,"Email",0
76,76842.00,"PhD",0,0,"SMS",0
76,76842.00,"PhD",0,0,"Social Media",0
76,76842.00,"PhD",0,0,"Google Search Ads",0
76,76842.00,"PhD",0,0,"Display Ads",0
76,76842.00,"PhD",0,0,"Email",0
50,29478.00,"Graduation",0,0,"Email",0
50,29478.00,"Graduation",0,0,"SMS",0
50,29478.00,"Graduation",0,0,"Social Media",0
50,29478.00,"Graduation",0,0,"Google Search Ads",0
50,29478.00,"Graduation",0,0,"Display Ads",0
50,29478.00,"Graduation",0,0,"Email",0
70,46998.00,"Graduation",0,0,"Email",0
70,46998.00,"Graduation",0,0,"SMS",0
70,46998.00,"Graduation",0,0,"Social Media",0
70,46998.00,"Graduation",0,0,"Google Search Ads",0
70,46998.00,"Graduation",0,0,"Display Ads",0
70,46998.00,"Graduation",0,0,"Email",0
36,96843.00,"Graduation",0,0,"Email",0
36,96843.00,"Graduation",0,0,"SMS",0
36,96843.00,"Graduation",0,0,"Social Media",0
36,96843.00,"Graduation",0,0,"Google Search Ads",0
36,96843.00,"Graduation",0,0,"Display Ads",0
36,96843.00,"Graduation",0,0,"Email",0
76,56551.00,"PhD",0,0,"Email",0
76,56551.00,"PhD",0,0,"SMS",0
76,56551.00,"PhD",0,0,"Social Media",0
76,56551.00,"PhD",0,0,"Google Search Ads",0
76,56551.00,"PhD",0,0,"Display Ads",0
76,56551.00,"PhD",0,0,"Email",0
61,70053.00,"Master",0,0,"Email",0
61,70053.00,"Master",0,0,"SMS",0
61,70053.00,"Master",0,0,"Social Media",0
61,70053.00,"Master",0,0,"Google Search Ads",0
61,70053.00,"Master",0,0,"Display Ads",0
61,70053.00,"Master",0,0,"Email",0
64,71670.00,"PhD",0,0,"Email",0
64,71670.00,"PhD",0,0,"SMS",0
64,71670.00,"PhD",0,0,"Social Media",0
64,71670.00,"PhD",0,0,"Google Search Ads",0
64,71670.00,"PhD",0,0,"Display Ads",0
64,71670.00,"PhD",0,0,"Email",0
48,44359.00,"Graduation",0,0,"Email",0
48,44359.00,"Graduation",0,0,"SMS",0
48,44359.00,"Graduation",0,0,"Social Media",0
48,44359.00,"Graduation",0,0,"Google Search Ads",0
48,44359.00,"Graduation",0,0,"Display Ads",0
48,44359.00,"Graduation",0,0,"Email",0
74,40887.00,"Graduation",0,0,"Email",0
74,40887.00,"Graduation",0,0,"SMS",0
74,40887.00,"Graduation",0,0,"Social Media",0
74,40887.00,"Graduation",0,0,"Google Search Ads",0
74,40887.00,"Graduation",0,0,"Display Ads",0
74,40887.00,"Graduation",0,0,"Email",0
60,48877.00,"Graduation",0,0,"Email",0
60,48877.00,"Graduation",0,0,"SMS",0
60,48877.00,"Graduation",0,0,"Social Media",0
60,48877.00,"Graduation",0,0,"Google Search Ads",0
60,48877.00,"Graduation",0,0,"Display Ads",0
60,48877.00,"Graduation",0,0,"Email",0
79,74485.00,"Graduation",0,0,"Email",0
79,74485.00,"Graduation",0,0,"SMS",0
79,74485.00,"Graduation",0,0,"Social Media",0
79,74485.00,"Graduation",0,0,"Google Search Ads",0
79,74485.00,"Graduation",0,0,"Display Ads",0
79,74485.00,"Graduation",0,0,"Email",0
54,64474.00,"Graduation",0,0,"Email",0
54,64474.00,"Graduation",0,0,"SMS",0
54,64474.00,"Graduation",0,0,"Social Media",0
54,64474.00,"Graduation",0,0,"Google Search Ads",0
54,64474.00,"Graduation",0,0,"Display Ads",0
54,64474.00,"Graduation",0,0,"Email",0
63,77226.00,"Graduation",0,0,"Email",0
63,77226.00,"Graduation",0,0,"SMS",0
63,77226.00,"Graduation",0,0,"Social Media",0
63,77226.00,"Graduation",0,0,"Google Search Ads",0
63,77226.00,"Graduation",0,0,"Display Ads",0
63,77226.00,"Graduation",0,0,"Email",0
77,72643.00,"Graduation",0,0,"Email",0
77,72643.00,"Graduation",0,0,"SMS",0
77,72643.00,"Graduation",0,0,"Social Media",0
77,72643.00,"Graduation",0,0,"Google Search Ads",0
77,72643.00,"Graduation",0,0,"Display Ads",0
77,72643.00,"Graduation",0,0,"Email",0
48,85738.00,"Master",0,0,"Email",0
48,85738.00,"Master",0,0,"SMS",0
48,85738.00,"Master",0,0,"Social Media",0
48,85738.00,"Master",0,0,"Google Search Ads",0
48,85738.00,"Master",0,0,"Display Ads",0
48,85738.00,"Master",0,0,"Email",0
60,55686.00,"Graduation",0,0,"Email",0
60,55686.00,"Graduation",0,0,"SMS",0
60,55686.00,"Graduation",0,0,"Social Media",0
60,55686.00,"Graduation",0,0,"Google Search Ads",0
60,55686.00,"Graduation",0,0,"Display Ads",0
60,55686.00,"Graduation",0,0,"Email",0
43,39062.00,"Graduation",0,0,"Email",0
43,39062.00,"Graduation",0,0,"SMS",0
43,39062.00,"Graduation",0,0,"Social Media",0
43,39062.00,"Graduation",0,0,"Google Search Ads",0
43,39062.00,"Graduation",0,0,"Display Ads",0
43,39062.00,"Graduation",0,0,"Email",0
55,34600.00,"Graduation",0,0,"Email",0
55,34600.00,"Graduation",0,0,"SMS",0
55,34600.00,"Graduation",0,0,"Social Media",0
55,34600.00,"Graduation",0,0,"Google Search Ads",0
55,34600.00,"Graduation",0,0,"Display Ads",0
55,34600.00,"Graduation",0,0,"Email",0
51,40794.00,"Graduation",0,0,"Email",0
51,40794.00,"Graduation",0,0,"SMS",0
51,40794.00,"Graduation",0,0,"Social Media",0
51,40794.00,"Graduation",0,0,"Google Search Ads",0
51,40794.00,"Graduation",0,0,"Display Ads",0
51,40794.00,"Graduation",0,0,"Email",0
55,54690.00,"2n Cycle",0,0,"Email",0
55,54690.00,"2n Cycle",0,0,"SMS",0
55,54690.00,"2n Cycle",0,0,"Social Media",0
55,54690.00,"2n Cycle",0,0,"Google Search Ads",0
55,54690.00,"2n Cycle",0,0,"Display Ads",0
55,54690.00,"2n Cycle",0,0,"Email",0
57,4428.00,"Graduation",0,0,"Email",0
57,4428.00,"Graduation",0,0,"SMS",0
57,4428.00,"Graduation",0,0,"Social Media",0
57,4428.00,"Graduation",0,0,"Google Search Ads",0
57,4428.00,"Graduation",0,0,"Display Ads",0
57,4428.00,"Graduation",0,0,"Email",0
63,32632.00,"2n Cycle",0,0,"Email",0
63,32632.00,"2n Cycle",0,0,"SMS",0
63,32632.00,"2n Cycle",0,0,"Social Media",0
63,32632.00,"2n Cycle",0,0,"Google Search Ads",0
63,32632.00,"2n Cycle",0,0,"Display Ads",0
63,32632.00,"2n Cycle",0,0,"Email",0
58,38236.00,"PhD",0,0,"Email",0
58,38236.00,"PhD",0,0,"SMS",0
58,38236.00,"PhD",0,0,"Social Media",0
58,38236.00,"PhD",0,0,"Google Search Ads",0
58,38236.00,"PhD",0,0,"Display Ads",0
58,38236.00,"PhD",0,0,"Email",0
47,36781.00,"Graduation",0,0,"Email",0
47,36781.00,"Graduation",0,0,"SMS",0
47,36781.00,"Graduation",0,0,"Social Media",0
47,36781.00,"Graduation",0,0,"Google Search Ads",0
47,36781.00,"Graduation",0,0,"Display Ads",0
47,36781.00,"Graduation",0,0,"Email",0
42,31385.00,"Master",0,0,"Email",0
42,31385.00,"Master",0,0,"SMS",0
42,31385.00,"Master",0,0,"Social Media",0
42,31385.00,"Master",0,0,"Google Search Ads",0
42,31385.00,"Master",0,0,"Display Ads",0
42,31385.00,"Master",0,0,"Email",0
42,24570.00,"Graduation",0,0,"Email",0
42,24570.00,"Graduation",0,0,"SMS",0
42,24570.00,"Graduation",0,0,"Social Media",0
42,24570.00,"Graduation",0,0,"Google Search Ads",0
42,24570.00,"Graduation",0,0,"Display Ads",0
42,24570.00,"Graduation",0,0,"Email",0
52,25509.00,"PhD",0,0,"Email",0
52,25509.00,"PhD",0,0,"SMS",0
52,25509.00,"PhD",0,0,"Social Media",0
52,25509.00,"PhD",0,0,"Google Search Ads",0
52,25509.00,"PhD",0,0,"Display Ads",0
52,25509.00,"PhD",0,0,"Email",0
75,94642.00,"Graduation",0,0,"Email",0
75,94642.00,"Graduation",0,0,"SMS",0
75,94642.00,"Graduation",0,0,"Social Media",0
75,94642.00,"Graduation",0,0,"Google Search Ads",0
75,94642.00,"Graduation",0,0,"Display Ads",0
75,94642.00,"Graduation",0,0,"Email",0
64,58646.00,"Master",0,0,"Email",0
64,58646.00,"Master",0,0,"SMS",0
64,58646.00,"Master",0,0,"Social Media",0
64,58646.00,"Master",0,0,"Google Search Ads",0
64,58646.00,"Master",0,0,"Display Ads",0
64,58646.00,"Master",0,0,"Email",0
51,53201.00,"Graduation",0,0,"Email",0
51,53201.00,"Graduation",0,0,"SMS",0
51,53201.00,"Graduation",0,0,"Social Media",0
51,53201.00,"Graduation",0,0,"Google Search Ads",0
51,53201.00,"Graduation",0,0,"Display Ads",0
51,53201.00,"Graduation",0,0,"Email",0
69,21994.00,"Graduation",0,0,"Email",0
69,21994.00,"Graduation",0,0,"SMS",0
69,21994.00,"Graduation",0,0,"Social Media",0
69,21994.00,"Graduation",0,0,"Google Search Ads",0
69,21994.00,"Graduation",0,0,"Display Ads",0
69,21994.00,"Graduation",0,0,"Email",0
48,57113.00,"Graduation",0,0,"Email",0
48,57113.00,"Graduation",0,0,"SMS",0
48,57113.00,"Graduation",0,0,"Social Media",0
48,57113.00,"Graduation",0,0,"Google Search Ads",0
48,57113.00,"Graduation",0,0,"Display Ads",0
48,57113.00,"Graduation",0,0,"Email",0
35,51373.00,"Graduation",0,0,"Email",0
35,51373.00,"Graduation",0,0,"SMS",0
35,51373.00,"Graduation",0,0,"Social Media",0
35,51373.00,"Graduation",0,0,"Google Search Ads",0
35,51373.00,"Graduation",0,0,"Display Ads",0
35,51373.00,"Graduation",0,0,"Email",0
40,23477.00,"Graduation",0,0,"Email",0
40,23477.00,"Graduation",0,0,"SMS",0
40,23477.00,"Graduation",0,0,"Social Media",0
40,23477.00,"Graduation",0,0,"Google Search Ads",0
40,23477.00,"Graduation",0,0,"Display Ads",0
40,23477.00,"Graduation",0,0,"Email",0
70,58116.00,"Graduation",0,0,"Email",0
70,58116.00,"Graduation",0,0,"SMS",0
70,58116.00,"Graduation",0,0,"Social Media",0
70,58116.00,"Graduation",0,0,"Google Search Ads",0
70,58116.00,"Graduation",0,0,"Display Ads",0
70,58116.00,"Graduation",0,0,"Email",0
63,72968.00,"PhD",0,0,"Email",0
63,72968.00,"PhD",0,0,"SMS",0
63,72968.00,"PhD",0,0,"Social Media",0
63,72968.00,"PhD",0,0,"Google Search Ads",0
63,72968.00,"PhD",0,0,"Display Ads",0
63,72968.00,"PhD",0,0,"Email",0
55,39791.00,"Master",0,0,"Email",0
55,39791.00,"Master",0,0,"SMS",0
55,39791.00,"Master",0,0,"Social Media",0
55,39791.00,"Master",0,0,"Google Search Ads",0
55,39791.00,"Master",0,0,"Display Ads",0
55,39791.00,"Master",0,0,"Email",0
79,91712.00,"Master",0,0,"Email",0
79,91712.00,"Master",0,0,"SMS",0
79,91712.00,"Master",0,0,"Social Media",0
79,91712.00,"Master",0,0,"Google Search Ads",0
79,91712.00,"Master",0,0,"Display Ads",0
79,91712.00,"Master",0,0,"Email",0
68,94472.00,"Graduation",0,0,"Email",0
68,94472.00,"Graduation",0,0,"SMS",0
68,94472.00,"Graduation",0,0,"Social Media",0
68,94472.00,"Graduation",0,0,"Google Search Ads",0
68,94472.00,"Graduation",0,0,"Display Ads",0
68,94472.00,"Graduation",0,0,"Email",0
66,13672.00,"Graduation",0,0,"Email",0
66,13672.00,"Graduation",0,0,"SMS",0
66,13672.00,"Graduation",0,0,"Social Media",0
66,13672.00,"Graduation",0,0,"Google Search Ads",0
66,13672.00,"Graduation",0,0,"Display Ads",0
66,13672.00,"Graduation",0,0,"Email",0
46,96547.00,"2n Cycle",0,0,"Email",0
46,96547.00,"2n Cycle",0,0,"SMS",0
46,96547.00,"2n Cycle",0,0,"Social Media",0
46,96547.00,"2n Cycle",0,0,"Google Search Ads",0
46,96547.00,"2n Cycle",0,0,"Display Ads",0
46,96547.00,"2n Cycle",0,0,"Email",0
51,79205.00,"Graduation",0,0,"Email",0
51,79205.00,"Graduation",0,0,"SMS",0
51,79205.00,"Graduation",0,0,"Social Media",0
51,79205.00,"Graduation",0,0,"Google Search Ads",0
51,79205.00,"Graduation",0,0,"Display Ads",0
51,79205.00,"Graduation",0,0,"Email",0
51,56559.00,"PhD",0,0,"Email",0
51,56559.00,"PhD",0,0,"SMS",0
51,56559.00,"PhD",0,0,"Social Media",0
51,56559.00,"PhD",0,0,"Google Search Ads",0
51,56559.00,"PhD",0,0,"Display Ads",0
51,56559.00,"PhD",0,0,"Email",0
53,32644.00,"PhD",0,0,"Email",0
53,32644.00,"PhD",0,0,"SMS",0
53,32644.00,"PhD",0,0,"Social Media",0
53,32644.00,"PhD",0,0,"Google Search Ads",0
53,32644.00,"PhD",0,0,"Display Ads",0
53,32644.00,"PhD",0,0,"Email",0
46,67506.00,"2n Cycle",0,0,"Email",0
46,67506.00,"2n Cycle",0,0,"SMS",0
46,67506.00,"2n Cycle",0,0,"Social Media",0
46,67506.00,"2n Cycle",0,0,"Google Search Ads",0
46,67506.00,"2n Cycle",0,0,"Display Ads",0
46,67506.00,"2n Cycle",0,0,"Email",0
56,24206.00,"Graduation",2,43.00,"Email",0
56,24206.00,"Graduation",2,43.00,"SMS",0
56,24206.00,"Graduation",2,43.00,"Social Media",0
56,24206.00,"Graduation",2,43.00,"Google Search Ads",0
56,24206.00,"Graduation",2,43.00,"Display Ads",0
56,24206.00,"Graduation",2,43.00,"Email",1
59,28420.00,"PhD",4,21.50,"Email",0
59,28420.00,"PhD",4,21.50,"SMS",0
59,28420.00,"PhD",4,21.50,"Social Media",0
59,28420.00,"PhD",4,21.50,"Google Search Ads",0
59,28420.00,"PhD",4,21.50,"Display Ads",0
59,28420.00,"PhD",4,21.50,"Email",1
56,22979.00,"Graduation",4,14.33,"Email",0
56,22979.00,"Graduation",4,14.33,"SMS",0
56,22979.00,"Graduation",4,14.33,"Social Media",0
56,22979.00,"Graduation",4,14.33,"Google Search Ads",0
56,22979.00,"Graduation",4,14.33,"Display Ads",0
56,22979.00,"Graduation",4,14.33,"Email",1
60,33279.00,"Graduation",4,14.33,"Email",0
60,33279.00,"Graduation",4,14.33,"SMS",0
60,33279.00,"Graduation",4,14.33,"Social Media",0
60,33279.00,"Graduation",4,14.33,"Google Search Ads",0
60,33279.00,"Graduation",4,14.33,"Display Ads",0
60,33279.00,"Graduation",4,14.33,"Email",1
54,46423.00,"Master",4,21.50,"Email",0
54,46423.00,"Master",4,21.50,"SMS",0
54,46423.00,"Master",4,21.50,"Social Media",0
54,46423.00,"Master",4,21.50,"Google Search Ads",0
54,46423.00,"Master",4,21.50,"Display Ads",0
54,46423.00,"Master",4,21.50,"Email",1
49,30368.00,"Graduation",2,43.00,"Email",0
49,30368.00,"Graduation",2,43.00,"SMS",0
49,30368.00,"Graduation",2,43.00,"Social Media",0
49,30368.00,"Graduation",2,43.00,"Google Search Ads",0
49,30368.00,"Graduation",2,43.00,"Display Ads",0
49,30368.00,"Graduation",2,43.00,"Email",1
56,63684.00,"Graduation",4,14.33,"Email",0
56,63684.00,"Graduation",4,14.33,"SMS",0
56,63684.00,"Graduation",4,14.33,"Social Media",0
56,63684.00,"Graduation",4,14.33,"Google Search Ads",0
56,63684.00,"Graduation",4,14.33,"Display Ads",0
56,63684.00,"Graduation",4,14.33,"Email",1
62,41638.00,"Graduation",4,14.33,"Email",0
62,41638.00,"Graduation",4,14.33,"SMS",0
62,41638.00,"Graduation",4,14.33,"Social Media",0
62,41638.00,"Graduation",4,14.33,"Google Search Ads",0
62,41638.00,"Graduation",4,14.33,"Display Ads",0
62,41638.00,"Graduation",4,14.33,"Email",1
67,68805.00,"PhD",4,14.33,"Email",0
67,68805.00,"PhD",4,14.33,"SMS",0
67,68805.00,"PhD",4,14.33,"Social Media",0
67,68805.00,"PhD",4,14.33,"Google Search Ads",0
67,68805.00,"PhD",4,14.33,"Display Ads",0
67,68805.00,"PhD",4,14.33,"Email",1
60,65814.00,"PhD",4,14.33,"Email",0
60,65814.00,"PhD",4,14.33,"SMS",0
60,65814.00,"PhD",4,14.33,"Social Media",0
60,65814.00,"PhD",4,14.33,"Google Search Ads",0
60,65814.00,"PhD",4,14.33,"Display Ads",0
60,65814.00,"PhD",4,14.33,"Email",1
68,71964.00,"Graduation",2,43.00,"Email",0
68,71964.00,"Graduation",2,43.00,"SMS",0
68,71964.00,"Graduation",2,43.00,"Social Media",0
68,71964.00,"Graduation",2,43.00,"Google Search Ads",0
68,71964.00,"Graduation",2,43.00,"Display Ads",0
68,71964.00,"Graduation",2,43.00,"Email",1
40,39146.00,"Graduation",4,21.50,"Email",0
40,39146.00,"Graduation",4,21.50,"SMS",0
40,39146.00,"Graduation",4,21.50,"Social Media",0
40,39146.00,"Graduation",4,21.50,"Google Search Ads",0
40,39146.00,"Graduation",4,21.50,"Display Ads",0
40,39146.00,"Graduation",4,21.50,"Email",1
49,96876.00,"Graduation",2,43.00,"Email",0
49,96876.00,"Graduation",2,43.00,"SMS",0
49,96876.00,"Graduation",2,43.00,"Social Media",0
49,96876.00,"Graduation",2,43.00,"Google Search Ads",0
49,96876.00,"Graduation",2,43.00,"Display Ads",0
49,96876.00,"Graduation",2,43.00,"Email",1
45,34445.00,"Basic",4,14.33,"Email",0
45,34445.00,"Basic",4,14.33,"SMS",0
45,34445.00,"Basic",4,14.33,"Social Media",0
45,34445.00,"Basic",4,14.33,"Google Search Ads",0
45,34445.00,"Basic",4,14.33,"Display Ads",0
45,34445.00,"Basic",4,14.33,"Email",1
68,68281.00,"Graduation",4,21.50,"Email",0
68,68281.00,"Graduation",4,21.50,"SMS",0
68,68281.00,"Graduation",4,21.50,"Social Media",0
68,68281.00,"Graduation",4,21.50,"Google Search Ads",0
68,68281.00,"Graduation",4,21.50,"Display Ads",0
68,68281.00,"Graduation",4,21.50,"Email",1
51,37284.00,"2n Cycle",4,21.50,"Email",0
51,37284.00,"2n Cycle",4,21.50,"SMS",0
51,37284.00,"2n Cycle",4,21.50,"Social Media",0
51,37284.00,"2n Cycle",4,21.50,"Google Search Ads",0
51,37284.00,"2n Cycle",4,21.50,"Display Ads",0
51,37284.00,"2n Cycle",4,21.50,"Email",1
43,36790.00,"Graduation",4,21.50,"Email",0
43,36790.00,"Graduation",4,21.50,"SMS",0
43,36790.00,"Graduation",4,21.50,"Social Media",0
43,36790.00,"Graduation",4,21.50,"Google Search Ads",0
43,36790.00,"Graduation",4,21.50,"Display Ads",0
43,36790.00,"Graduation",4,21.50,"Email",1
59,27943.00,"Graduation",2,43.00,"Email",0
59,27943.00,"Graduation",2,43.00,"SMS",0
59,27943.00,"Graduation",2,43.00,"Social Media",0
59,27943.00,"Graduation",2,43.00,"Google Search Ads",0
59,27943.00,"Graduation",2,43.00,"Display Ads",0
59,27943.00,"Graduation",2,43.00,"Email",1
75,22263.00,"Graduation",2,43.00,"Email",0
75,22263.00,"Graduation",2,43.00,"SMS",0
75,22263.00,"Graduation",2,43.00,"Social Media",0
75,22263.00,"Graduation",2,43.00,"Google Search Ads",0
75,22263.00,"Graduation",2,43.00,"Display Ads",0
75,22263.00,"Graduation",2,43.00,"Email",1
54,30261.00,"Graduation",2,43.00,"Email",0
54,30261.00,"Graduation",2,43.00,"SMS",0
54,30261.00,"Graduation",2,43.00,"Social Media",0
54,30261.00,"Graduation",2,43.00,"Google Search Ads",0
54,30261.00,"Graduation",2,43.00,"Display Ads",0
54,30261.00,"Graduation",2,43.00,"Email",1
48,28587.00,"Graduation",4,14.33,"Email",0
48,28587.00,"Graduation",4,14.33,"SMS",0
48,28587.00,"Graduation",4,14.33,"Social Media",0
48,28587.00,"Graduation",4,14.33,"Google Search Ads",0
48,28587.00,"Graduation",4,14.33,"Display Ads",0
48,28587.00,"Graduation",4,14.33,"Email",1
44,43815.00,"Master",4,21.50,"Email",0
44,43815.00,"Master",4,21.50,"SMS",0
44,43815.00,"Master",4,21.50,"Social Media",0
44,43815.00,"Master",4,21.50,"Google Search Ads",0
44,43815.00,"Master",4,21.50,"Display Ads",0
44,43815.00,"Master",4,21.50,"Email",1
70,48195.00,"Graduation",2,43.00,"Email",0
70,48195.00,"Graduation",2,43.00,"SMS",0
70,48195.00,"Graduation",2,43.00,"Social Media",0
70,48195.00,"Graduation",2,43.00,"Google Search Ads",0
70,48195.00,"Graduation",2,43.00,"Display Ads",0
70,48195.00,"Graduation",2,43.00,"Email",1
74,77027.00,"Master",2,28.66,"Email",0
74,77027.00,"Master",2,28.66,"SMS",0
74,77027.00,"Master",2,28.66,"Social Media",0
74,77027.00,"Master",2,28.66,"Google Search Ads",0
74,77027.00,"Master",2,28.66,"Display Ads",0
74,77027.00,"Master",2,28.66,"Email",1
61,71322.00,"PhD",2,43.00,"Email",0
61,71322.00,"PhD",2,43.00,"SMS",0
61,71322.00,"PhD",2,43.00,"Social Media",0
61,71322.00,"PhD",2,43.00,"Google Search Ads",0
61,71322.00,"PhD",2,43.00,"Display Ads",0
61,71322.00,"PhD",2,43.00,"Email",1
47,32765.00,"Master",2,43.00,"Email",0
47,32765.00,"Master",2,43.00,"SMS",0
47,32765.00,"Master",2,43.00,"Social Media",0
47,32765.00,"Master",2,43.00,"Google Search Ads",0
47,32765.00,"Master",2,43.00,"Display Ads",0
47,32765.00,"Master",2,43.00,"Email",1
61,29672.00,"Graduation",4,21.50,"Email",0
61,29672.00,"Graduation",4,21.50,"SMS",0
61,29672.00,"Graduation",4,21.50,"Social Media",0
61,29672.00,"Graduation",4,21.50,"Google Search Ads",0
61,29672.00,"Graduation",4,21.50,"Display Ads",0
61,29672.00,"Graduation",4,21.50,"Email",1
73,23272.00,"Graduation",2,43.00,"Email",0
73,23272.00,"Graduation",2,43.00,"SMS",0
73,23272.00,"Graduation",2,43.00,"Social Media",0
73,23272.00,"Graduation",2,43.00,"Google Search Ads",0
73,23272.00,"Graduation",2,43.00,"Display Ads",0
73,23272.00,"Graduation",2,43.00,"Email",1
77,49912.00,"Master",4,14.33,"Email",0
77,49912.00,"Master",4,14.33,"SMS",0
77,49912.00,"Master",4,14.33,"Social Media",0
77,49912.00,"Master",4,14.33,"Google Search Ads",0
77,49912.00,"Master",4,14.33,"Display Ads",0
77,49912.00,"Master",4,14.33,"Email",1
41,7500.00,"2n Cycle",2,28.66,"Email",0
41,7500.00,"2n Cycle",2,28.66,"SMS",0
41,7500.00,"2n Cycle",2,28.66,"Social Media",0
41,7500.00,"2n Cycle",2,28.66,"Google Search Ads",0
41,7500.00,"2n Cycle",2,28.66,"Display Ads",0
41,7500.00,"2n Cycle",2,28.66,"Email",1
79,68117.00,"PhD",4,14.33,"Email",0
79,68117.00,"PhD",4,14.33,"SMS",0
79,68117.00,"PhD",4,14.33,"Social Media",0
79,68117.00,"PhD",4,14.33,"Google Search Ads",0
79,68117.00,"PhD",4,14.33,"Display Ads",0
79,68117.00,"PhD",4,14.33,"Email",1
71,67225.00,"Graduation",4,14.33,"Email",0
71,67225.00,"Graduation",4,14.33,"SMS",0
71,67225.00,"Graduation",4,14.33,"Social Media",0
71,67225.00,"Graduation",4,14.33,"Google Search Ads",0
71,67225.00,"Graduation",4,14.33,"Display Ads",0
71,67225.00,"Graduation",4,14.33,"Email",1
50,17649.00,"Graduation",4,21.50,"Email",0
50,17649.00,"Graduation",4,21.50,"SMS",0
50,17649.00,"Graduation",4,21.50,"Social Media",0
50,17649.00,"Graduation",4,21.50,"Google Search Ads",0
50,17649.00,"Graduation",4,21.50,"Display Ads",0
50,17649.00,"Graduation",4,21.50,"Email",1
51,55914.00,"Graduation",2,43.00,"Email",0
51,55914.00,"Graduation",2,43.00,"SMS",0
51,55914.00,"Graduation",2,43.00,"Social Media",0
51,55914.00,"Graduation",2,43.00,"Google Search Ads",0
51,55914.00,"Graduation",2,43.00,"Display Ads",0
51,55914.00,"Graduation",2,43.00,"Email",1
42,40059.00,"Graduation",4,14.33,"Email",0
42,40059.00,"Graduation",4,14.33,"SMS",0
42,40059.00,"Graduation",4,14.33,"Social Media",0
42,40059.00,"Graduation",4,14.33,"Google Search Ads",0
42,40059.00,"Graduation",4,14.33,"Display Ads",0
42,40059.00,"Graduation",4,14.33,"Email",1
76,60905.00,"Graduation",2,28.66,"Email",0
76,60905.00,"Graduation",2,28.66,"SMS",0
76,60905.00,"Graduation",2,28.66,"Social Media",0
76,60905.00,"Graduation",2,28.66,"Google Search Ads",0
76,60905.00,"Graduation",2,28.66,"Display Ads",0
76,60905.00,"Graduation",2,28.66,"Email",1
49,75330.00,"Graduation",4,21.50,"Email",0
49,75330.00,"Graduation",4,21.50,"SMS",0
49,75330.00,"Graduation",4,21.50,"Social Media",0
49,75330.00,"Graduation",4,21.50,"Google Search Ads",0
49,75330.00,"Graduation",4,21.50,"Display Ads",0
49,75330.00,"Graduation",4,21.50,"Email",1
75,60689.00,"Graduation",4,14.33,"Email",0
75,60689.00,"Graduation",4,14.33,"SMS",0
75,60689.00,"Graduation",4,14.33,"Social Media",0
75,60689.00,"Graduation",4,14.33,"Google Search Ads",0
75,60689.00,"Graduation",4,14.33,"Display Ads",0
75,60689.00,"Graduation",4,14.33,"Email",1
42,38680.00,"Graduation",4,14.33,"Email",0
42,38680.00,"Graduation",4,14.33,"SMS",0
42,38680.00,"Graduation",4,14.33,"Social Media",0
42,38680.00,"Graduation",4,14.33,"Google Search Ads",0
42,38680.00,"Graduation",4,14.33,"Display Ads",0
42,38680.00,"Graduation",4,14.33,"Email",1
44,61416.00,"Graduation",4,14.33,"Email",0
44,61416.00,"Graduation",4,14.33,"SMS",0
44,61416.00,"Graduation",4,14.33,"Social Media",0
44,61416.00,"Graduation",4,14.33,"Google Search Ads",0
44,61416.00,"Graduation",4,14.33,"Display Ads",0
44,61416.00,"Graduation",4,14.33,"Email",1
35,49767.00,"Graduation",2,28.66,"Email",0
35,49767.00,"Graduation",2,28.66,"SMS",0
35,49767.00,"Graduation",2,28.66,"Social Media",0
35,49767.00,"Graduation",2,28.66,"Google Search Ads",0
35,49767.00,"Graduation",2,28.66,"Display Ads",0
35,49767.00,"Graduation",2,28.66,"Email",1
56,83273.00,"Graduation",4,14.33,"Email",0
56,83273.00,"Graduation",4,14.33,"SMS",0
56,83273.00,"Graduation",4,14.33,"Social Media",0
56,83273.00,"Graduation",4,14.33,"Google Search Ads",0
56,83273.00,"Graduation",4,14.33,"Display Ads",0
56,83273.00,"Graduation",4,14.33,"Email",1
45,29009.00,"Graduation",2,28.66,"Email",0
45,29009.00,"Graduation",2,28.66,"SMS",0
45,29009.00,"Graduation",2,28.66,"Social Media",0
45,29009.00,"Graduation",2,28.66,"Google Search Ads",0
45,29009.00,"Graduation",2,28.66,"Display Ads",0
45,29009.00,"Graduation",2,28.66,"Email",1
47,45057.00,"Master",2,28.66,"Email",0
47,45057.00,"Master",2,28.66,"SMS",0
47,45057.00,"Master",2,28.66,"Social Media",0
47,45057.00,"Master",2,28.66,"Google Search Ads",0
47,45057.00,"Master",2,28.66,"Display Ads",0
47,45057.00,"Master",2,28.66,"Email",1
55,37150.00,"Graduation",2,43.00,"Email",0
55,37150.00,"Graduation",2,43.00,"SMS",0
55,37150.00,"Graduation",2,43.00,"Social Media",0
55,37150.00,"Graduation",2,43.00,"Google Search Ads",0
55,37150.00,"Graduation",2,43.00,"Display Ads",0
55,37150.00,"Graduation",2,43.00,"Email",1
56,43020.00,"Graduation",2,43.00,"Email",0
56,43020.00,"Graduation",2,43.00,"SMS",0
56,43020.00,"Graduation",2,43.00,"Social Media",0
56,43020.00,"Graduation",2,43.00,"Google Search Ads",0
56,43020.00,"Graduation",2,43.00,"Display Ads",0
56,43020.00,"Graduation",2,43.00,"Email",1
67,53154.00,"Graduation",4,21.50,"Email",0
67,53154.00,"Graduation",4,21.50,"SMS",0
67,53154.00,"Graduation",4,21.50,"Social Media",0
67,53154.00,"Graduation",4,21.50,"Google Search Ads",0
67,53154.00,"Graduation",4,21.50,"Display Ads",0
67,53154.00,"Graduation",4,21.50,"Email",1
53,65308.00,"Graduation",4,21.50,"Email",0
53,65308.00,"Graduation",4,21.50,"SMS",0
53,65308.00,"Graduation",4,21.50,"Social Media",0
53,65308.00,"Graduation",4,21.50,"Google Search Ads",0
53,65308.00,"Graduation",4,21.50,"Display Ads",0
53,65308.00,"Graduation",4,21.50,"Email",1
56,76467.00,"Graduation",4,14.33,"Email",0
56,76467.00,"Graduation",4,14.33,"SMS",0
56,76467.00,"Graduation",4,14.33,"Social Media",0
56,76467.00,"Graduation",4,14.33,"Google Search Ads",0
56,76467.00,"Graduation",4,14.33,"Display Ads",0
56,76467.00,"Graduation",4,14.33,"Email",1
79,81044.00,"2n Cycle",4,14.33,"Email",0
79,81044.00,"2n Cycle",4,14.33,"SMS",0
79,81044.00,"2n Cycle",4,14.33,"Social Media",0
79,81044.00,"2n Cycle",4,14.33,"Google Search Ads",0
79,81044.00,"2n Cycle",4,14.33,"Display Ads",0
79,81044.00,"2n Cycle",4,14.33,"Email",1
75,32871.00,"Graduation",4,14.33,"Email",0
75,32871.00,"Graduation",4,14.33,"SMS",0
75,32871.00,"Graduation",4,14.33,"Social Media",0
75,32871.00,"Graduation",4,14.33,"Google Search Ads",0
75,32871.00,"Graduation",4,14.33,"Display Ads",0
75,32871.00,"Graduation",4,14.33,"Email",1
51,55801.00,"Graduation",4,14.33,"Email",0
51,55801.00,"Graduation",4,14.33,"SMS",0
51,55801.00,"Graduation",4,14.33,"Social Media",0
51,55801.00,"Graduation",4,14.33,"Google Search Ads",0
51,55801.00,"Graduation",4,14.33,"Display Ads",0
51,55801.00,"Graduation",4,14.33,"Email",1
67,76320.00,"Graduation",2,28.66,"Email",0
67,76320.00,"Graduation",2,28.66,"SMS",0
67,76320.00,"Graduation",2,28.66,"Social Media",0
67,76320.00,"Graduation",2,28.66,"Google Search Ads",0
67,76320.00,"Graduation",2,28.66,"Display Ads",0
67,76320.00,"Graduation",2,28.66,"Email",1
71,36927.00,"Master",2,28.66,"Email",0
71,36927.00,"Master",2,28.66,"SMS",0
71,36927.00,"Master",2,28.66,"Social Media",0
71,36927.00,"Master",2,28.66,"Google Search Ads",0
71,36927.00,"Master",2,28.66,"Display Ads",0
71,36927.00,"Master",2,28.66,"Email",1
73,48794.00,"Graduation",4,21.50,"Email",0
73,48794.00,"Graduation",4,21.50,"SMS",0
73,48794.00,"Graduation",4,21.50,"Social Media",0
73,48794.00,"Graduation",4,21.50,"Google Search Ads",0
73,48794.00,"Graduation",4,21.50,"Display Ads",0
73,48794.00,"Graduation",4,21.50,"Email",1
61,23478.00,"Graduation",4,14.33,"Email",0
61,23478.00,"Graduation",4,14.33,"SMS",0
61,23478.00,"Graduation",4,14.33,"Social Media",0
61,23478.00,"Graduation",4,14.33,"Google Search Ads",0
61,23478.00,"Graduation",4,14.33,"Display Ads",0
61,23478.00,"Graduation",4,14.33,"Email",1
53,71128.00,"Graduation",4,21.50,"Email",0
53,71128.00,"Graduation",4,21.50,"SMS",0
53,71128.00,"Graduation",4,21.50,"Social Media",0
53,71128.00,"Graduation",4,21.50,"Google Search Ads",0
53,71128.00,"Graduation",4,21.50,"Display Ads",0
53,71128.00,"Graduation",4,21.50,"Email",1
50,70179.00,"PhD",4,14.33,"Email",0
50,70179.00,"PhD",4,14.33,"SMS",0
50,70179.00,"PhD",4,14.33,"Social Media",0
50,70179.00,"PhD",4,14.33,"Google Search Ads",0
50,70179.00,"PhD",4,14.33,"Display Ads",0
50,70179.00,"PhD",4,14.33,"Email",1
76,59462.00,"Graduation",2,28.66,"Email",0
76,59462.00,"Graduation",2,28.66,"SMS",0
76,59462.00,"Graduation",2,28.66,"Social Media",0
76,59462.00,"Graduation",2,28.66,"Google Search Ads",0
76,59462.00,"Graduation",2,28.66,"Display Ads",0
76,59462.00,"Graduation",2,28.66,"Email",1
57,0.00,"Master",4,14.33,"Email",0
57,0.00,"Master",4,14.33,"SMS",0
57,0.00,"Master",4,14.33,"Social Media",0
57,0.00,"Master",4,14.33,"Google Search Ads",0
57,0.00,"Master",4,14.33,"Display Ads",0
57,0.00,"Master",4,14.33,"Email",1
57,38361.00,"Graduation",2,28.66,"Email",0
57,38361.00,"Graduation",2,28.66,"SMS",0
57,38361.00,"Graduation",2,28.66,"Social Media",0
57,38361.00,"Graduation",2,28.66,"Google Search Ads",0
57,38361.00,"Graduation",2,28.66,"Display Ads",0
57,38361.00,"Graduation",2,28.66,"Email",1
45,0.00,"PhD",4,14.33,"Email",0
45,0.00,"PhD",4,14.33,"SMS",0
45,0.00,"PhD",4,14.33,"Social Media",0
45,0.00,"PhD",4,14.33,"Google Search Ads",0
45,0.00,"PhD",4,14.33,"Display Ads",0
45,0.00,"PhD",4,14.33,"Email",1
44,70038.00,"PhD",4,14.33,"Email",0
44,70038.00,"PhD",4,14.33,"SMS",0
44,70038.00,"PhD",4,14.33,"Social Media",0
44,70038.00,"PhD",4,14.33,"Google Search Ads",0
44,70038.00,"PhD",4,14.33,"Display Ads",0
44,70038.00,"PhD",4,14.33,"Email",1
48,42554.00,"Graduation",2,28.66,"Email",0
48,42554.00,"Graduation",2,28.66,"SMS",0
48,42554.00,"Graduation",2,28.66,"Social Media",0
48,42554.00,"Graduation",2,28.66,"Google Search Ads",0
48,42554.00,"Graduation",2,28.66,"Display Ads",0
48,42554.00,"Graduation",2,28.66,"Email",1
52,67445.00,"Graduation",4,21.50,"Email",0
52,67445.00,"Graduation",4,21.50,"SMS",0
52,67445.00,"Graduation",4,21.50,"Social Media",0
52,67445.00,"Graduation",4,21.50,"Google Search Ads",0
52,67445.00,"Graduation",4,21.50,"Display Ads",0
52,67445.00,"Graduation",4,21.50,"Email",1
75,67046.00,"Graduation",4,21.50,"Email",0
75,67046.00,"Graduation",4,21.50,"SMS",0
75,67046.00,"Graduation",4,21.50,"Social Media",0
75,67046.00,"Graduation",4,21.50,"Google Search Ads",0
75,67046.00,"Graduation",4,21.50,"Display Ads",0
75,67046.00,"Graduation",4,21.50,"Email",1
78,42192.00,"Graduation",2,43.00,"Email",0
78,42192.00,"Graduation",2,43.00,"SMS",0
78,42192.00,"Graduation",2,43.00,"Social Media",0
78,42192.00,"Graduation",2,43.00,"Google Search Ads",0
78,42192.00,"Graduation",2,43.00,"Display Ads",0
78,42192.00,"Graduation",2,43.00,"Email",1
74,77610.00,"PhD",4,21.50,"Email",0
74,77610.00,"PhD",4,21.50,"SMS",0
74,77610.00,"PhD",4,21.50,"Social Media",0
74,77610.00,"PhD",4,21.50,"Google Search Ads",0
74,77610.00,"PhD",4,21.50,"Display Ads",0
74,77610.00,"PhD",4,21.50,"Email",1
42,31761.00,"Graduation",2,28.66,"Email",0
42,31761.00,"Graduation",2,28.66,"SMS",0
42,31761.00,"Graduation",2,28.66,"Social Media",0
42,31761.00,"Graduation",2,28.66,"Google Search Ads",0
42,31761.00,"Graduation",2,28.66,"Display Ads",0
42,31761.00,"Graduation",2,28.66,"Email",1
47,34350.00,"Graduation",4,14.33,"Email",0
47,34350.00,"Graduation",4,14.33,"SMS",0
47,34350.00,"Graduation",4,14.33,"Social Media",0
47,34350.00,"Graduation",4,14.33,"Google Search Ads",0
47,34350.00,"Graduation",4,14.33,"Display Ads",0
47,34350.00,"Graduation",4,14.33,"Email",1
77,54591.00,"Graduation",2,43.00,"Email",0
77,54591.00,"Graduation",2,43.00,"SMS",0
77,54591.00,"Graduation",2,43.00,"Social Media",0
77,54591.00,"Graduation",2,43.00,"Google Search Ads",0
77,54591.00,"Graduation",2,43.00,"Display Ads",0
77,54591.00,"Graduation",2,43.00,"Email",1
70,71866.00,"Graduation",2,43.00,"Email",0
70,71866.00,"Graduation",2,43.00,"SMS",0
70,71866.00,"Graduation",2,43.00,"Social Media",0
70,71866.00,"Graduation",2,43.00,"Google Search Ads",0
70,71866.00,"Graduation",2,43.00,"Display Ads",0
70,71866.00,"Graduation",2,43.00,"Email",1
57,25293.00,"Graduation",4,21.50,"Email",0
57,25293.00,"Graduation",4,21.50,"SMS",0
57,25293.00,"Graduation",4,21.50,"Social Media",0
57,25293.00,"Graduation",4,21.50,"Google Search Ads",0
57,25293.00,"Graduation",4,21.50,"Display Ads",0
57,25293.00,"Graduation",4,21.50,"Email",1
39,42000.00,"PhD",2,43.00,"Email",0
39,42000.00,"PhD",2,43.00,"SMS",0
39,42000.00,"PhD",2,43.00,"Social Media",0
39,42000.00,"PhD",2,43.00,"Google Search Ads",0
39,42000.00,"PhD",2,43.00,"Display Ads",0
39,42000.00,"PhD",2,43.00,"Email",1
43,69520.00,"Graduation",2,28.66,"Email",0
43,69520.00,"Graduation",2,28.66,"SMS",0
43,69520.00,"Graduation",2,28.66,"Social Media",0
43,69520.00,"Graduation",2,28.66,"Google Search Ads",0
43,69520.00,"Graduation",2,28.66,"Display Ads",0
43,69520.00,"Graduation",2,28.66,"Email",1
56,64713.00,"Graduation",2,43.00,"Email",0
56,64713.00,"Graduation",2,43.00,"SMS",0
56,64713.00,"Graduation",2,43.00,"Social Media",0
56,64713.00,"Graduation",2,43.00,"Google Search Ads",0
56,64713.00,"Graduation",2,43.00,"Display Ads",0
56,64713.00,"Graduation",2,43.00,"Email",1
49,27889.00,"Master",4,14.33,"Email",0
49,27889.00,"Master",4,14.33,"SMS",0
49,27889.00,"Master",4,14.33,"Social Media",0
49,27889.00,"Master",4,14.33,"Google Search Ads",0
49,27889.00,"Master",4,14.33,"Display Ads",0
49,27889.00,"Master",4,14.33,"Email",1
66,22123.00,"Basic",4,21.50,"Email",0
66,22123.00,"Basic",4,21.50,"SMS",0
66,22123.00,"Basic",4,21.50,"Social Media",0
66,22123.00,"Basic",4,21.50,"Google Search Ads",0
66,22123.00,"Basic",4,21.50,"Display Ads",0
66,22123.00,"Basic",4,21.50,"Email",1
55,0.00,"Graduation",2,43.00,"Email",0
55,0.00,"Graduation",2,43.00,"SMS",0
55,0.00,"Graduation",2,43.00,"Social Media",0
55,0.00,"Graduation",2,43.00,"Google Search Ads",0
55,0.00,"Graduation",2,43.00,"Display Ads",0
55,0.00,"Graduation",2,43.00,"Email",1
72,0.00,"Master",2,28.66,"Email",0
72,0.00,"Master",2,28.66,"SMS",0
72,0.00,"Master",2,28.66,"Social Media",0
72,0.00,"Master",2,28.66,"Google Search Ads",0
72,0.00,"Master",2,28.66,"Display Ads",0
72,0.00,"Master",2,28.66,"Email",1
53,27803.00,"Graduation",4,21.50,"Email",0
53,27803.00,"Graduation",4,21.50,"SMS",0
53,27803.00,"Graduation",4,21.50,"Social Media",0
53,27803.00,"Graduation",4,21.50,"Google Search Ads",0
53,27803.00,"Graduation",4,21.50,"Display Ads",0
53,27803.00,"Graduation",4,21.50,"Email",1
71,0.00,"Graduation",4,21.50,"Email",0
71,0.00,"Graduation",4,21.50,"SMS",0
71,0.00,"Graduation",4,21.50,"Social Media",0
71,0.00,"Graduation",4,21.50,"Google Search Ads",0
71,0.00,"Graduation",4,21.50,"Display Ads",0
71,0.00,"Graduation",4,21.50,"Email",1
66,51651.00,"Graduation",2,43.00,"Email",0
66,51651.00,"Graduation",2,43.00,"SMS",0
66,51651.00,"Graduation",2,43.00,"Social Media",0
66,51651.00,"Graduation",2,43.00,"Google Search Ads",0
66,51651.00,"Graduation",2,43.00,"Display Ads",0
66,51651.00,"Graduation",2,43.00,"Email",1
38,68487.00,"Graduation",2,43.00,"Email",0
38,68487.00,"Graduation",2,43.00,"SMS",0
38,68487.00,"Graduation",2,43.00,"Social Media",0
38,68487.00,"Graduation",2,43.00,"Google Search Ads",0
38,68487.00,"Graduation",2,43.00,"Display Ads",0
38,68487.00,"Graduation",2,43.00,"Email",1
83,0.00,"Master",4,21.50,"Email",0
83,0.00,"Master",4,21.50,"SMS",0
83,0.00,"Master",4,21.50,"Social Media",0
83,0.00,"Master",4,21.50,"Google Search Ads",0
83,0.00,"Master",4,21.50,"Display Ads",0
83,0.00,"Master",4,21.50,"Email",1
57,56796.00,"Graduation",4,21.50,"Email",0
57,56796.00,"Graduation",4,21.50,"SMS",0
57,56796.00,"Graduation",4,21.50,"Social Media",0
57,56796.00,"Graduation",4,21.50,"Google Search Ads",0
57,56796.00,"Graduation",4,21.50,"Display Ads",0
57,56796.00,"Graduation",4,21.50,"Email",1
34,87000.00,"2n Cycle",2,43.00,"Email",0
34,87000.00,"2n Cycle",2,43.00,"SMS",0
34,87000.00,"2n Cycle",2,43.00,"Social Media",0
34,87000.00,"2n Cycle",2,43.00,"Google Search Ads",0
34,87000.00,"2n Cycle",2,43.00,"Display Ads",0
34,87000.00,"2n Cycle",2,43.00,"Email",1
67,79823.00,"Graduation",4,21.50,"Email",0
67,79823.00,"Graduation",4,21.50,"SMS",0
67,79823.00,"Graduation",4,21.50,"Social Media",0
67,79823.00,"Graduation",4,21.50,"Google Search Ads",0
67,79823.00,"Graduation",4,21.50,"Display Ads",0
67,79823.00,"Graduation",4,21.50,"Email",1
46,30828.00,"Graduation",4,14.33,"Email",0
46,30828.00,"Graduation",4,14.33,"SMS",0
46,30828.00,"Graduation",4,14.33,"Social Media",0
46,30828.00,"Graduation",4,14.33,"Google Search Ads",0
46,30828.00,"Graduation",4,14.33,"Display Ads",0
46,30828.00,"Graduation",4,14.33,"Email",1
55,34109.00,"Master",4,14.33,"Email",0
55,34109.00,"Master",4,14.33,"SMS",0
55,34109.00,"Master",4,14.33,"Social Media",0
55,34109.00,"Master",4,14.33,"Google Search Ads",0
55,34109.00,"Master",4,14.33,"Display Ads",0
55,34109.00,"Master",4,14.33,"Email",1
52,53367.00,"Master",4,21.50,"Email",0
52,53367.00,"Master",4,21.50,"SMS",0
52,53367.00,"Master",4,21.50,"Social Media",0
52,53367.00,"Master",4,21.50,"Google Search Ads",0
52,53367.00,"Master",4,21.50,"Display Ads",0
52,53367.00,"Master",4,21.50,"Email",1
57,22390.00,"Basic",4,21.50,"Email",0
57,22390.00,"Basic",4,21.50,"SMS",0
57,22390.00,"Basic",4,21.50,"Social Media",0
57,22390.00,"Basic",4,21.50,"Google Search Ads",0
57,22390.00,"Basic",4,21.50,"Display Ads",0
57,22390.00,"Basic",4,21.50,"Email",1
50,71322.00,"Graduation",4,14.33,"Email",0
50,71322.00,"Graduation",4,14.33,"SMS",0
50,71322.00,"Graduation",4,14.33,"Social Media",0
50,71322.00,"Graduation",4,14.33,"Google Search Ads",0
50,71322.00,"Graduation",4,14.33,"Display Ads",0
50,71322.00,"Graduation",4,14.33,"Email",1
33,79244.00,"Graduation",2,28.66,"Email",0
33,79244.00,"Graduation",2,28.66,"SMS",0
33,79244.00,"Graduation",2,28.66,"Social Media",0
33,79244.00,"Graduation",2,28.66,"Google Search Ads",0
33,79244.00,"Graduation",2,28.66,"Display Ads",0
33,79244.00,"Graduation",2,28.66,"Email",1
77,49912.00,"Master",2,43.00,"Email",0
77,49912.00,"Master",2,43.00,"SMS",0
77,49912.00,"Master",2,43.00,"Social Media",0
77,49912.00,"Master",2,43.00,"Google Search Ads",0
77,49912.00,"Master",2,43.00,"Display Ads",0
77,49912.00,"Master",2,43.00,"Email",1
76,48699.00,"PhD",2,28.66,"Email",0
76,48699.00,"PhD",2,28.66,"SMS",0
76,48699.00,"PhD",2,28.66,"Social Media",0
76,48699.00,"PhD",2,28.66,"Google Search Ads",0
76,48699.00,"PhD",2,28.66,"Display Ads",0
76,48699.00,"PhD",2,28.66,"Email",1
51,80144.00,"Graduation",2,43.00,"Email",0
51,80144.00,"Graduation",2,43.00,"SMS",0
51,80144.00,"Graduation",2,43.00,"Social Media",0
51,80144.00,"Graduation",2,43.00,"Google Search Ads",0
51,80144.00,"Graduation",2,43.00,"Display Ads",0
51,80144.00,"Graduation",2,43.00,"Email",1
70,54252.00,"Graduation",4,14.33,"Email",0
70,54252.00,"Graduation",4,14.33,"SMS",0
70,54252.00,"Graduation",4,14.33,"Social Media",0
70,54252.00,"Graduation",4,14.33,"Google Search Ads",0
70,54252.00,"Graduation",4,14.33,"Display Ads",0
70,54252.00,"Graduation",4,14.33,"Email",1
50,81929.00,"Master",2,28.66,"Email",0
50,81929.00,"Master",2,28.66,"SMS",0
50,81929.00,"Master",2,28.66,"Social Media",0
50,81929.00,"Master",2,28.66,"Google Search Ads",0
50,81929.00,"Master",2,28.66,"Display Ads",0
50,81929.00,"Master",2,28.66,"Email",1
51,76068.00,"Graduation",2,43.00,"Email",0
51,76068.00,"Graduation",2,43.00,"SMS",0
51,76068.00,"Graduation",2,43.00,"Social Media",0
51,76068.00,"Graduation",2,43.00,"Google Search Ads",0
51,76068.00,"Graduation",2,43.00,"Display Ads",0
51,76068.00,"Graduation",2,43.00,"Email",1
50,53204.00,"Master",2,28.66,"Email",0
50,53204.00,"Master",2,28.66,"SMS",0
50,53204.00,"Master",2,28.66,"Social Media",0
50,53204.00,"Master",2,28.66,"Google Search Ads",0
50,53204.00,"Master",2,28.66,"Display Ads",0
50,53204.00,"Master",2,28.66,"Email",1
77,67911.00,"PhD",4,14.33,"Email",0
77,67911.00,"PhD",4,14.33,"SMS",0
77,67911.00,"PhD",4,14.33,"Social Media",0
77,67911.00,"PhD",4,14.33,"Google Search Ads",0
77,67911.00,"PhD",4,14.33,"Display Ads",0
77,67911.00,"PhD",4,14.33,"Email",1
42,14796.00,"2n Cycle",2,43.00,"Email",0
42,14796.00,"2n Cycle",2,43.00,"SMS",0
42,14796.00,"2n Cycle",2,43.00,"Social Media",0
42,14796.00,"2n Cycle",2,43.00,"Google Search Ads",0
42,14796.00,"2n Cycle",2,43.00,"Display Ads",0
42,14796.00,"2n Cycle",2,43.00,"Email",1
52,78128.00,"PhD",4,14.33,"Email",0
52,78128.00,"PhD",4,14.33,"SMS",0
52,78128.00,"PhD",4,14.33,"Social Media",0
52,78128.00,"PhD",4,14.33,"Google Search Ads",0
52,78128.00,"PhD",4,14.33,"Display Ads",0
52,78128.00,"PhD",4,14.33,"Email",1
54,14188.00,"Basic",2,28.66,"Email",0
54,14188.00,"Basic",2,28.66,"SMS",0
54,14188.00,"Basic",2,28.66,"Social Media",0
54,14188.00,"Basic",2,28.66,"Google Search Ads",0
54,14188.00,"Basic",2,28.66,"Display Ads",0
54,14188.00,"Basic",2,28.66,"Email",1
40,20425.00,"Basic",2,43.00,"Email",0
40,20425.00,"Basic",2,43.00,"SMS",0
40,20425.00,"Basic",2,43.00,"Social Media",0
40,20425.00,"Basic",2,43.00,"Google Search Ads",0
40,20425.00,"Basic",2,43.00,"Display Ads",0
40,20425.00,"Basic",2,43.00,"Email",1
64,58646.00,"Master",2,28.66,"Email",0
64,58646.00,"Master",2,28.66,"SMS",0
64,58646.00,"Master",2,28.66,"Social Media",0
64,58646.00,"Master",2,28.66,"Google Search Ads",0
64,58646.00,"Master",2,28.66,"Display Ads",0
64,58646.00,"Master",2,28.66,"Email",1
56,72967.00,"Graduation",4,21.50,"Email",0
56,72967.00,"Graduation",4,21.50,"SMS",0
56,72967.00,"Graduation",4,21.50,"Social Media",0
56,72967.00,"Graduation",4,21.50,"Google Search Ads",0
56,72967.00,"Graduation",4,21.50,"Display Ads",0
56,72967.00,"Graduation",4,21.50,"Email",1
77,48150.00,"Master",4,21.50,"Email",0
77,48150.00,"Master",4,21.50,"SMS",0
77,48150.00,"Master",4,21.50,"Social Media",0
77,48150.00,"Master",4,21.50,"Google Search Ads",0
77,48150.00,"Master",4,21.50,"Display Ads",0
77,48150.00,"Master",4,21.50,"Email",1
65,82332.00,"Graduation",4,14.33,"Email",0
65,82332.00,"Graduation",4,14.33,"SMS",0
65,82332.00,"Graduation",4,14.33,"Social Media",0
65,82332.00,"Graduation",4,14.33,"Google Search Ads",0
65,82332.00,"Graduation",4,14.33,"Display Ads",0
65,82332.00,"Graduation",4,14.33,"Email",1
71,58275.00,"Graduation",4,14.33,"Email",0
71,58275.00,"Graduation",4,14.33,"SMS",0
71,58275.00,"Graduation",4,14.33,"Social Media",0
71,58275.00,"Graduation",4,14.33,"Google Search Ads",0
71,58275.00,"Graduation",4,14.33,"Display Ads",0
71,58275.00,"Graduation",4,14.33,"Email",1
45,44953.00,"PhD",4,21.50,"Email",0
45,44953.00,"PhD",4,21.50,"SMS",0
45,44953.00,"PhD",4,21.50,"Social Media",0
45,44953.00,"PhD",4,21.50,"Google Search Ads",0
45,44953.00,"PhD",4,21.50,"Display Ads",0
45,44953.00,"PhD",4,21.50,"Email",1
73,34587.00,"Graduation",4,21.50,"Email",0
73,34587.00,"Graduation",4,21.50,"SMS",0
73,34587.00,"Graduation",4,21.50,"Social Media",0
73,34587.00,"Graduation",4,21.50,"Google Search Ads",0
73,34587.00,"Graduation",4,21.50,"Display Ads",0
73,34587.00,"Graduation",4,21.50,"Email",1
52,43018.00,"Master",2,43.00,"Email",0
52,43018.00,"Master",2,43.00,"SMS",0
52,43018.00,"Master",2,43.00,"Social Media",0
52,43018.00,"Master",2,43.00,"Google Search Ads",0
52,43018.00,"Master",2,43.00,"Display Ads",0
52,43018.00,"Master",2,43.00,"Email",1
72,45736.00,"Master",2,28.66,"Email",0
72,45736.00,"Master",2,28.66,"SMS",0
72,45736.00,"Master",2,28.66,"Social Media",0
72,45736.00,"Master",2,28.66,"Google Search Ads",0
72,45736.00,"Master",2,28.66,"Display Ads",0
72,45736.00,"Master",2,28.66,"Email",1
57,66476.00,"Master",2,28.66,"Email",0
57,66476.00,"Master",2,28.66,"SMS",0
57,66476.00,"Master",2,28.66,"Social Media",0
57,66476.00,"Master",2,28.66,"Google Search Ads",0
57,66476.00,"Master",2,28.66,"Display Ads",0
57,66476.00,"Master",2,28.66,"Email",1
45,27733.00,"2n Cycle",2,28.66,"Email",0
45,27733.00,"2n Cycle",2,28.66,"SMS",0
45,27733.00,"2n Cycle",2,28.66,"Social Media",0
45,27733.00,"2n Cycle",2,28.66,"Google Search Ads",0
45,27733.00,"2n Cycle",2,28.66,"Display Ads",0
45,27733.00,"2n Cycle",2,28.66,"Email",1
74,69805.00,"PhD",4,14.33,"Email",0
74,69805.00,"PhD",4,14.33,"SMS",0
74,69805.00,"PhD",4,14.33,"Social Media",0
74,69805.00,"PhD",4,14.33,"Google Search Ads",0
74,69805.00,"PhD",4,14.33,"Display Ads",0
74,69805.00,"PhD",4,14.33,"Email",1
64,72217.00,"Master",2,43.00,"Email",0
64,72217.00,"Master",2,43.00,"SMS",0
64,72217.00,"Master",2,43.00,"Social Media",0
64,72217.00,"Master",2,43.00,"Google Search Ads",0
64,72217.00,"Master",2,43.00,"Display Ads",0
64,72217.00,"Master",2,43.00,"Email",1
55,25818.00,"Graduation",2,43.00,"Email",0
55,25818.00,"Graduation",2,43.00,"SMS",0
55,25818.00,"Graduation",2,43.00,"Social Media",0
55,25818.00,"Graduation",2,43.00,"Google Search Ads",0
55,25818.00,"Graduation",2,43.00,"Display Ads",0
55,25818.00,"Graduation",2,43.00,"Email",1
50,37509.00,"Master",4,14.33,"Email",0
50,37509.00,"Master",4,14.33,"SMS",0
50,37509.00,"Master",4,14.33,"Social Media",0
50,37509.00,"Master",4,14.33,"Google Search Ads",0
50,37509.00,"Master",4,14.33,"Display Ads",0
50,37509.00,"Master",4,14.33,"Email",1
50,25176.00,"2n Cycle",2,28.66,"Email",0
50,25176.00,"2n Cycle",2,28.66,"SMS",0
50,25176.00,"2n Cycle",2,28.66,"Social Media",0
50,25176.00,"2n Cycle",2,28.66,"Google Search Ads",0
50,25176.00,"2n Cycle",2,28.66,"Display Ads",0
50,25176.00,"2n Cycle",2,28.66,"Email",1
46,43586.00,"Graduation",2,28.66,"Email",0
46,43586.00,"Graduation",2,28.66,"SMS",0
46,43586.00,"Graduation",2,28.66,"Social Media",0
46,43586.00,"Graduation",2,28.66,"Google Search Ads",0
46,43586.00,"Graduation",2,28.66,"Display Ads",0
46,43586.00,"Graduation",2,28.66,"Email",1
70,53230.00,"2n Cycle",4,14.33,"Email",0
70,53230.00,"2n Cycle",4,14.33,"SMS",0
70,53230.00,"2n Cycle",4,14.33,"Social Media",0
70,53230.00,"2n Cycle",4,14.33,"Google Search Ads",0
70,53230.00,"2n Cycle",4,14.33,"Display Ads",0
70,53230.00,"2n Cycle",4,14.33,"Email",1
69,50116.00,"Graduation",4,21.50,"Email",0
69,50116.00,"Graduation",4,21.50,"SMS",0
69,50116.00,"Graduation",4,21.50,"Social Media",0
69,50116.00,"Graduation",4,21.50,"Google Search Ads",0
69,50116.00,"Graduation",4,21.50,"Display Ads",0
69,50116.00,"Graduation",4,21.50,"Email",1
54,84906.00,"Graduation",4,21.50,"Email",0
54,84906.00,"Graduation",4,21.50,"SMS",0
54,84906.00,"Graduation",4,21.50,"Social Media",0
54,84906.00,"Graduation",4,21.50,"Google Search Ads",0
54,84906.00,"Graduation",4,21.50,"Display Ads",0
54,84906.00,"Graduation",4,21.50,"Email",1
60,61286.00,"Graduation",2,43.00,"Email",0
60,61286.00,"Graduation",2,43.00,"SMS",0
60,61286.00,"Graduation",2,43.00,"Social Media",0
60,61286.00,"Graduation",2,43.00,"Google Search Ads",0
60,61286.00,"Graduation",2,43.00,"Display Ads",0
60,61286.00,"Graduation",2,43.00,"Email",1
40,82333.00,"PhD",4,14.33,"Email",0
40,82333.00,"PhD",4,14.33,"SMS",0
40,82333.00,"PhD",4,14.33,"Social Media",0
40,82333.00,"PhD",4,14.33,"Google Search Ads",0
40,82333.00,"PhD",4,14.33,"Display Ads",0
40,82333.00,"PhD",4,14.33,"Email",1
61,65220.00,"PhD",2,28.66,"Email",0
61,65220.00,"PhD",2,28.66,"SMS",0
61,65220.00,"PhD",2,28.66,"Social Media",0
61,65220.00,"PhD",2,28.66,"Google Search Ads",0
61,65220.00,"PhD",2,28.66,"Display Ads",0
61,65220.00,"PhD",2,28.66,"Email",1
52,33590.00,"Graduation",2,28.66,"Email",0
52,33590.00,"Graduation",2,28.66,"SMS",0
52,33590.00,"Graduation",2,28.66,"Social Media",0
52,33590.00,"Graduation",2,28.66,"Google Search Ads",0
52,33590.00,"Graduation",2,28.66,"Display Ads",0
52,33590.00,"Graduation",2,28.66,"Email",1
50,30992.00,"Graduation",4,21.50,"Email",0
50,30992.00,"Graduation",4,21.50,"SMS",0
50,30992.00,"Graduation",4,21.50,"Social Media",0
50,30992.00,"Graduation",4,21.50,"Google Search Ads",0
50,30992.00,"Graduation",4,21.50,"Display Ads",0
50,30992.00,"Graduation",4,21.50,"Email",1
50,72309.00,"Master",4,21.50,"Email",0
50,72309.00,"Master",4,21.50,"SMS",0
50,72309.00,"Master",4,21.50,"Social Media",0
50,72309.00,"Master",4,21.50,"Google Search Ads",0
50,72309.00,"Master",4,21.50,"Display Ads",0
50,72309.00,"Master",4,21.50,"Email",1
77,156924.00,"PhD",2,43.00,"Email",0
77,156924.00,"PhD",2,43.00,"SMS",0
77,156924.00,"PhD",2,43.00,"Social Media",0
77,156924.00,"PhD",2,43.00,"Google Search Ads",0
77,156924.00,"PhD",2,43.00,"Display Ads",0
77,156924.00,"PhD",2,43.00,"Email",1
46,16005.00,"Basic",4,14.33,"Email",0
46,16005.00,"Basic",4,14.33,"SMS",0
46,16005.00,"Basic",4,14.33,"Social Media",0
46,16005.00,"Basic",4,14.33,"Google Search Ads",0
46,16005.00,"Basic",4,14.33,"Display Ads",0
46,16005.00,"Basic",4,14.33,"Email",1
69,65487.00,"Master",4,21.50,"Email",0
69,65487.00,"Master",4,21.50,"SMS",0
69,65487.00,"Master",4,21.50,"Social Media",0
69,65487.00,"Master",4,21.50,"Google Search Ads",0
69,65487.00,"Master",4,21.50,"Display Ads",0
69,65487.00,"Master",4,21.50,"Email",1
61,58692.00,"Graduation",2,28.66,"Email",0
61,58692.00,"Graduation",2,28.66,"SMS",0
61,58692.00,"Graduation",2,28.66,"Social Media",0
61,58692.00,"Graduation",2,28.66,"Google Search Ads",0
61,58692.00,"Graduation",2,28.66,"Display Ads",0
61,58692.00,"Graduation",2,28.66,"Email",1
57,40590.00,"Graduation",2,43.00,"Email",0
57,40590.00,"Graduation",2,43.00,"SMS",0
57,40590.00,"Graduation",2,43.00,"Social Media",0
57,40590.00,"Graduation",2,43.00,"Google Search Ads",0
57,40590.00,"Graduation",2,43.00,"Display Ads",0
57,40590.00,"Graduation",2,43.00,"Email",1
56,20587.00,"Graduation",4,21.50,"Email",0
56,20587.00,"Graduation",4,21.50,"SMS",0
56,20587.00,"Graduation",4,21.50,"Social Media",0
56,20587.00,"Graduation",4,21.50,"Google Search Ads",0
56,20587.00,"Graduation",4,21.50,"Display Ads",0
56,20587.00,"Graduation",4,21.50,"Email",1
72,62637.00,"Master",4,21.50,"Email",0
72,62637.00,"Master",4,21.50,"SMS",0
72,62637.00,"Master",4,21.50,"Social Media",0
72,62637.00,"Master",4,21.50,"Google Search Ads",0
72,62637.00,"Master",4,21.50,"Display Ads",0
72,62637.00,"Master",4,21.50,"Email",1
60,29435.00,"Master",4,21.50,"Email",0
60,29435.00,"Master",4,21.50,"SMS",0
60,29435.00,"Master",4,21.50,"Social Media",0
60,29435.00,"Master",4,21.50,"Google Search Ads",0
60,29435.00,"Master",4,21.50,"Display Ads",0
60,29435.00,"Master",4,21.50,"Email",1
52,19346.00,"Graduation",4,21.50,"Email",0
52,19346.00,"Graduation",4,21.50,"SMS",0
52,19346.00,"Graduation",4,21.50,"Social Media",0
52,19346.00,"Graduation",4,21.50,"Google Search Ads",0
52,19346.00,"Graduation",4,21.50,"Display Ads",0
52,19346.00,"Graduation",4,21.50,"Email",1
55,35788.00,"Graduation",2,43.00,"Email",0
55,35788.00,"Graduation",2,43.00,"SMS",0
55,35788.00,"Graduation",2,43.00,"Social Media",0
55,35788.00,"Graduation",2,43.00,"Google Search Ads",0
55,35788.00,"Graduation",2,43.00,"Display Ads",0
55,35788.00,"Graduation",2,43.00,"Email",1
58,36997.00,"Graduation",2,28.66,"Email",0
58,36997.00,"Graduation",2,28.66,"SMS",0
58,36997.00,"Graduation",2,28.66,"Social Media",0
58,36997.00,"Graduation",2,28.66,"Google Search Ads",0
58,36997.00,"Graduation",2,28.66,"Display Ads",0
58,36997.00,"Graduation",2,28.66,"Email",1
69,23539.00,"Graduation",2,43.00,"Email",0
69,23539.00,"Graduation",2,43.00,"SMS",0
69,23539.00,"Graduation",2,43.00,"Social Media",0
69,23539.00,"Graduation",2,43.00,"Google Search Ads",0
69,23539.00,"Graduation",2,43.00,"Display Ads",0
69,23539.00,"Graduation",2,43.00,"Email",1
53,65333.00,"Graduation",4,21.50,"Email",0
53,65333.00,"Graduation",4,21.50,"SMS",0
53,65333.00,"Graduation",4,21.50,"Social Media",0
53,65333.00,"Graduation",4,21.50,"Google Search Ads",0
53,65333.00,"Graduation",4,21.50,"Display Ads",0
53,65333.00,"Graduation",4,21.50,"Email",1
69,78499.00,"Graduation",2,28.66,"Email",0
69,78499.00,"Graduation",2,28.66,"SMS",0
69,78499.00,"Graduation",2,28.66,"Social Media",0
69,78499.00,"Graduation",2,28.66,"Google Search Ads",0
69,78499.00,"Graduation",2,28.66,"Display Ads",0
69,78499.00,"Graduation",2,28.66,"Email",1
55,29732.00,"PhD",2,43.00,"Email",0
55,29732.00,"PhD",2,43.00,"SMS",0
55,29732.00,"PhD",2,43.00,"Social Media",0
55,29732.00,"PhD",2,43.00,"Google Search Ads",0
55,29732.00,"PhD",2,43.00,"Display Ads",0
55,29732.00,"PhD",2,43.00,"Email",1
66,41275.00,"Master",4,21.50,"Email",0
66,41275.00,"Master",4,21.50,"SMS",0
66,41275.00,"Master",4,21.50,"Social Media",0
66,41275.00,"Master",4,21.50,"Google Search Ads",0
66,41275.00,"Master",4,21.50,"Display Ads",0
66,41275.00,"Master",4,21.50,"Email",1
53,63516.00,"PhD",4,14.33,"Email",0
53,63516.00,"PhD",4,14.33,"SMS",0
53,63516.00,"PhD",4,14.33,"Social Media",0
53,63516.00,"PhD",4,14.33,"Google Search Ads",0
53,63516.00,"PhD",4,14.33,"Display Ads",0
53,63516.00,"PhD",4,14.33,"Email",1
64,42769.00,"PhD",2,43.00,"Email",0
64,42769.00,"PhD",2,43.00,"SMS",0
64,42769.00,"PhD",2,43.00,"Social Media",0
64,42769.00,"PhD",2,43.00,"Google Search Ads",0
64,42769.00,"PhD",2,43.00,"Display Ads",0
64,42769.00,"PhD",2,43.00,"Email",1
68,49572.00,"Master",2,43.00,"Email",0
68,49572.00,"Master",2,43.00,"SMS",0
68,49572.00,"Master",2,43.00,"Social Media",0
68,49572.00,"Master",2,43.00,"Google Search Ads",0
68,49572.00,"Master",2,43.00,"Display Ads",0
68,49572.00,"Master",2,43.00,"Email",1
54,69209.00,"Graduation",2,28.66,"Email",0
54,69209.00,"Graduation",2,28.66,"SMS",0
54,69209.00,"Graduation",2,28.66,"Social Media",0
54,69209.00,"Graduation",2,28.66,"Google Search Ads",0
54,69209.00,"Graduation",2,28.66,"Display Ads",0
54,69209.00,"Graduation",2,28.66,"Email",1
50,17148.00,"Graduation",4,14.33,"Email",0
50,17148.00,"Graduation",4,14.33,"SMS",0
50,17148.00,"Graduation",4,14.33,"Social Media",0
50,17148.00,"Graduation",4,14.33,"Google Search Ads",0
50,17148.00,"Graduation",4,14.33,"Display Ads",0
50,17148.00,"Graduation",4,14.33,"Email",1
57,40590.00,"Graduation",4,21.50,"Email",0
57,40590.00,"Graduation",4,21.50,"SMS",0
57,40590.00,"Graduation",4,21.50,"Social Media",0
57,40590.00,"Graduation",4,21.50,"Google Search Ads",0
57,40590.00,"Graduation",4,21.50,"Display Ads",0
57,40590.00,"Graduation",4,21.50,"Email",1
50,30560.00,"Master",4,21.50,"Email",0
50,30560.00,"Master",4,21.50,"SMS",0
50,30560.00,"Master",4,21.50,"Social Media",0
50,30560.00,"Master",4,21.50,"Google Search Ads",0
50,30560.00,"Master",4,21.50,"Display Ads",0
50,30560.00,"Master",4,21.50,"Email",1
43,32146.00,"2n Cycle",2,43.00,"Email",0
43,32146.00,"2n Cycle",2,43.00,"SMS",0
43,32146.00,"2n Cycle",2,43.00,"Social Media",0
43,32146.00,"2n Cycle",2,43.00,"Google Search Ads",0
43,32146.00,"2n Cycle",2,43.00,"Display Ads",0
43,32146.00,"2n Cycle",2,43.00,"Email",1
62,41713.00,"2n Cycle",4,14.33,"Email",0
62,41713.00,"2n Cycle",4,14.33,"SMS",0
62,41713.00,"2n Cycle",4,14.33,"Social Media",0
62,41713.00,"2n Cycle",4,14.33,"Google Search Ads",0
62,41713.00,"2n Cycle",4,14.33,"Display Ads",0
62,41713.00,"2n Cycle",4,14.33,"Email",1
51,34176.00,"Master",4,14.33,"Email",0
51,34176.00,"Master",4,14.33,"SMS",0
51,34176.00,"Master",4,14.33,"Social Media",0
51,34176.00,"Master",4,14.33,"Google Search Ads",0
51,34176.00,"Master",4,14.33,"Display Ads",0
51,34176.00,"Master",4,14.33,"Email",1
71,58482.00,"PhD",4,21.50,"Email",0
71,58482.00,"PhD",4,21.50,"SMS",0
71,58482.00,"PhD",4,21.50,"Social Media",0
71,58482.00,"PhD",4,21.50,"Google Search Ads",0
71,58482.00,"PhD",4,21.50,"Display Ads",0
71,58482.00,"PhD",4,21.50,"Email",1
61,59686.00,"Graduation",2,43.00,"Email",0
61,59686.00,"Graduation",2,43.00,"SMS",0
61,59686.00,"Graduation",2,43.00,"Social Media",0
61,59686.00,"Graduation",2,43.00,"Google Search Ads",0
61,59686.00,"Graduation",2,43.00,"Display Ads",0
61,59686.00,"Graduation",2,43.00,"Email",1
62,60896.00,"PhD",4,21.50,"Email",0
62,60896.00,"PhD",4,21.50,"SMS",0
62,60896.00,"PhD",4,21.50,"Social Media",0
62,60896.00,"PhD",4,21.50,"Google Search Ads",0
62,60896.00,"PhD",4,21.50,"Display Ads",0
62,60896.00,"PhD",4,21.50,"Email",1
46,62994.00,"Graduation",2,28.66,"Email",0
46,62994.00,"Graduation",2,28.66,"SMS",0
46,62994.00,"Graduation",2,28.66,"Social Media",0
46,62994.00,"Graduation",2,28.66,"Google Search Ads",0
46,62994.00,"Graduation",2,28.66,"Display Ads",0
46,62994.00,"Graduation",2,28.66,"Email",1
69,47320.00,"Graduation",4,21.50,"Email",0
69,47320.00,"Graduation",4,21.50,"SMS",0
69,47320.00,"Graduation",4,21.50,"Social Media",0
69,47320.00,"Graduation",4,21.50,"Google Search Ads",0
69,47320.00,"Graduation",4,21.50,"Display Ads",0
69,47320.00,"Graduation",4,21.50,"Email",1
77,74859.00,"2n Cycle",2,43.00,"Email",0
77,74859.00,"2n Cycle",2,43.00,"SMS",0
77,74859.00,"2n Cycle",2,43.00,"Social Media",0
77,74859.00,"2n Cycle",2,43.00,"Google Search Ads",0
77,74859.00,"2n Cycle",2,43.00,"Display Ads",0
77,74859.00,"2n Cycle",2,43.00,"Email",1
34,15253.00,"Basic",4,14.33,"Email",0
34,15253.00,"Basic",4,14.33,"SMS",0
34,15253.00,"Basic",4,14.33,"Social Media",0
34,15253.00,"Basic",4,14.33,"Google Search Ads",0
34,15253.00,"Basic",4,14.33,"Display Ads",0
34,15253.00,"Basic",4,14.33,"Email",1
52,31560.00,"PhD",2,28.66,"Email",0
52,31560.00,"PhD",2,28.66,"SMS",0
52,31560.00,"PhD",2,28.66,"Social Media",0
52,31560.00,"PhD",2,28.66,"Google Search Ads",0
52,31560.00,"PhD",2,28.66,"Display Ads",0
52,31560.00,"PhD",2,28.66,"Email",1
72,72071.00,"Graduation",4,14.33,"Email",0
72,72071.00,"Graduation",4,14.33,"SMS",0
72,72071.00,"Graduation",4,14.33,"Social Media",0
72,72071.00,"Graduation",4,14.33,"Google Search Ads",0
72,72071.00,"Graduation",4,14.33,"Display Ads",0
72,72071.00,"Graduation",4,14.33,"Email",1
36,91172.00,"Master",2,28.66,"Email",0
36,91172.00,"Master",2,28.66,"SMS",0
36,91172.00,"Master",2,28.66,"Social Media",0
36,91172.00,"Master",2,28.66,"Google Search Ads",0
36,91172.00,"Master",2,28.66,"Display Ads",0
36,91172.00,"Master",2,28.66,"Email",1
42,90000.00,"Graduation",2,28.66,"Email",0
42,90000.00,"Graduation",2,28.66,"SMS",0
42,90000.00,"Graduation",2,28.66,"Social Media",0
42,90000.00,"Graduation",2,28.66,"Google Search Ads",0
42,90000.00,"Graduation",2,28.66,"Display Ads",0
42,90000.00,"Graduation",2,28.66,"Email",1
45,41967.00,"Graduation",4,14.33,"Email",0
45,41967.00,"Graduation",4,14.33,"SMS",0
45,41967.00,"Graduation",4,14.33,"Social Media",0
45,41967.00,"Graduation",4,14.33,"Google Search Ads",0
45,41967.00,"Graduation",4,14.33,"Display Ads",0
45,41967.00,"Graduation",4,14.33,"Email",1
61,69263.00,"Graduation",4,14.33,"Email",0
61,69263.00,"Graduation",4,14.33,"SMS",0
61,69263.00,"Graduation",4,14.33,"Social Media",0
61,69263.00,"Graduation",4,14.33,"Google Search Ads",0
61,69263.00,"Graduation",4,14.33,"Display Ads",0
61,69263.00,"Graduation",4,14.33,"Email",1
56,65706.00,"2n Cycle",2,28.66,"Email",0
56,65706.00,"2n Cycle",2,28.66,"SMS",0
56,65706.00,"2n Cycle",2,28.66,"Social Media",0
56,65706.00,"2n Cycle",2,28.66,"Google Search Ads",0
56,65706.00,"2n Cycle",2,28.66,"Display Ads",0
56,65706.00,"2n Cycle",2,28.66,"Email",1
51,60934.00,"Graduation",4,14.33,"Email",0
51,60934.00,"Graduation",4,14.33,"SMS",0
51,60934.00,"Graduation",4,14.33,"Social Media",0
51,60934.00,"Graduation",4,14.33,"Google Search Ads",0
51,60934.00,"Graduation",4,14.33,"Display Ads",0
51,60934.00,"Graduation",4,14.33,"Email",1
75,71965.00,"Graduation",2,28.66,"Email",0
75,71965.00,"Graduation",2,28.66,"SMS",0
75,71965.00,"Graduation",2,28.66,"Social Media",0
75,71965.00,"Graduation",2,28.66,"Google Search Ads",0
75,71965.00,"Graduation",2,28.66,"Display Ads",0
75,71965.00,"Graduation",2,28.66,"Email",1
71,65210.00,"Graduation",4,21.50,"Email",0
71,65210.00,"Graduation",4,21.50,"SMS",0
71,65210.00,"Graduation",4,21.50,"Social Media",0
71,65210.00,"Graduation",4,21.50,"Google Search Ads",0
71,65210.00,"Graduation",4,21.50,"Display Ads",0
71,65210.00,"Graduation",4,21.50,"Email",1
51,79174.00,"PhD",2,43.00,"Email",0
51,79174.00,"PhD",2,43.00,"SMS",0
51,79174.00,"PhD",2,43.00,"Social Media",0
51,79174.00,"PhD",2,43.00,"Google Search Ads",0
51,79174.00,"PhD",2,43.00,"Display Ads",0
51,79174.00,"PhD",2,43.00,"Email",1
59,81380.00,"Master",2,28.66,"Email",0
59,81380.00,"Master",2,28.66,"SMS",0
59,81380.00,"Master",2,28.66,"Social Media",0
59,81380.00,"Master",2,28.66,"Google Search Ads",0
59,81380.00,"Master",2,28.66,"Display Ads",0
59,81380.00,"Master",2,28.66,"Email",1
53,48432.00,"PhD",2,43.00,"Email",0
53,48432.00,"PhD",2,43.00,"SMS",0
53,48432.00,"PhD",2,43.00,"Social Media",0
53,48432.00,"PhD",2,43.00,"Google Search Ads",0
53,48432.00,"PhD",2,43.00,"Display Ads",0
53,48432.00,"PhD",2,43.00,"Email",1
55,52914.00,"Graduation",2,43.00,"Email",0
55,52914.00,"Graduation",2,43.00,"SMS",0
55,52914.00,"Graduation",2,43.00,"Social Media",0
55,52914.00,"Graduation",2,43.00,"Google Search Ads",0
55,52914.00,"Graduation",2,43.00,"Display Ads",0
55,52914.00,"Graduation",2,43.00,"Email",1
71,38946.00,"Graduation",2,28.66,"Email",0
71,38946.00,"Graduation",2,28.66,"SMS",0
71,38946.00,"Graduation",2,28.66,"Social Media",0
71,38946.00,"Graduation",2,28.66,"Google Search Ads",0
71,38946.00,"Graduation",2,28.66,"Display Ads",0
71,38946.00,"Graduation",2,28.66,"Email",1
52,26067.00,"Graduation",2,43.00,"Email",0
52,26067.00,"Graduation",2,43.00,"SMS",0
52,26067.00,"Graduation",2,43.00,"Social Media",0
52,26067.00,"Graduation",2,43.00,"Google Search Ads",0
52,26067.00,"Graduation",2,43.00,"Display Ads",0
52,26067.00,"Graduation",2,43.00,"Email",1
54,44325.00,"PhD",2,43.00,"Email",0
54,44325.00,"PhD",2,43.00,"SMS",0
54,44325.00,"PhD",2,43.00,"Social Media",0
54,44325.00,"PhD",2,43.00,"Google Search Ads",0
54,44325.00,"PhD",2,43.00,"Display Ads",0
54,44325.00,"PhD",2,43.00,"Email",1
62,42523.00,"Graduation",4,14.33,"Email",0
62,42523.00,"Graduation",4,14.33,"SMS",0
62,42523.00,"Graduation",4,14.33,"Social Media",0
62,42523.00,"Graduation",4,14.33,"Google Search Ads",0
62,42523.00,"Graduation",4,14.33,"Display Ads",0
62,42523.00,"Graduation",4,14.33,"Email",1
48,26487.00,"Basic",4,14.33,"Email",0
48,26487.00,"Basic",4,14.33,"SMS",0
48,26487.00,"Basic",4,14.33,"Social Media",0
48,26487.00,"Basic",4,14.33,"Google Search Ads",0
48,26487.00,"Basic",4,14.33,"Display Ads",0
48,26487.00,"Basic",4,14.33,"Email",1
69,53233.00,"2n Cycle",4,21.50,"Email",0
69,53233.00,"2n Cycle",4,21.50,"SMS",0
69,53233.00,"2n Cycle",4,21.50,"Social Media",0
69,53233.00,"2n Cycle",4,21.50,"Google Search Ads",0
69,53233.00,"2n Cycle",4,21.50,"Display Ads",0
69,53233.00,"2n Cycle",4,21.50,"Email",1
66,67716.00,"Graduation",2,28.66,"Email",0
66,67716.00,"Graduation",2,28.66,"SMS",0
66,67716.00,"Graduation",2,28.66,"Social Media",0
66,67716.00,"Graduation",2,28.66,"Google Search Ads",0
66,67716.00,"Graduation",2,28.66,"Display Ads",0
66,67716.00,"Graduation",2,28.66,"Email",1
54,76234.00,"Master",2,28.66,"Email",0
54,76234.00,"Master",2,28.66,"SMS",0
54,76234.00,"Master",2,28.66,"Social Media",0
54,76234.00,"Master",2,28.66,"Google Search Ads",0
54,76234.00,"Master",2,28.66,"Display Ads",0
54,76234.00,"Master",2,28.66,"Email",1
70,84117.00,"PhD",4,14.33,"Email",0
70,84117.00,"PhD",4,14.33,"SMS",0
70,84117.00,"PhD",4,14.33,"Social Media",0
70,84117.00,"PhD",4,14.33,"Google Search Ads",0
70,84117.00,"PhD",4,14.33,"Display Ads",0
70,84117.00,"PhD",4,14.33,"Email",1
69,65487.00,"Master",2,43.00,"Email",0
69,65487.00,"Master",2,43.00,"SMS",0
69,65487.00,"Master",2,43.00,"Social Media",0
69,65487.00,"Master",2,43.00,"Google Search Ads",0
69,65487.00,"Master",2,43.00,"Display Ads",0
69,65487.00,"Master",2,43.00,"Email",1
54,25224.00,"Basic",2,28.66,"Email",0
54,25224.00,"Basic",2,28.66,"SMS",0
54,25224.00,"Basic",2,28.66,"Social Media",0
54,25224.00,"Basic",2,28.66,"Google Search Ads",0
54,25224.00,"Basic",2,28.66,"Display Ads",0
54,25224.00,"Basic",2,28.66,"Email",1
43,89616.00,"Master",2,28.66,"Email",0
43,89616.00,"Master",2,28.66,"SMS",0
43,89616.00,"Master",2,28.66,"Social Media",0
43,89616.00,"Master",2,28.66,"Google Search Ads",0
43,89616.00,"Master",2,28.66,"Display Ads",0
43,89616.00,"Master",2,28.66,"Email",1
55,40851.00,"Graduation",2,28.66,"Email",0
55,40851.00,"Graduation",2,28.66,"SMS",0
55,40851.00,"Graduation",2,28.66,"Social Media",0
55,40851.00,"Graduation",2,28.66,"Google Search Ads",0
55,40851.00,"Graduation",2,28.66,"Display Ads",0
55,40851.00,"Graduation",2,28.66,"Email",1
79,27469.00,"Graduation",2,43.00,"Email",0
79,27469.00,"Graduation",2,43.00,"SMS",0
79,27469.00,"Graduation",2,43.00,"Social Media",0
79,27469.00,"Graduation",2,43.00,"Google Search Ads",0
79,27469.00,"Graduation",2,43.00,"Display Ads",0
79,27469.00,"Graduation",2,43.00,"Email",1
69,82347.00,"2n Cycle",4,21.50,"Email",0
69,82347.00,"2n Cycle",4,21.50,"SMS",0
69,82347.00,"2n Cycle",4,21.50,"Social Media",0
69,82347.00,"2n Cycle",4,21.50,"Google Search Ads",0
69,82347.00,"2n Cycle",4,21.50,"Display Ads",0
69,82347.00,"2n Cycle",4,21.50,"Email",1
69,73803.00,"Graduation",2,43.00,"Email",0
69,73803.00,"Graduation",2,43.00,"SMS",0
69,73803.00,"Graduation",2,43.00,"Social Media",0
69,73803.00,"Graduation",2,43.00,"Google Search Ads",0
69,73803.00,"Graduation",2,43.00,"Display Ads",0
69,73803.00,"Graduation",2,43.00,"Email",1
74,8820.00,"Master",2,28.66,"Email",0
74,8820.00,"Master",2,28.66,"SMS",0
74,8820.00,"Master",2,28.66,"Social Media",0
74,8820.00,"Master",2,28.66,"Google Search Ads",0
74,8820.00,"Master",2,28.66,"Display Ads",0
74,8820.00,"Master",2,28.66,"Email",1
52,43322.00,"Graduation",2,28.66,"Email",0
52,43322.00,"Graduation",2,28.66,"SMS",0
52,43322.00,"Graduation",2,28.66,"Social Media",0
52,43322.00,"Graduation",2,28.66,"Google Search Ads",0
52,43322.00,"Graduation",2,28.66,"Display Ads",0
52,43322.00,"Graduation",2,28.66,"Email",1
53,55593.00,"Graduation",2,43.00,"Email",0
53,55593.00,"Graduation",2,43.00,"SMS",0
53,55593.00,"Graduation",2,43.00,"Social Media",0
53,55593.00,"Graduation",2,43.00,"Google Search Ads",0
53,55593.00,"Graduation",2,43.00,"Display Ads",0
53,55593.00,"Graduation",2,43.00,"Email",1
72,50501.00,"Graduation",4,14.33,"Email",0
72,50501.00,"Graduation",4,14.33,"SMS",0
72,50501.00,"Graduation",4,14.33,"Social Media",0
72,50501.00,"Graduation",4,14.33,"Google Search Ads",0
72,50501.00,"Graduation",4,14.33,"Display Ads",0
72,50501.00,"Graduation",4,14.33,"Email",1
51,37085.00,"Graduation",4,21.50,"Email",0
51,37085.00,"Graduation",4,21.50,"SMS",0
51,37085.00,"Graduation",4,21.50,"Social Media",0
51,37085.00,"Graduation",4,21.50,"Google Search Ads",0
51,37085.00,"Graduation",4,21.50,"Display Ads",0
51,37085.00,"Graduation",4,21.50,"Email",1
36,16185.00,"Basic",4,14.33,"Email",0
36,16185.00,"Basic",4,14.33,"SMS",0
36,16185.00,"Basic",4,14.33,"Social Media",0
36,16185.00,"Basic",4,14.33,"Google Search Ads",0
36,16185.00,"Basic",4,14.33,"Display Ads",0
36,16185.00,"Basic",4,14.33,"Email",1
57,57731.00,"Graduation",4,21.50,"Email",0
57,57731.00,"Graduation",4,21.50,"SMS",0
57,57731.00,"Graduation",4,21.50,"Social Media",0
57,57731.00,"Graduation",4,21.50,"Google Search Ads",0
57,57731.00,"Graduation",4,21.50,"Display Ads",0
57,57731.00,"Graduation",4,21.50,"Email",1
53,48432.00,"PhD",2,43.00,"Email",0
53,48432.00,"PhD",2,43.00,"SMS",0
53,48432.00,"PhD",2,43.00,"Social Media",0
53,48432.00,"PhD",2,43.00,"Google Search Ads",0
53,48432.00,"PhD",2,43.00,"Display Ads",0
53,48432.00,"PhD",2,43.00,"Email",1
48,73807.00,"Graduation",4,14.33,"Email",0
48,73807.00,"Graduation",4,14.33,"SMS",0
48,73807.00,"Graduation",4,14.33,"Social Media",0
48,73807.00,"Graduation",4,14.33,"Google Search Ads",0
48,73807.00,"Graduation",4,14.33,"Display Ads",0
48,73807.00,"Graduation",4,14.33,"Email",1
36,18929.00,"Graduation",4,21.50,"Email",0
36,18929.00,"Graduation",4,21.50,"SMS",0
36,18929.00,"Graduation",4,21.50,"Social Media",0
36,18929.00,"Graduation",4,21.50,"Google Search Ads",0
36,18929.00,"Graduation",4,21.50,"Display Ads",0
36,18929.00,"Graduation",4,21.50,"Email",1
58,35893.00,"Graduation",2,43.00,"Email",0
58,35893.00,"Graduation",2,43.00,"SMS",0
58,35893.00,"Graduation",2,43.00,"Social Media",0
58,35893.00,"Graduation",2,43.00,"Google Search Ads",0
58,35893.00,"Graduation",2,43.00,"Display Ads",0
58,35893.00,"Graduation",2,43.00,"Email",1
46,61014.00,"Graduation",4,21.50,"Email",0
46,61014.00,"Graduation",4,21.50,"SMS",0
46,61014.00,"Graduation",4,21.50,"Social Media",0
46,61014.00,"Graduation",4,21.50,"Google Search Ads",0
46,61014.00,"Graduation",4,21.50,"Display Ads",0
46,61014.00,"Graduation",4,21.50,"Email",1
72,32144.00,"Graduation",2,28.66,"Email",0
72,32144.00,"Graduation",2,28.66,"SMS",0
72,32144.00,"Graduation",2,28.66,"Social Media",0
72,32144.00,"Graduation",2,28.66,"Google Search Ads",0
72,32144.00,"Graduation",2,28.66,"Display Ads",0
72,32144.00,"Graduation",2,28.66,"Email",1
63,14918.00,"Basic",2,28.66,"Email",0
63,14918.00,"Basic",2,28.66,"SMS",0
63,14918.00,"Basic",2,28.66,"Social Media",0
63,14918.00,"Basic",2,28.66,"Google Search Ads",0
63,14918.00,"Basic",2,28.66,"Display Ads",0
63,14918.00,"Basic",2,28.66,"Email",1
63,45146.00,"Graduation",2,43.00,"Email",0
63,45146.00,"Graduation",2,43.00,"SMS",0
63,45146.00,"Graduation",2,43.00,"Social Media",0
63,45146.00,"Graduation",2,43.00,"Google Search Ads",0
63,45146.00,"Graduation",2,43.00,"Display Ads",0
63,45146.00,"Graduation",2,43.00,"Email",1
71,41769.00,"2n Cycle",4,14.33,"Email",0
71,41769.00,"2n Cycle",4,14.33,"SMS",0
71,41769.00,"2n Cycle",4,14.33,"Social Media",0
71,41769.00,"2n Cycle",4,14.33,"Google Search Ads",0
71,41769.00,"2n Cycle",4,14.33,"Display Ads",0
71,41769.00,"2n Cycle",4,14.33,"Email",1
45,88325.00,"Graduation",4,21.50,"Email",0
45,88325.00,"Graduation",4,21.50,"SMS",0
45,88325.00,"Graduation",4,21.50,"Social Media",0
45,88325.00,"Graduation",4,21.50,"Google Search Ads",0
45,88325.00,"Graduation",4,21.50,"Display Ads",0
45,88325.00,"Graduation",4,21.50,"Email",1
76,38054.00,"Master",2,43.00,"Email",0
76,38054.00,"Master",2,43.00,"SMS",0
76,38054.00,"Master",2,43.00,"Social Media",0
76,38054.00,"Master",2,43.00,"Google Search Ads",0
76,38054.00,"Master",2,43.00,"Display Ads",0
76,38054.00,"Master",2,43.00,"Email",1
31,80617.00,"2n Cycle",4,14.33,"Email",0
31,80617.00,"2n Cycle",4,14.33,"SMS",0
31,80617.00,"2n Cycle",4,14.33,"Social Media",0
31,80617.00,"2n Cycle",4,14.33,"Google Search Ads",0
31,80617.00,"2n Cycle",4,14.33,"Display Ads",0
31,80617.00,"2n Cycle",4,14.33,"Email",1
50,5305.00,"Graduation",4,21.50,"Email",0
50,5305.00,"Graduation",4,21.50,"SMS",0
50,5305.00,"Graduation",4,21.50,"Social Media",0
50,5305.00,"Graduation",4,21.50,"Google Search Ads",0
50,5305.00,"Graduation",4,21.50,"Display Ads",0
50,5305.00,"Graduation",4,21.50,"Email",1
72,36807.00,"Graduation",2,43.00,"Email",0
72,36807.00,"Graduation",2,43.00,"SMS",0
72,36807.00,"Graduation",2,43.00,"Social Media",0
72,36807.00,"Graduation",2,43.00,"Google Search Ads",0
72,36807.00,"Graduation",2,43.00,"Display Ads",0
72,36807.00,"Graduation",2,43.00,"Email",1
43,28427.00,"Graduation",4,21.50,"Email",0
43,28427.00,"Graduation",4,21.50,"SMS",0
43,28427.00,"Graduation",4,21.50,"Social Media",0
43,28427.00,"Graduation",4,21.50,"Google Search Ads",0
43,28427.00,"Graduation",4,21.50,"Display Ads",0
43,28427.00,"Graduation",4,21.50,"Email",1
78,82032.00,"PhD",4,14.33,"Email",0
78,82032.00,"PhD",4,14.33,"SMS",0
78,82032.00,"PhD",4,14.33,"Social Media",0
78,82032.00,"PhD",4,14.33,"Google Search Ads",0
78,82032.00,"PhD",4,14.33,"Display Ads",0
78,82032.00,"PhD",4,14.33,"Email",1
48,22775.00,"Graduation",2,28.66,"Email",0
48,22775.00,"Graduation",2,28.66,"SMS",0
48,22775.00,"Graduation",2,28.66,"Social Media",0
48,22775.00,"Graduation",2,28.66,"Google Search Ads",0
48,22775.00,"Graduation",2,28.66,"Display Ads",0
48,22775.00,"Graduation",2,28.66,"Email",1
41,40101.00,"Master",2,28.66,"Email",0
41,40101.00,"Master",2,28.66,"SMS",0
41,40101.00,"Master",2,28.66,"Social Media",0
41,40101.00,"Master",2,28.66,"Google Search Ads",0
41,40101.00,"Master",2,28.66,"Display Ads",0
41,40101.00,"Master",2,28.66,"Email",1
47,58025.00,"Graduation",4,14.33,"Email",0
47,58025.00,"Graduation",4,14.33,"SMS",0
47,58025.00,"Graduation",4,14.33,"Social Media",0
47,58025.00,"Graduation",4,14.33,"Google Search Ads",0
47,58025.00,"Graduation",4,14.33,"Display Ads",0
47,58025.00,"Graduation",4,14.33,"Email",1
44,75777.00,"Master",2,28.66,"Email",0
44,75777.00,"Master",2,28.66,"SMS",0
44,75777.00,"Master",2,28.66,"Social Media",0
44,75777.00,"Master",2,28.66,"Google Search Ads",0
44,75777.00,"Master",2,28.66,"Display Ads",0
44,75777.00,"Master",2,28.66,"Email",1
47,7500.00,"2n Cycle",2,28.66,"Email",0
47,7500.00,"2n Cycle",2,28.66,"SMS",0
47,7500.00,"2n Cycle",2,28.66,"Social Media",0
47,7500.00,"2n Cycle",2,28.66,"Google Search Ads",0
47,7500.00,"2n Cycle",2,28.66,"Display Ads",0
47,7500.00,"2n Cycle",2,28.66,"Email",1
63,33562.00,"Master",2,28.66,"Email",0
63,33562.00,"Master",2,28.66,"SMS",0
63,33562.00,"Master",2,28.66,"Social Media",0
63,33562.00,"Master",2,28.66,"Google Search Ads",0
63,33562.00,"Master",2,28.66,"Display Ads",0
63,33562.00,"Master",2,28.66,"Email",1
56,57642.00,"PhD",4,21.50,"Email",0
56,57642.00,"PhD",4,21.50,"SMS",0
56,57642.00,"PhD",4,21.50,"Social Media",0
56,57642.00,"PhD",4,21.50,"Google Search Ads",0
56,57642.00,"PhD",4,21.50,"Display Ads",0
56,57642.00,"PhD",4,21.50,"Email",1
58,58554.00,"Graduation",4,21.50,"Email",0
58,58554.00,"Graduation",4,21.50,"SMS",0
58,58554.00,"Graduation",4,21.50,"Social Media",0
58,58554.00,"Graduation",4,21.50,"Google Search Ads",0
58,58554.00,"Graduation",4,21.50,"Display Ads",0
58,58554.00,"Graduation",4,21.50,"Email",1
47,63777.00,"Graduation",4,21.50,"Email",0
47,63777.00,"Graduation",4,21.50,"SMS",0
47,63777.00,"Graduation",4,21.50,"Social Media",0
47,63777.00,"Graduation",4,21.50,"Google Search Ads",0
47,63777.00,"Graduation",4,21.50,"Display Ads",0
47,63777.00,"Graduation",4,21.50,"Email",1
64,57967.00,"Graduation",4,21.50,"Email",0
64,57967.00,"Graduation",4,21.50,"SMS",0
64,57967.00,"Graduation",4,21.50,"Social Media",0
64,57967.00,"Graduation",4,21.50,"Google Search Ads",0
64,57967.00,"Graduation",4,21.50,"Display Ads",0
64,57967.00,"Graduation",4,21.50,"Email",1
48,0.00,"2n Cycle",2,43.00,"Email",0
48,0.00,"2n Cycle",2,43.00,"SMS",0
48,0.00,"2n Cycle",2,43.00,"Social Media",0
48,0.00,"2n Cycle",2,43.00,"Google Search Ads",0
48,0.00,"2n Cycle",2,43.00,"Display Ads",0
48,0.00,"2n Cycle",2,43.00,"Email",1
54,24434.00,"Graduation",4,14.33,"Email",0
54,24434.00,"Graduation",4,14.33,"SMS",0
54,24434.00,"Graduation",4,14.33,"Social Media",0
54,24434.00,"Graduation",4,14.33,"Google Search Ads",0
54,24434.00,"Graduation",4,14.33,"Display Ads",0
54,24434.00,"Graduation",4,14.33,"Email",1
42,11012.00,"Graduation",2,28.66,"Email",0
42,11012.00,"Graduation",2,28.66,"SMS",0
42,11012.00,"Graduation",2,28.66,"Social Media",0
42,11012.00,"Graduation",2,28.66,"Google Search Ads",0
42,11012.00,"Graduation",2,28.66,"Display Ads",0
42,11012.00,"Graduation",2,28.66,"Email",1
56,44802.00,"Master",2,28.66,"Email",0
56,44802.00,"Master",2,28.66,"SMS",0
56,44802.00,"Master",2,28.66,"Social Media",0
56,44802.00,"Master",2,28.66,"Google Search Ads",0
56,44802.00,"Master",2,28.66,"Display Ads",0
56,44802.00,"Master",2,28.66,"Email",1
40,26816.00,"Graduation",4,21.50,"Email",0
40,26816.00,"Graduation",4,21.50,"SMS",0
40,26816.00,"Graduation",4,21.50,"Social Media",0
40,26816.00,"Graduation",4,21.50,"Google Search Ads",0
40,26816.00,"Graduation",4,21.50,"Display Ads",0
40,26816.00,"Graduation",4,21.50,"Email",1
49,666666.00,"Graduation",2,43.00,"Email",0
49,666666.00,"Graduation",2,43.00,"SMS",0
49,666666.00,"Graduation",2,43.00,"Social Media",0
49,666666.00,"Graduation",2,43.00,"Google Search Ads",0
49,666666.00,"Graduation",2,43.00,"Display Ads",0
49,666666.00,"Graduation",2,43.00,"Email",1
52,34421.00,"Graduation",4,14.33,"Email",0
52,34421.00,"Graduation",4,14.33,"SMS",0
52,34421.00,"Graduation",4,14.33,"Social Media",0
52,34421.00,"Graduation",4,14.33,"Google Search Ads",0
52,34421.00,"Graduation",4,14.33,"Display Ads",0
52,34421.00,"Graduation",4,14.33,"Email",1
59,61223.00,"Graduation",2,43.00,"Email",0
59,61223.00,"Graduation",2,43.00,"SMS",0
59,61223.00,"Graduation",2,43.00,"Social Media",0
59,61223.00,"Graduation",2,43.00,"Google Search Ads",0
59,61223.00,"Graduation",2,43.00,"Display Ads",0
59,61223.00,"Graduation",2,43.00,"Email",1
80,64014.00,"PhD",2,43.00,"Email",0
80,64014.00,"PhD",2,43.00,"SMS",0
80,64014.00,"PhD",2,43.00,"Social Media",0
80,64014.00,"PhD",2,43.00,"Google Search Ads",0
80,64014.00,"PhD",2,43.00,"Display Ads",0
80,64014.00,"PhD",2,43.00,"Email",1
45,56981.00,"Graduation",4,21.50,"Email",0
45,56981.00,"Graduation",4,21.50,"SMS",0
45,56981.00,"Graduation",4,21.50,"Social Media",0
45,56981.00,"Graduation",4,21.50,"Google Search Ads",0
45,56981.00,"Graduation",4,21.50,"Display Ads",0
45,56981.00,"Graduation",4,21.50,"Email",1
70,69245.00,"Master",4,21.50,"Email",0
70,69245.00,"Master",4,21.50,"SMS",0
70,69245.00,"Master",4,21.50,"Social Media",0
70,69245.00,"Master",4,21.50,"Google Search Ads",0
70,69245.00,"Master",4,21.50,"Display Ads",0
70,69245.00,"Master",4,21.50,"Email",1
72,52869.00,"PhD",4,21.50,"Email",0
72,52869.00,"PhD",4,21.50,"SMS",0
72,52869.00,"PhD",4,21.50,"Social Media",0
72,52869.00,"PhD",4,21.50,"Google Search Ads",0
72,52869.00,"PhD",4,21.50,"Display Ads",0
72,52869.00,"PhD",4,21.50,"Email",1
